Iteration	Posterior	Likelihood	Prior	rate_log_sd	root_freqs[1]	root_freqs[2]	tree_length
0	-1487.225	-1582.078	94.85256	0.5476682	0.533417	0.466583	5.735722
6	-1487.141	-1582.126	94.98544	0.3249349	0.57154	0.42846	5.784923
12	-1496.726	-1591.899	95.17306	0.1373121	0.583331	0.416669	5.784923
18	-1492.066	-1586.741	94.6741	0.4251813	0.44914	0.55086	5.900348
24	-1488.565	-1585.176	96.6114	0.6279352	0.421509	0.578491	4.718569
30	-1494.5	-1590.644	96.14418	0.7803395	0.535102	0.464898	4.894251
36	-1497.382	-1595.128	97.74634	0.7616303	0.566056	0.433944	4.00188
42	-1480.856	-1577.981	97.1244	0.7616303	0.566056	0.433944	4.355146
48	-1477.852	-1575.038	97.18561	0.8248218	0.438456	0.561544	4.284805
54	-1486.071	-1581.214	95.14227	0.7373556	0.325266	0.674734	5.472538
60	-1490.989	-1585.812	94.82273	0.4463961	0.487483	0.512517	5.807492
66	-1500.018	-1594.608	94.59055	0.7141101	0.437726	0.562274	5.788047
72	-1488.929	-1585.073	96.14392	0.6380764	0.505242	0.494758	4.973549
78	-1482.037	-1578.543	96.50578	0.9101125	0.516721	0.483279	4.6197
84	-1484.464	-1580.919	96.45478	0.9611119	0.436192	0.563808	4.6197
90	-1496.492	-1592.197	95.70534	0.7358185	0.477032	0.522968	5.162626
96	-1493.212	-1588.05	94.83768	0.6669969	0.460103	0.539897	5.678485
102	-1489.465	-1585.85	96.385	0.6159783	0.570605	0.429395	4.851651
108	-1487.106	-1582.865	95.75979	0.7176743	0.514786	0.485214	5.142521
114	-1487.322	-1582.138	94.81568	0.669876	0.469046	0.530954	5.688968
120	-1484.987	-1579.851	94.86411	0.6214469	0.469046	0.530954	5.688968
126	-1487.284	-1583.202	95.91842	0.7897069	0.464923	0.535077	5.014593
132	-1487.886	-1582.428	94.54199	0.535627	0.464923	0.535077	5.912178
138	-1483.431	-1578.208	94.77672	0.5869082	0.54046	0.45954	5.755769
144	-1504.838	-1602.341	97.50243	0.6842469	0.482492	0.517508	4.184881
150	-1492.899	-1589.092	96.19286	0.6123519	0.504506	0.495494	4.960641
156	-1490.889	-1588.481	97.59226	0.8622138	0.604436	0.395564	4.032428
162	-1489.146	-1584.983	95.83758	0.7113556	0.427999	0.572001	5.102918
168	-1489.547	-1585.16	95.6132	0.7633899	0.468612	0.531388	5.19836
174	-1491.499	-1588.75	97.25094	0.8275535	0.468612	0.531388	4.246256
180	-1495.384	-1590.833	95.44829	0.4992503	0.396638	0.603362	5.435157
186	-1493.914	-1589.033	95.11894	0.3689613	0.371847	0.628153	5.687681
192	-1489.575	-1585.281	95.70633	0.4755894	0.40197	0.59803	5.305937
198	-1489.686	-1585.257	95.57088	0.7038273	0.464547	0.535453	5.254689
204	-1497.403	-1592.637	95.23473	0.1849342	0.47024	0.52976	5.725079
210	-1488.648	-1584.285	95.63721	0.7282919	0.453005	0.546995	5.20449
216	-1486.572	-1581.143	94.57016	0.4439308	0.526729	0.473271	5.946869
222	-1477.805	-1574.4	96.59474	0.6914416	0.409132	0.590868	4.692357
228	-1479.407	-1576.921	97.51436	0.7213562	0.427511	0.572489	4.157021
234	-1481.932	-1577.39	95.45785	0.4987384	0.529386	0.470614	5.430171
240	-1494.827	-1591.072	96.24564	0.5473158	0.500028	0.499972	4.967457
246	-1496.795	-1590.711	93.91578	0.4990404	0.480651	0.519349	6.273217
252	-1486.517	-1581.856	95.33874	0.7775462	0.387855	0.612145	5.342151
258	-1487.736	-1583.257	95.52117	0.5951238	0.387855	0.612145	5.342151
264	-1496.014	-1592.598	96.58388	0.8039359	0.29791	0.70209	4.635439
270	-1479.517	-1576.455	96.93805	0.6986318	0.489038	0.510962	4.4957
276	-1477.567	-1574.292	96.72459	0.7820926	0.501453	0.498547	4.56876
282	-1474.265	-1571.151	96.88599	0.6206912	0.580481	0.419519	4.56876
288	-1476.005	-1571.578	95.57297	0.4265593	0.491694	0.508306	5.406517
294	-1479.341	-1574.88	95.53882	0.5265119	0.449189	0.550811	5.370252
300	-1485.342	-1582.735	97.3938	0.7741175	0.449189	0.550811	4.195534
306	-1484.46	-1581.223	96.76363	0.6487822	0.465188	0.534812	4.621651
312	-1488.122	-1583.88	95.75762	0.5937533	0.479947	0.520053	5.212304
318	-1477.796	-1574.189	96.39336	0.6025972	0.561815	0.438185	4.854453
324	-1488.977	-1584.431	95.4542	0.5181745	0.461435	0.538565	5.421476
330	-1477.57	-1573.516	95.94641	0.6192642	0.615822	0.384178	5.09364
336	-1476.454	-1572.415	95.96092	0.6100268	0.466486	0.533514	5.09072
342	-1483.531	-1579.765	96.23332	0.649364	0.424324	0.575676	4.917545
348	-1482.512	-1580.122	97.60946	0.7711771	0.382271	0.617729	4.074541
354	-1486.104	-1583.79	97.68686	0.7930503	0.514506	0.485494	4.017908
360	-1481.169	-1577.981	96.81219	0.7356469	0.451586	0.548414	4.545647
366	-1476.156	-1573.38	97.22339	0.8450824	0.566136	0.433864	4.25193
372	-1470.702	-1567.607	96.90457	0.8602012	0.566136	0.433864	4.423569
378	-1473.202	-1570.24	97.03821	0.7265637	0.499525	0.500475	4.423569
384	-1477.354	-1573.214	95.86099	0.7023668	0.547225	0.452775	5.094926
390	-1475.523	-1573.474	97.95118	0.6840433	0.448356	0.551644	3.929074
396	-1485.321	-1584.247	98.92548	0.8918071	0.470147	0.529853	3.241923
402	-1486.022	-1584.715	98.69268	1.141081	0.361014	0.638986	3.232182
408	-1483.208	-1582.004	98.79586	1.037893	0.445281	0.554719	3.232182
414	-1490.238	-1585.799	95.56102	0.6274328	0.368233	0.631767	5.30233
420	-1484.692	-1580.729	96.03701	0.6257973	0.430315	0.569685	5.039758
426	-1484.484	-1581.037	96.55322	0.6061786	0.518546	0.481454	4.763245
432	-1477.16	-1573.205	96.0451	0.4507145	0.458065	0.541935	5.132357
438	-1484.442	-1579.215	94.77358	0.3856082	0.614989	0.385011	5.867614
444	-1483.59	-1579.925	96.33513	0.7427371	0.432489	0.567511	4.808769
450	-1483.432	-1581.179	97.74709	0.8716826	0.402817	0.597183	3.938495
456	-1483.161	-1578.65	95.48893	0.483474	0.471211	0.528789	5.421463
462	-1477.726	-1574.191	96.46462	0.6174615	0.448833	0.551167	4.806418
468	-1476.883	-1572.894	96.01034	0.6319539	0.532815	0.467185	5.051142
474	-1484.499	-1580.514	96.01502	0.6272693	0.544427	0.455573	5.051142
480	-1486.886	-1582.599	95.7128	0.6416981	0.518057	0.481943	5.210577
486	-1480.227	-1575.732	95.50427	0.7061673	0.481865	0.518135	5.290193
492	-1485.556	-1580.592	95.03625	0.7120982	0.513613	0.486387	5.544734
498	-1486.405	-1582.48	96.07478	0.5876265	0.517281	0.482719	5.039977
504	-1488.861	-1585.419	96.55805	0.5970478	0.369891	0.630109	4.765649
510	-1481.154	-1576.816	95.66217	0.5764443	0.500326	0.499674	5.274628
516	-1485.419	-1580.54	95.12113	0.6346857	0.594162	0.405838	5.540626
522	-1473.203	-1569.138	95.93476	0.6146076	0.45324	0.54676	5.102681
528	-1479.1	-1575.544	96.44393	0.5653574	0.503585	0.496415	4.847018
534	-1485.519	-1581.637	96.11799	0.6707581	0.533196	0.466804	4.969795
540	-1504.545	-1600.599	96.05329	0.833426	0.279882	0.720118	4.915303
546	-1482.124	-1578.692	96.56854	0.6018156	0.474576	0.525424	4.757126
552	-1479.358	-1575.548	96.19066	0.6571913	0.608345	0.391655	4.936929
558	-1480.921	-1577.752	96.83114	0.7237406	0.577095	0.422905	4.541691
564	-1479.822	-1577.74	97.91732	1.105629	0.547402	0.452598	3.70598
570	-1478.467	-1575.429	96.9624	0.7448369	0.277222	0.722778	4.455987
576	-1483.024	-1578.921	95.89667	0.6264447	0.410802	0.589198	5.117233
582	-1479.592	-1575.297	95.70469	0.818422	0.412337	0.587663	5.117233
588	-1478.253	-1574.336	96.08346	0.5317575	0.454234	0.545766	5.066163
594	-1486.105	-1582.442	96.33644	0.7843502	0.461609	0.538391	4.784808
600	-1484.533	-1581.669	97.13595	0.8702798	0.481218	0.518782	4.28718
606	-1484.687	-1580.862	96.17559	0.7110882	0.469902	0.530098	4.915321
612	-1478.34	-1574.059	95.71919	0.5699488	0.393561	0.606439	5.246713
618	-1475.794	-1569.774	93.97931	0.601881	0.572369	0.427631	6.182768
624	-1475.242	-1572.36	97.11783	0.8099421	0.437341	0.562659	4.331559
630	-1485.169	-1580.819	95.64981	0.3979559	0.475416	0.524584	5.379936
636	-1487.332	-1580.777	93.44483	0.6608163	0.466641	0.533359	6.441003
642	-1484.712	-1579.952	95.23969	0.6497154	0.593295	0.406705	5.467157
648	-1492.422	-1586.74	94.31782	0.5624312	0.593295	0.406705	6.019889
654	-1500.63	-1594.795	94.16529	0.6918111	0.543735	0.456265	6.032515
660	-1486.464	-1584.392	97.92788	1.15528	0.524756	0.475244	3.671156
666	-1481.134	-1579.34	98.2064	0.7734234	0.52971	0.47029	3.730896
672	-1475.824	-1571.867	96.04351	0.7734234	0.538114	0.461886	4.954126
678	-1478.792	-1575.132	96.34011	0.6936642	0.538114	0.461886	4.833364
684	-1468.223	-1564.505	96.28191	0.4487331	0.485795	0.514205	5.002086
690	-1478.624	-1575.173	96.54923	0.6403283	0.562951	0.437049	4.746398
696	-1485.101	-1581.989	96.8887	0.8982844	0.470259	0.529741	4.411045
702	-1484.72	-1581.298	96.57786	0.661447	0.394158	0.605842	4.718582
708	-1492.723	-1589.148	96.42488	0.8144324	0.464005	0.535995	4.718582
714	-1502.508	-1599.122	96.61328	0.5990986	0.481964	0.518036	4.733639
720	-1492.74	-1588.394	95.65337	0.6986816	0.362761	0.637239	5.211931
726	-1487.211	-1582.961	95.74975	0.6023048	0.421117	0.578883	5.211931
732	-1500.083	-1596.059	95.97585	0.3761984	0.489389	0.510611	5.211931
738	-1497.557	-1593.424	95.86705	0.4838104	0.571547	0.428453	5.212588
744	-1485.621	-1580.846	95.2248	0.5128211	0.536282	0.463718	5.550629
750	-1488.036	-1582.349	94.3126	0.468099	0.502079	0.497921	6.074152
756	-1491.536	-1586.004	94.46765	0.6570598	0.453071	0.546929	5.886456
762	-1486.463	-1583.527	97.06418	0.8306682	0.36364	0.63636	4.350165
768	-1483.463	-1581.459	97.99633	0.7123138	0.492452	0.507548	3.886974
774	-1486.527	-1585.681	99.15414	1.031481	0.548015	0.451985	3.022756
780	-1481.533	-1578.073	96.53975	0.8812795	0.55928	0.44072	4.61682
786	-1485.123	-1579.997	94.87354	0.4656595	0.467327	0.532673	5.769142
792	-1484.586	-1580.797	96.21105	0.6074991	0.537875	0.462125	4.953228
798	-1488.463	-1583.089	94.62593	0.7317183	0.328663	0.671337	5.759044
804	-1492.484	-1587.268	94.78379	0.6370116	0.423206	0.576794	5.724454
810	-1493.141	-1588.189	95.04797	0.3728374	0.568451	0.431549	5.724454
816	-1494.198	-1589.321	95.12289	0.6156016	0.62724	0.37276	5.550149
822	-1489.072	-1583.194	94.12169	0.6086486	0.58142	0.41858	6.101585
828	-1490.253	-1585.125	94.87177	0.4713087	0.58142	0.41858	5.767018
834	-1484.132	-1579.909	95.77708	0.6098869	0.419758	0.580242	5.192615
840	-1497.721	-1595.093	97.37232	0.8464801	0.530045	0.469955	4.166638
846	-1494.195	-1590.465	96.26957	0.7911853	0.419186	0.580814	4.818319
852	-1504.244	-1599.514	95.26971	0.6068342	0.369837	0.630163	5.474237
858	-1498.948	-1593.377	94.42961	0.2976393	0.564503	0.435497	6.103272
864	-1510.448	-1605.17	94.72265	0.6711443	0.381378	0.618622	5.73925
870	-1503.714	-1599.786	96.07136	0.7708755	0.501586	0.498414	4.940054
876	-1494.095	-1590.817	96.72249	0.7572795	0.568715	0.431285	4.583867
882	-1494.089	-1588.86	94.77149	0.4048312	0.505011	0.494989	5.858247
888	-1493.218	-1587.471	94.25351	0.388355	0.506594	0.493406	6.149758
894	-1503.874	-1601.806	97.9327	0.6023436	0.510029	0.489971	3.986407
900	-1491.211	-1585.112	93.90115	0.6015601	0.421865	0.578135	6.225452
906	-1494.452	-1589.757	95.30518	0.5496322	0.638295	0.361705	5.486193
912	-1500.032	-1595.79	95.75816	0.5104974	0.420663	0.579337	5.258033
918	-1489.321	-1581.527	92.20549	0.5978356	0.297687	0.702313	7.14395
924	-1500.68	-1596.898	96.21856	0.5739651	0.482282	0.517718	4.967695
930	-1495.328	-1590.722	95.39381	0.431967	0.491535	0.508465	5.502166
936	-1494.337	-1588.977	94.63997	0.3001133	0.491535	0.508465	5.98726
942	-1491.932	-1587.263	95.33074	0.6782959	0.477941	0.522059	5.401279
948	-1490.397	-1587.942	97.54492	0.8580376	0.515219	0.484781	4.061817
954	-1493.498	-1588.916	95.41815	0.476405	0.416038	0.583962	5.464324
960	-1485.68	-1582.088	96.40755	0.6870245	0.421711	0.578289	4.799444
966	-1491.719	-1587.733	96.01387	0.6262999	0.622979	0.377021	5.052323
972	-1494.563	-1590.662	96.09967	0.6925532	0.466824	0.533176	4.967867
978	-1496.368	-1592.054	95.68531	0.8040786	0.434441	0.565559	5.135919
984	-1480.755	-1575.37	94.61493	0.5698631	0.62541	0.37459	5.853617
990	-1486.333	-1581.104	94.77151	0.7020305	0.51157	0.48843	5.695554
996	-1488.895	-1585.149	96.25349	0.7396525	0.51157	0.48843	4.856018
1002	-1486.117	-1584.152	98.03541	0.7998247	0.397035	0.602965	3.814233
1008	-1494.411	-1593.014	98.6029	0.9091621	0.533645	0.466355	3.421487
1014	-1490.196	-1588.076	97.88064	0.7517125	0.36112	0.63888	3.930719
1020	-1493.477	-1591.299	97.82239	0.8099616	0.539874	0.460126	3.930719
1026	-1488.597	-1584.581	95.9843	0.6784916	0.380518	0.619482	5.039764
1032	-1491.192	-1587.03	95.83846	0.5454573	0.539646	0.460354	5.194305
1038	-1500.763	-1595.882	95.11893	0.6326002	0.5551	0.4449	5.542982
1044	-1497.861	-1592.949	95.08779	0.6637409	0.538924	0.461076	5.542982
1050	-1493.247	-1588.257	95.01005	0.7753438	0.452067	0.547933	5.524371
1056	-1479.435	-1575.079	95.64377	0.6877982	0.39695	0.60305	5.223261
1062	-1482.802	-1579.255	96.45343	0.474557	0.515024	0.484976	4.892323
1068	-1483.444	-1577.883	94.43861	0.4651942	0.512785	0.487215	6.007044
1074	-1488.53	-1583.77	95.23986	0.4538784	0.542399	0.457601	5.574736
1080	-1493.183	-1589.824	96.64088	0.6457443	0.418444	0.581556	4.692109
1086	-1486.459	-1584.072	97.61308	0.866867	0.524054	0.475946	4.017887
1092	-1484.836	-1581.394	96.5586	0.7285284	0.52508	0.47492	4.691827
1098	-1481.833	-1579.066	97.23359	0.9698505	0.306368	0.693632	4.175361
1104	-1478.911	-1576.636	97.7247	0.8944408	0.435125	0.564875	3.938285
1110	-1482.935	-1580.044	97.10989	0.8063174	0.563585	0.436415	4.338096
1116	-1472.489	-1569.855	97.36538	0.5878292	0.519938	0.480062	4.317179
1122	-1474.68	-1572.358	97.67785	0.8996813	0.486898	0.513102	3.962101
1128	-1477.976	-1576.444	98.46796	0.8316363	0.424431	0.575569	3.545524
1134	-1481.104	-1579.765	98.66028	0.7921308	0.405306	0.594694	3.456387
1140	-1476.089	-1572.82	96.73129	0.6699427	0.544891	0.455109	4.627918
1146	-1478.819	-1574.995	96.17607	0.690074	0.506018	0.493982	4.926748
1152	-1482.259	-1578.226	95.96679	0.690074	0.506018	0.493982	5.043055
1158	-1476.443	-1574.208	97.76508	0.9294817	0.456376	0.543624	3.895057
1164	-1482.971	-1578.992	96.0217	0.6939032	0.481826	0.518174	5.010443
1170	-1479.047	-1574.539	95.49222	0.5759441	0.426123	0.573877	5.368691
1176	-1475.516	-1570.761	95.24472	0.4650897	0.457908	0.542092	5.565907
1182	-1476.698	-1572.092	95.39436	0.764611	0.525741	0.474259	5.318603
1188	-1478.319	-1572.418	94.09883	0.8366211	0.430809	0.569191	5.989781
1194	-1480.445	-1574.918	94.47282	0.6844426	0.487515	0.512485	5.868664
1200	-1483.379	-1579.746	96.36662	0.6797134	0.482869	0.517131	4.826359
1206	-1493.181	-1590.588	97.40694	0.7147879	0.48887	0.51113	4.22174
1212	-1489.203	-1585.644	96.44107	0.943699	0.488298	0.511702	4.637147
1218	-1482.635	-1578.752	96.11718	0.943699	0.358118	0.641882	4.818245
1224	-1483.845	-1578.796	94.95026	0.8577501	0.418797	0.581203	5.511937
1230	-1485.253	-1578.847	93.59497	0.5599898	0.559971	0.440029	6.414262
1236	-1493.281	-1587.896	94.61446	0.5370746	0.559971	0.440029	5.871796
1242	-1492.356	-1588.188	95.83209	0.545338	0.330559	0.669441	5.197893
1248	-1486.711	-1581.396	94.68444	0.4206702	0.493049	0.506951	5.897165
1254	-1489.936	-1586.094	96.15807	0.6612268	0.424114	0.575886	4.952808
1260	-1491.485	-1587.095	95.61043	0.417005	0.599502	0.400498	5.391142
1266	-1490.86	-1587.154	96.29364	0.6950908	0.628875	0.371125	4.858479
1272	-1484.635	-1579.477	94.8417	0.6119807	0.509164	0.490836	5.706438
1278	-1487.064	-1583.377	96.31299	0.6742695	0.42742	0.57258	4.8593
1284	-1481.78	-1577.837	96.05616	0.6050409	0.390544	0.609456	5.040651
1290	-1484.153	-1579.593	95.44068	0.6789137	0.558674	0.441326	5.340328
1296	-1492.165	-1587.048	94.88213	0.6085085	0.460051	0.539949	5.686182
1302	-1491.857	-1588.443	96.58604	0.6212238	0.460051	0.539949	4.736497
1308	-1492.295	-1588.494	96.19917	0.6925968	0.460051	0.539949	4.912487
1314	-1487.766	-1584.698	96.93261	0.7252146	0.531358	0.468642	4.483805
1320	-1496.135	-1592.265	96.13016	0.768475	0.577656	0.422344	4.908665
1326	-1495.283	-1590.791	95.50883	0.5538784	0.465334	0.534666	5.371699
1332	-1500.102	-1594.667	94.56527	0.4733932	0.433404	0.566596	5.933456
1338	-1498.143	-1592.467	94.32362	0.4664801	0.496141	0.503859	6.069031
1344	-1493.165	-1587.722	94.557	0.4258208	0.458593	0.541407	5.963938
1350	-1483.905	-1579.343	95.43821	0.6391974	0.456247	0.543753	5.363594
1356	-1482.603	-1579.399	96.79589	0.7395949	0.397417	0.602583	4.552588
1362	-1479.892	-1576.873	96.98082	0.6880583	0.557284	0.442716	4.477585
1368	-1483.513	-1580.277	96.76438	0.9044979	0.56048	0.43952	4.477585
1374	-1482.196	-1579.151	96.95478	0.688616	0.580125	0.419875	4.491926
1380	-1487.917	-1583.799	95.88263	0.6980057	0.538345	0.461655	5.085346
1386	-1485.215	-1580.012	94.79649	0.6158721	0.538345	0.461655	5.729077
1392	-1478.72	-1576.278	97.5585	0.7982727	0.466244	0.533756	4.088141
1398	-1494.163	-1590.322	96.1592	0.5457147	0.561419	0.438581	5.016379
1404	-1502.206	-1596.435	94.22935	0.5646434	0.561419	0.438581	6.066908
1410	-1496.036	-1592.696	96.65918	0.7045351	0.41638	0.58362	4.648946
1416	-1487.085	-1583.145	96.05928	0.5068328	0.363553	0.636447	5.0934
1422	-1491.345	-1586.866	95.52028	0.4396407	0.488111	0.511889	5.428335
1428	-1488.653	-1583.925	95.27199	0.6879382	0.517645	0.482355	5.428335
1434	-1495.629	-1591.252	95.62289	0.5570208	0.500509	0.499491	5.307044
1440	-1484.12	-1579.828	95.70847	0.4783156	0.498184	0.501816	5.30325
1446	-1483.74	-1579.464	95.7233	0.5456486	0.510991	0.489009	5.257872
1452	-1474.982	-1571.194	96.21201	0.403387	0.451537	0.548463	5.066066
1458	-1476.884	-1573.216	96.33187	0.5302201	0.533404	0.466596	4.929004
1464	-1491.56	-1585.944	94.38441	0.6426769	0.490199	0.509801	5.939773
1470	-1479.825	-1574.62	94.79533	0.5359756	0.606784	0.393216	5.773466
1476	-1491.557	-1587.239	95.68207	0.6798754	0.571302	0.428698	5.206459
1482	-1494.992	-1590.435	95.44268	0.6347062	0.322291	0.677709	5.363605
1488	-1482.939	-1578.782	95.84313	0.7251738	0.456595	0.543405	5.092184
1494	-1490.563	-1588.183	97.61961	0.802509	0.671526	0.328474	4.050893
1500	-1487.73	-1584.667	96.93743	0.810584	0.671526	0.328474	4.433017
1506	-1478.513	-1576.917	98.40476	0.8764874	0.419094	0.580906	3.556204
1512	-1484.418	-1582.053	97.63508	0.7853582	0.598699	0.401301	4.051851
1518	-1481.156	-1578.552	97.3957	0.854347	0.396089	0.603911	4.14888
1524	-1473.203	-1568.475	95.27181	0.5116394	0.477906	0.522094	5.525437
1530	-1479.477	-1576.422	96.94527	0.7290967	0.525491	0.474509	4.474497
1536	-1471.911	-1568.712	96.80068	0.8736846	0.487801	0.512199	4.474497
1542	-1474.103	-1570.147	96.04375	0.6525651	0.521513	0.478487	5.021152
1548	-1472.057	-1568.633	96.57659	0.5622638	0.457147	0.542853	4.774722
1554	-1485.511	-1581.889	96.37848	0.4843537	0.533425	0.466575	4.928593
1560	-1489.484	-1584.714	95.22992	0.3474129	0.527727	0.472273	5.638634
1566	-1483.773	-1578.709	94.93563	0.4677086	0.547316	0.452684	5.73402
1572	-1482.913	-1578.05	95.13737	0.392279	0.518617	0.481383	5.664795
1578	-1486.41	-1583.079	96.66887	0.6875074	0.563206	0.436794	4.653057
1584	-1493.036	-1589.664	96.62746	0.5646767	0.509725	0.490275	4.744953
1590	-1498.131	-1594.168	96.03629	0.6363725	0.380027	0.619973	5.034284
1596	-1496.289	-1592.282	95.99251	0.3427096	0.384258	0.615742	5.221241
1602	-1491.569	-1588.842	97.27332	0.8878449	0.55383	0.44617	4.199367
1608	-1493.643	-1591.729	98.08532	0.8437536	0.626439	0.373561	3.760176
1614	-1485.743	-1582.987	97.24389	0.7751373	0.493151	0.506849	4.279938
1620	-1477.509	-1574.211	96.70176	0.9042922	0.481066	0.518934	4.512927
1626	-1483.324	-1580.419	97.09547	0.6140631	0.481066	0.518934	4.454697
1632	-1478.649	-1575.296	96.64717	0.7636143	0.359541	0.640459	4.622566
1638	-1479.415	-1574.714	95.29899	0.604664	0.486485	0.513515	5.459314
1644	-1476.277	-1571.972	95.69498	0.5596321	0.516316	0.483684	5.265793
1650	-1473.648	-1569.281	95.63363	0.7139893	0.485741	0.514259	5.214385
1656	-1475.861	-1570.003	94.14223	0.5756872	0.47741	0.52259	6.108353
1662	-1478.113	-1573.299	95.18646	0.560099	0.489946	0.510054	5.545715
1668	-1482.147	-1579.422	97.27587	0.6288306	0.442124	0.557876	4.344596
1674	-1479.026	-1574.352	95.3263	0.6934735	0.420155	0.579845	5.395366
1680	-1480.531	-1576.901	96.36922	0.5026948	0.553143	0.446857	4.923537
1686	-1479.132	-1576.996	97.8645	0.779415	0.572723	0.427277	3.924091
1692	-1484.132	-1580.582	96.45032	0.8237545	0.429296	0.570704	4.699136
1698	-1471.462	-1567.745	96.28283	0.6447003	0.516353	0.483647	4.892578
1704	-1476.95	-1573.205	96.25513	0.6849478	0.532191	0.467809	4.885588
1710	-1480.333	-1575.911	95.57814	0.6604988	0.512139	0.487861	5.274617
1716	-1476.248	-1572.642	96.39352	0.6200508	0.317805	0.682195	4.844633
1722	-1476.992	-1573.987	96.99462	0.7606368	0.454468	0.545532	4.428934
1728	-1485.967	-1581.752	95.78517	0.5638035	0.386682	0.613318	5.213635
1734	-1480.879	-1576.834	95.95451	0.406588	0.386682	0.613318	5.20693
1740	-1473.16	-1569.019	95.85902	0.5020726	0.562474	0.437526	5.20693
1746	-1477.084	-1572.812	95.72744	0.5438959	0.462059	0.537941	5.256554
1752	-1483.67	-1579.248	95.57782	0.6935114	0.462059	0.537941	5.256554
1758	-1484.853	-1580.718	95.86466	0.668737	0.462059	0.537941	5.111532
1764	-1482.978	-1579.45	96.47239	0.7408276	0.457254	0.542746	4.733171
1770	-1488.946	-1583.136	94.19019	0.5060045	0.418877	0.581123	6.120181
1776	-1490.534	-1586.299	95.76503	0.7620324	0.552618	0.447382	5.115045
1782	-1488.791	-1584.254	95.4629	0.4730249	0.627811	0.372189	5.441549
1788	-1487.154	-1582.896	95.74147	0.7001773	0.493953	0.506047	5.162356
1794	-1487.42	-1581.618	94.19731	0.5387265	0.435566	0.564434	6.098484
1800	-1480.657	-1574.975	94.31784	0.3391158	0.371316	0.628684	6.141541
1806	-1475.463	-1570.686	95.22316	0.3749852	0.380779	0.619221	5.627214
1812	-1474.632	-1570.573	95.94109	0.400164	0.488151	0.511849	5.217902
1818	-1472.235	-1568.823	96.58783	0.4858702	0.496427	0.503573	4.811095
1824	-1474.098	-1568.409	94.31154	0.3720853	0.517437	0.482563	6.127026
1830	-1479.504	-1573.686	94.18214	0.357645	0.517437	0.482563	6.205288
1836	-1476.951	-1572.186	95.2354	0.4416341	0.508833	0.491167	5.583907
1842	-1481.08	-1576.888	95.80723	0.4974189	0.368187	0.631813	5.238142
1848	-1470.559	-1564.23	93.67075	0.4705858	0.363976	0.636024	6.42165
1854	-1476.563	-1572.397	95.8346	0.5438693	0.474082	0.525918	5.197321
1860	-1479.461	-1575.397	95.93612	0.6028255	0.601262	0.398738	5.108455
1866	-1482.269	-1578.331	96.06196	0.6369041	0.519308	0.480692	5.019737
1872	-1483.669	-1579.986	96.31621	0.3826595	0.414011	0.585989	5.019737
1878	-1492.869	-1587.601	94.73161	0.5730313	0.421992	0.578008	5.788059
1884	-1500.852	-1597.582	96.73005	0.680926	0.604012	0.395988	4.622456
1890	-1485.563	-1582.308	96.74403	0.8132274	0.464171	0.535829	4.540357
1896	-1485.799	-1582.123	96.32435	0.6230967	0.505937	0.494063	4.881484
1902	-1492.081	-1589.08	96.99984	0.6666225	0.550701	0.449299	4.478943
1908	-1480.748	-1576.052	95.30358	0.582238	0.412197	0.587803	5.469134
1914	-1491.414	-1587.484	96.06975	0.6913555	0.476525	0.523475	4.985164
1920	-1508.309	-1603.889	95.58052	0.358275	0.311094	0.688906	5.439971
1926	-1501.14	-1596.445	95.3051	0.5205861	0.604421	0.395579	5.502212
1932	-1491.45	-1587.183	95.73255	0.651333	0.477256	0.522744	5.194321
1938	-1478.97	-1573.762	94.7919	0.621046	0.561217	0.438783	5.728758
1944	-1474.535	-1569.5	94.96548	0.4474622	0.351719	0.648281	5.728758
1950	-1469.171	-1564.807	95.63589	0.5833986	0.521807	0.478193	5.285302
1956	-1478.266	-1573.216	94.94996	0.5734864	0.498238	0.501762	5.668192
1962	-1473.031	-1569.9	96.86879	0.7205518	0.515558	0.484442	4.522324
1968	-1474.623	-1571.98	97.35733	0.8277556	0.363569	0.636431	4.185789
1974	-1487.027	-1584.698	97.6716	0.8976914	0.555628	0.444372	3.966817
1980	-1495.117	-1591.898	96.78169	0.7496624	0.475926	0.524074	4.554909
1986	-1489.883	-1585.978	96.0948	0.4703591	0.358642	0.641358	5.093926
1992	-1497.962	-1593.788	95.82623	0.5288774	0.426088	0.573912	5.21024
1998	-1501.692	-1596.806	95.11362	0.6425441	0.508875	0.491125	5.540437
2004	-1490.376	-1587.13	96.75416	0.5061408	0.472441	0.527559	4.706837
2010	-1494.523	-1590.321	95.79812	0.503214	0.431886	0.568114	5.239971
2016	-1489.396	-1585.826	96.43048	0.6443611	0.533961	0.466039	4.810459
2022	-1490.456	-1586.403	95.94717	0.4469644	0.533961	0.466039	5.18865
2028	-1492.3	-1587.072	94.77179	0.4949692	0.552293	0.447707	5.808786
2034	-1481.619	-1578.332	96.71279	0.7833744	0.536357	0.463643	4.574669
2040	-1492.828	-1588.753	95.92538	0.7484895	0.324504	0.675496	5.033616
2046	-1486.478	-1582.799	96.32068	0.8524492	0.484141	0.515859	4.755575
2052	-1478.327	-1574.139	95.81204	0.5209624	0.428589	0.571411	5.222463
2058	-1484.547	-1578.407	93.85984	0.3576154	0.514173	0.485827	6.380369
2064	-1491.044	-1587.298	96.25323	0.7325241	0.514173	0.485827	4.860136
2070	-1485.093	-1581.642	96.54843	0.6701291	0.406867	0.593133	4.730183
2076	-1487.666	-1584.401	96.73409	0.8467308	0.506402	0.493598	4.527115
2082	-1489.816	-1587.257	97.44123	0.7840008	0.49087	0.50913	4.162983
2088	-1484.22	-1580.696	96.47531	0.8720124	0.327417	0.672583	4.658129
2094	-1480.915	-1578.592	97.67712	0.9061805	0.61289	0.38711	3.958802
2100	-1491.09	-1589.251	98.16066	0.8183967	0.51755	0.48245	3.731339
2106	-1493.89	-1590.503	96.61346	0.8757504	0.446939	0.553061	4.578571
2112	-1497.556	-1594.074	96.51763	0.8044473	0.439237	0.560763	4.672266
2118	-1493.222	-1590.251	97.02962	0.7762872	0.326873	0.673127	4.400374
2124	-1486.993	-1584.926	97.93275	0.707859	0.505176	0.494824	3.925988
2130	-1489.865	-1586.574	96.70927	0.7658987	0.509653	0.490347	4.586451
2136	-1487.863	-1585.812	97.94905	0.6575623	0.39623	0.60377	3.945456
2142	-1490.882	-1587.53	96.64803	0.6802275	0.545474	0.454526	4.668807
2148	-1487.167	-1582.668	95.5016	0.6214619	0.433032	0.566968	5.338417
2154	-1484.816	-1581.884	97.06759	0.6219976	0.519277	0.480723	4.465926
2160	-1479.757	-1577.566	97.80912	0.8278414	0.451014	0.548986	3.928075
2166	-1480.324	-1575.161	94.83731	0.7092427	0.564582	0.435418	5.65552
2172	-1488.21	-1583.98	95.77055	0.6341227	0.361283	0.638717	5.182818
2178	-1488.108	-1585.411	97.30317	0.8328583	0.491039	0.508961	4.21363
2184	-1491.637	-1588.788	97.1502	0.7082402	0.433477	0.566523	4.370726
2190	-1482.49	-1576.986	94.49634	0.6326773	0.53407	0.46593	5.884101
2196	-1484.008	-1579.37	95.36154	0.6886459	0.438129	0.561871	5.378605
2202	-1485.367	-1580.709	95.34227	0.543133	0.409785	0.590215	5.469361
2208	-1487.502	-1583.799	96.29681	0.6153349	0.367582	0.632418	4.901144
2214	-1485.699	-1580.954	95.2543	0.237992	0.485613	0.514387	5.685274
2220	-1492.068	-1585.202	93.13423	0.3375874	0.51429	0.48571	6.783843
2226	-1485.684	-1581.692	96.0082	0.3607056	0.504307	0.495693	5.202611
2232	-1482.383	-1578.481	96.0988	0.5254077	0.337524	0.662476	5.061178
2238	-1480.429	-1576.401	95.97138	0.6528306	0.470581	0.529419	5.061178
2244	-1482.898	-1578.722	95.82363	0.5318378	0.414704	0.585296	5.210041
2250	-1482.029	-1578.682	96.65314	0.7600039	0.487069	0.512931	4.621242
2256	-1487.046	-1586.047	99.00098	0.9393009	0.548702	0.451298	3.169056
2262	-1481.69	-1577.311	95.62091	0.5823608	0.479778	0.520222	5.294148
2268	-1487.665	-1581.022	93.35762	0.2617319	0.483694	0.516306	6.704173
2274	-1502.695	-1597.456	94.76115	0.1236373	0.509956	0.490044	6.017419
2280	-1498.088	-1593.525	95.4374	0.7119574	0.488946	0.511054	5.323904
2286	-1484.655	-1581.649	96.99357	0.6205236	0.488946	0.511054	4.508408
2292	-1486.792	-1582.691	95.89822	0.5092693	0.451854	0.548146	5.18126
2298	-1485.412	-1581.272	95.86023	0.5472659	0.550299	0.449701	5.18126
2304	-1491.817	-1588.615	96.79825	0.7357777	0.517326	0.482674	4.553403
2310	-1484.599	-1581.66	97.06142	0.6499067	0.514386	0.485614	4.453683
2316	-1484.856	-1582.32	97.46407	0.7730305	0.518396	0.481604	4.156237
2322	-1476.487	-1574.145	97.65826	0.7664528	0.490367	0.509633	4.049411
2328	-1467.753	-1563.838	96.08499	0.6042879	0.466508	0.533492	5.025064
2334	-1471.594	-1568.859	97.26537	0.9456634	0.379376	0.620624	4.171047
2340	-1477.473	-1575.588	98.11511	0.9696753	0.409339	0.590661	3.670212
2346	-1477.007	-1573.524	96.51678	0.507936	0.39158	0.60842	4.838418
2352	-1471.802	-1567.478	95.6763	0.507936	0.580408	0.419592	5.304655
2358	-1471.198	-1568.296	97.09824	0.5359795	0.577519	0.422481	4.497088
2364	-1477.289	-1573.879	96.59	0.6887034	0.426664	0.573336	4.696545
2370	-1490.124	-1584.921	94.7974	0.3629106	0.465052	0.534948	5.867001
2376	-1487.781	-1583.436	95.65504	0.5359662	0.487657	0.512343	5.300918
2382	-1479.405	-1575.028	95.62252	0.5684877	0.504795	0.495205	5.300918
2388	-1489.308	-1585.874	96.56645	0.6078998	0.475802	0.524198	4.754893
2394	-1490.481	-1586.963	96.48219	0.69216	0.408883	0.591117	4.754893
2400	-1497.055	-1593.696	96.64102	0.6659794	0.549899	0.450101	4.680705
2406	-1499.114	-1594.64	95.5267	0.8275378	0.532049	0.467951	5.210723
2412	-1499.124	-1595.968	96.84456	0.5753683	0.48702	0.51298	4.617437
2418	-1498.849	-1594.141	95.29137	0.9202363	0.454439	0.545561	5.289545
2424	-1495.183	-1589.65	94.467	0.5064269	0.467923	0.532077	5.969061
2430	-1483.067	-1580.105	97.03788	0.7350089	0.526457	0.473543	4.418993
2436	-1482.785	-1578.707	95.92242	0.7469999	0.521997	0.478003	5.036084
2442	-1482.185	-1577.257	95.07182	0.6872959	0.416549	0.583451	5.538815
2448	-1487.516	-1583.208	95.69153	0.7278019	0.416549	0.583451	5.174705
2454	-1497.049	-1591.188	94.1398	0.4143151	0.379806	0.620194	6.197499
2460	-1493.167	-1588.744	95.57694	0.6465898	0.496679	0.503321	5.282961
2466	-1494.134	-1589.96	95.82652	0.4888208	0.273974	0.726026	5.232228
2472	-1489.558	-1587.391	97.83258	0.7249903	0.520578	0.479422	3.973522
2478	-1476.911	-1573.851	96.94059	0.7752625	0.568735	0.431265	4.451136
2484	-1489.187	-1584.872	95.68514	0.8293588	0.337214	0.662786	5.122003
2490	-1483.88	-1580.634	96.75377	0.8277712	0.466985	0.533015	4.526707
2496	-1494.959	-1591.02	96.06049	0.8136524	0.431565	0.568435	4.922296
2502	-1492.138	-1588.39	96.25224	0.5487448	0.297429	0.702571	4.962992
2508	-1489.429	-1585.465	96.03531	0.7656744	0.504737	0.495263	4.962992
2514	-1485.894	-1581.918	96.02406	0.7748695	0.465455	0.534545	4.964136
2520	-1497.399	-1594.046	96.64704	0.9725541	0.500655	0.499345	4.505313
2526	-1490.019	-1588.884	98.86489	0.8619565	0.418703	0.581297	3.295311
2532	-1491.329	-1588.286	96.95685	0.6768172	0.382887	0.617113	4.497397
2538	-1485.89	-1580.841	94.95115	0.5402208	0.432308	0.567692	5.685779
2544	-1477.826	-1572.726	94.89989	0.5914833	0.36296	0.63704	5.685779
2550	-1481.312	-1577.694	96.38223	0.5335505	0.36296	0.63704	4.89912
2556	-1480.168	-1577.417	97.24895	0.6907375	0.448792	0.551208	4.324825
2562	-1479.531	-1577.33	97.79928	0.7355778	0.448792	0.551208	3.986513
2568	-1483.066	-1579.88	96.81344	0.7355778	0.450452	0.549548	4.544988
2574	-1478.227	-1574.02	95.79315	0.6159672	0.396838	0.603162	5.180359
2580	-1484.482	-1581.56	97.0784	0.5338612	0.346939	0.653061	4.50944
2586	-1484.671	-1581.478	96.80733	0.7291891	0.503894	0.496106	4.552008
2592	-1476.999	-1574.956	97.95691	0.8487989	0.43369	0.56631	3.831218
2598	-1472.597	-1570.242	97.645	0.8645627	0.392424	0.607576	4.000968
2604	-1472.426	-1567.794	95.36776	0.6131682	0.395707	0.604293	5.416769
2610	-1475.127	-1570.694	95.56695	0.4139729	0.428483	0.571517	5.416769
2616	-1471.851	-1567.229	95.37824	0.6026891	0.472351	0.527649	5.416769
2622	-1488.47	-1582.954	94.48434	0.498897	0.393106	0.606894	5.963709
2628	-1488.884	-1587.597	98.71266	0.8974109	0.393106	0.606894	3.364012
2634	-1497.675	-1593.151	95.47549	0.9699819	0.384279	0.615721	5.160235
2640	-1485.603	-1582.108	96.50464	0.6272342	0.426891	0.573109	4.778618
2646	-1482.599	-1578.881	96.28134	0.7598704	0.533605	0.466395	4.829217
2652	-1485.464	-1581.773	96.30937	0.8461288	0.464072	0.535928	4.765427
2658	-1490.558	-1586.224	95.66575	0.5667823	0.355221	0.644779	5.277986
2664	-1496.833	-1593.5	96.66763	0.6754776	0.463611	0.536389	4.66049
2670	-1498.578	-1595.11	96.53176	0.6734525	0.45855	0.54145	4.737643
2676	-1489.667	-1585.455	95.78756	0.6344554	0.342132	0.657868	5.17322
2682	-1491.226	-1586.326	95.10033	0.5545508	0.553031	0.446969	5.596075
2688	-1495.326	-1588.906	93.58068	0.6245432	0.600232	0.399768	6.387004
2694	-1489.747	-1584.342	94.5955	0.6412989	0.40702	0.59298	5.825175
2700	-1488.941	-1583.562	94.62126	0.5172235	0.467988	0.532012	5.878925
2706	-1486.429	-1581.073	94.64383	0.494655	0.54782	0.45218	5.878925
2712	-1488.583	-1584.599	96.01608	0.5799081	0.517862	0.482138	5.07683
2718	-1500.301	-1596.693	96.39157	0.7221855	0.408042	0.591958	4.788739
2724	-1485.846	-1582.005	96.1592	0.6893348	0.493405	0.506595	4.936546
2730	-1488.465	-1584.85	96.38431	0.6944395	0.444051	0.555949	4.808277
2736	-1484.512	-1581.306	96.79336	0.706744	0.385185	0.614815	4.572455
2742	-1483.844	-1578.967	95.12299	0.5402745	0.488579	0.511421	5.591469
2748	-1492.855	-1588.302	95.44743	0.6199725	0.621588	0.378412	5.369109
2754	-1494.282	-1590.179	95.89695	0.5937749	0.432009	0.567991	5.135178
2760	-1490.78	-1586.635	95.85512	0.6356019	0.512578	0.487422	5.135178
2766	-1490.444	-1585.874	95.4299	0.487127	0.448098	0.551902	5.451957
2772	-1481.45	-1578.158	96.70766	0.9910674	0.591945	0.408055	4.460779
2778	-1476.967	-1573.334	96.36654	1.051366	0.406496	0.593504	4.618569
2784	-1478.584	-1575.54	96.95521	0.7809928	0.66514	0.33486	4.43967
2790	-1481.419	-1577.034	95.61566	0.6275057	0.440593	0.559407	5.272115
2796	-1483.641	-1581.832	98.19056	0.8172537	0.387079	0.612921	3.714728
2802	-1489.039	-1584.386	95.34724	0.6137065	0.366711	0.633289	5.427773
2808	-1487.563	-1585.73	98.16725	0.6589976	0.400896	0.599104	3.819404
2814	-1486.046	-1581.72	95.67435	0.739708	0.451608	0.548392	5.177629
2820	-1481.246	-1576.949	95.70289	0.7111617	0.51404	0.48596	5.177629
2826	-1480.175	-1576.635	96.46046	0.7112834	0.581905	0.418095	4.756351
2832	-1481.309	-1575.932	94.62266	0.5634185	0.572202	0.427798	5.852912
2838	-1481.244	-1577.694	96.45	0.7530688	0.401077	0.598923	4.738846
2844	-1480.436	-1577.348	96.91214	0.7317451	0.568281	0.431719	4.491651
2850	-1478.983	-1573.761	94.7781	0.6807972	0.520369	0.479631	5.703579
2856	-1480.004	-1575.648	95.64332	0.5900143	0.575668	0.424332	5.277542
2862	-1476.291	-1573.413	97.12176	0.6955927	0.554218	0.445782	4.393918
2868	-1476.326	-1574.245	97.91897	0.8278427	0.491383	0.508617	3.865067
2874	-1480.368	-1575.582	95.21424	0.6253889	0.406404	0.593596	5.494545
2880	-1483.154	-1577.74	94.58582	0.478672	0.505087	0.494913	5.919351
2886	-1494.28	-1590.3	96.02033	0.4084803	0.587868	0.412132	5.169463
2892	-1489.413	-1584.579	95.16609	0.6530281	0.381598	0.618402	5.505825
2898	-1488.811	-1585.54	96.72904	0.7688408	0.381598	0.618402	4.573704
2904	-1486.377	-1582.135	95.75726	0.63314	0.545367	0.454633	5.190719
2910	-1482.531	-1578.739	96.20756	0.745683	0.583872	0.416128	4.878254
2916	-1480.803	-1577.281	96.47851	0.4747363	0.371467	0.628533	4.878254
2922	-1481.084	-1578.327	97.24309	0.469822	0.509883	0.490117	4.452792
2928	-1474.436	-1571.033	96.59696	0.5558886	0.552792	0.447208	4.766908
2934	-1474.487	-1570.6	96.11268	0.4757824	0.560987	0.439013	5.081004
2940	-1496.568	-1594.078	97.50947	0.8423937	0.367447	0.632553	4.090937
2946	-1497.395	-1593.439	96.04433	0.8395645	0.574498	0.425502	4.916873
2952	-1492.828	-1591.164	98.33601	0.9646113	0.406926	0.593074	3.544928
2958	-1480.787	-1578.241	97.45466	0.9646113	0.523849	0.476151	4.052515
2964	-1473.937	-1570.412	96.47465	0.6992298	0.39112	0.60888	4.755155
2970	-1479.126	-1576.475	97.34951	0.7550818	0.494874	0.505126	4.231461
2976	-1481.409	-1578.746	97.33698	0.781886	0.455134	0.544866	4.223364
2982	-1478.236	-1574.336	96.09935	0.7616262	0.500131	0.499869	4.929627
2988	-1476.456	-1572.958	96.50249	0.5597518	0.554533	0.445467	4.817487
2994	-1480.707	-1575.741	95.03364	0.5518293	0.488952	0.511048	5.634173
3000	-1478.253	-1572.351	94.09784	0.5810247	0.451134	0.548866	6.129618
3006	-1478.04	-1573.822	95.78155	0.7029714	0.534357	0.465643	5.138613
3012	-1474.86	-1571.04	96.18075	0.7398791	0.371071	0.628929	4.896417
3018	-1477.643	-1575.763	98.12086	0.7824248	0.468132	0.531868	3.775046
3024	-1475.644	-1573.438	97.7938	0.6745065	0.469391	0.530609	4.024535
3030	-1471.505	-1568.309	96.8041	0.6631064	0.455411	0.544589	4.590916
3036	-1478.093	-1574	95.90757	0.7062426	0.499838	0.500162	5.066943
3042	-1477.864	-1573.903	96.03851	0.4404711	0.49687	0.50313	5.141681
3048	-1471.579	-1568.148	96.56839	0.4744249	0.407861	0.592139	4.828327
3054	-1472.373	-1568.495	96.12254	0.6555821	0.383962	0.616038	4.975705
3060	-1480.477	-1577.777	97.29948	0.6443999	0.481304	0.518696	4.322452
3066	-1484.559	-1579.798	95.23859	0.6632043	0.521156	0.478844	5.460342
3072	-1489.176	-1585.1	95.9233	0.633993	0.446281	0.553719	5.098288
3078	-1482.254	-1579.222	96.96779	0.7103455	0.586298	0.413702	4.472374
3084	-1478.456	-1574.036	95.58001	0.8742075	0.458035	0.541965	5.155395
3090	-1490.234	-1586.157	95.92307	0.4126701	0.520383	0.479617	5.22095
3096	-1493.796	-1588.38	94.58406	0.3721414	0.519768	0.480232	5.978462
3102	-1490.807	-1587.5	96.69238	0.6621605	0.383062	0.616938	4.654085
3108	-1486.324	-1581.662	95.33826	0.6281108	0.560799	0.439201	5.424785
3114	-1475.225	-1571.996	96.77038	0.7095524	0.466357	0.533643	4.583779
3120	-1490.66	-1584.869	94.20945	0.3951625	0.440936	0.559064	6.17003
3126	-1489.157	-1585.389	96.23161	0.6050918	0.551014	0.448986	4.943132
3132	-1501.833	-1597.578	95.74465	0.5252131	0.515772	0.484228	5.257368
3138	-1504.408	-1597.564	93.15605	0.6272984	0.515772	0.484228	6.615515
3144	-1485.243	-1579.766	94.52285	0.6115049	0.572891	0.427109	5.881185
3150	-1479.939	-1575.439	95.50017	0.6362817	0.509142	0.490858	5.331029
3156	-1496.389	-1593.065	96.6761	0.6332842	0.478541	0.521459	4.679374
3162	-1490.937	-1588.855	97.91773	0.7970507	0.619566	0.380434	3.883453
3168	-1489.981	-1586.685	96.70374	0.5986621	0.402694	0.597306	4.683278
3174	-1492.22	-1587.911	95.69107	0.6390394	0.524016	0.475984	5.224068
3180	-1487.655	-1583.534	95.8791	0.514824	0.519835	0.480165	5.188766
3186	-1482.222	-1577.377	95.15509	0.5492545	0.424661	0.575339	5.568911
3192	-1496.399	-1594.006	97.6075	0.7104214	0.602502	0.397498	4.110267
3198	-1485.175	-1581.849	96.67432	0.6709619	0.602502	0.397498	4.65927
3204	-1481.417	-1576.223	94.80588	0.4214063	0.394888	0.605112	5.83038
3210	-1485.757	-1581.163	95.40653	0.5417751	0.386707	0.613293	5.434733
3216	-1482.463	-1579.454	96.99044	0.7652924	0.392938	0.607062	4.428663
3222	-1480.507	-1574.909	94.40159	0.7295886	0.433738	0.566262	5.88292
3228	-1476.647	-1572.792	96.14493	0.7007004	0.407769	0.592231	4.938161
3234	-1474.592	-1569.678	95.08551	0.6565877	0.412424	0.587576	5.548167
3240	-1481.033	-1576.807	95.77384	0.7342107	0.396541	0.603459	5.125575
3246	-1486.155	-1583.302	97.14683	0.6941269	0.454495	0.545505	4.380595
3252	-1484.727	-1583.408	98.68079	0.9161293	0.458726	0.541274	3.371735
3258	-1486.333	-1584.702	98.3688	0.8039791	0.394698	0.605302	3.619224
3264	-1493.702	-1591.491	97.78947	0.8043765	0.418305	0.581695	3.952768
3270	-1491.303	-1588.215	96.91226	0.796839	0.489799	0.510201	4.45494
3276	-1491.117	-1588.084	96.96719	0.7419062	0.506412	0.493588	4.45494
3282	-1486.17	-1583.3	97.12954	0.6856605	0.476823	0.523177	4.395132
3288	-1492.363	-1587.597	95.23488	0.5561366	0.571993	0.428007	5.521279
3294	-1489.778	-1585.878	96.10034	0.6001251	0.497764	0.502236	5.018848
3300	-1484.583	-1580.63	96.04724	0.5854429	0.450239	0.549761	5.056473
3306	-1478.678	-1574.976	96.29762	0.6363583	0.535788	0.464212	4.888987
3312	-1478.891	-1575.234	96.34239	0.5915806	0.431738	0.568262	4.888987
3318	-1479.951	-1576.612	96.66061	0.5165863	0.56053	0.43947	4.753304
3324	-1478.842	-1573.909	95.0666	0.6676574	0.532086	0.467914	5.552475
3330	-1476.228	-1572.692	96.46438	0.6870352	0.550013	0.449987	4.767705
3336	-1481.95	-1577.928	95.97808	0.5448916	0.392317	0.607683	5.117308
3342	-1475.221	-1571.502	96.28092	0.6292459	0.329283	0.670717	4.902245
3348	-1480.943	-1578.7	97.7577	0.6521394	0.326755	0.673245	4.057895
3354	-1474.964	-1573.374	98.41083	1.030886	0.359716	0.640284	3.462641
3360	-1478.61	-1576.055	97.44499	0.8312214	0.498723	0.501277	4.133996
3366	-1477.333	-1572.237	94.90394	0.4738552	0.513126	0.486874	5.748011
3372	-1481.22	-1577.406	96.18575	0.6634295	0.424187	0.575813	4.936189
3378	-1487.023	-1582.613	95.59006	0.7323926	0.600986	0.399014	5.228297
3384	-1489.566	-1586.794	97.22824	0.5547249	0.557596	0.442404	4.41331
3390	-1479.742	-1577.181	97.43914	0.8121905	0.409948	0.590052	4.148147
3396	-1490.011	-1588.221	98.21033	0.7654696	0.409948	0.590052	3.733214
3402	-1487.549	-1583.527	95.97782	0.5452376	0.50242	0.49758	5.117264
3408	-1485.82	-1580.208	94.38736	0.5136241	0.410521	0.589479	6.008584
3414	-1482.546	-1578.463	95.91702	0.4530005	0.433443	0.566557	5.201991
3420	-1488.666	-1584.711	96.04461	0.6752822	0.409128	0.590872	5.008059
3426	-1489.668	-1584.813	95.14449	0.5703817	0.409128	0.590872	5.563127
3432	-1488.742	-1585.199	96.45776	0.563778	0.53836	0.46164	4.84019
3438	-1489.834	-1585.362	95.52739	0.8275238	0.317729	0.682271	5.210351
3444	-1479.374	-1575.688	96.31393	0.7114209	0.583281	0.416719	4.838063
3450	-1486.037	-1581.941	95.90326	0.9499635	0.482782	0.517218	4.933938
3456	-1477.97	-1574.142	96.17146	0.6817686	0.451923	0.548077	4.933938
3462	-1478.748	-1574.98	96.23159	0.6205397	0.484202	0.515798	4.934547
3468	-1486.653	-1582.975	96.32178	0.5938918	0.601411	0.398589	4.899178
3474	-1476.167	-1572.318	96.15108	0.7645957	0.460307	0.539693	4.899178
3480	-1478.338	-1575.261	96.92371	0.7105053	0.483812	0.516188	4.497087
3486	-1470.414	-1567.388	96.9746	0.8727121	0.436576	0.563424	4.377006
3492	-1477.066	-1574.047	96.98074	0.6456045	0.55077	0.44923	4.501517
3498	-1477.613	-1572.099	94.48592	0.4716626	0.421238	0.578762	5.97771
3504	-1473.596	-1569.006	95.4095	0.767438	0.499791	0.500209	5.308686
3510	-1475.954	-1573.378	97.42475	0.8216906	0.493903	0.506097	4.150927
3516	-1473.714	-1571.324	97.6109	0.7715558	0.410191	0.589809	4.073504
3522	-1480.827	-1577.764	96.93753	1.001728	0.485748	0.514252	4.32507
3528	-1481.431	-1576.384	94.9527	0.6222754	0.443329	0.556671	5.639929
3534	-1480.922	-1575.597	94.67521	0.5581597	0.443329	0.556671	5.827053
3540	-1477.664	-1572.366	94.7017	0.5913769	0.482289	0.517711	5.79439
3546	-1480.681	-1576.622	95.94138	0.507355	0.440016	0.559984	5.158428
3552	-1475.667	-1572.329	96.66179	0.7065512	0.43845	0.56155	4.646354
3558	-1476.873	-1573.764	96.89095	0.7168457	0.436774	0.563226	4.511948
3564	-1483.711	-1580.462	96.75084	0.8569607	0.40411	0.59589	4.511948
3570	-1485.445	-1582.543	97.09731	0.7001614	0.338086	0.661914	4.405133
3576	-1481.731	-1578.042	96.31126	0.6854374	0.522019	0.477981	4.854039
3582	-1477.213	-1572.931	95.71785	0.5641015	0.426117	0.573883	5.250683
3588	-1476.25	-1571.889	95.63901	0.6429481	0.449648	0.550352	5.250683
3594	-1480.406	-1575.806	95.40036	0.4471023	0.424603	0.575397	5.490235
3600	-1480.376	-1576.101	95.72434	0.4755167	0.568378	0.431622	5.296035
3606	-1485.276	-1579.656	94.38003	0.3901433	0.44432	0.55568	6.079889
3612	-1481.937	-1576.392	94.45552	0.5200295	0.44432	0.55568	5.967903
3618	-1479.742	-1575.553	95.8105	0.737853	0.46211	0.53789	5.103243
3624	-1486.995	-1582.553	95.55743	0.5714342	0.402754	0.597246	5.335217
3630	-1484.364	-1580.46	96.09574	0.5234733	0.381703	0.618297	5.063948
3636	-1487.309	-1583.396	96.08702	0.5648638	0.517788	0.482212	5.045818
3642	-1484.354	-1580.826	96.47157	0.6480988	0.469725	0.530275	4.785437
3648	-1481.395	-1576.654	95.25852	0.5539728	0.491073	0.508927	5.509472
3654	-1483.676	-1577.93	94.25425	0.4528136	0.397082	0.602918	6.114262
3660	-1482.166	-1579.381	97.21423	0.8244778	0.466965	0.533035	4.268791
3666	-1484.574	-1582.271	97.69755	0.8484897	0.554393	0.445607	3.980117
3672	-1486.124	-1583.396	97.2718	0.8288281	0.606577	0.393423	4.233708
3678	-1487.447	-1583.647	96.19993	0.6612035	0.453052	0.546948	4.929539
3684	-1490.519	-1586.773	96.25418	0.612817	0.444526	0.555474	4.926277
3690	-1484.956	-1581.51	96.55348	0.7240997	0.455366	0.544634	4.697173
3696	-1494.251	-1591.897	97.64598	0.7240997	0.509345	0.490655	4.080556
3702	-1498.355	-1595.641	97.28657	0.7637624	0.357532	0.642468	4.262209
3708	-1488.651	-1586.284	97.63346	0.7256682	0.527307	0.472693	4.0868
3714	-1482.074	-1578.834	96.75934	0.7743966	0.382189	0.617811	4.553567
3720	-1478.926	-1574.674	95.74831	0.712447	0.417816	0.582184	5.151776
3726	-1475.43	-1572.96	97.52976	0.700118	0.554334	0.445666	4.160341
3732	-1482.503	-1579.402	96.8987	0.6410485	0.637863	0.362137	4.550192
3738	-1490.904	-1587.8	96.89584	0.8946996	0.442551	0.557449	4.40904
3744	-1490.144	-1588.712	98.56881	0.9596428	0.52984	0.47016	3.41189
3750	-1485.166	-1582.653	97.48649	0.8064758	0.390323	0.609677	4.124469
3756	-1495.073	-1590.224	95.15149	0.8099799	0.390323	0.609677	5.427484
3762	-1492.005	-1588.333	96.3275	0.7901355	0.417073	0.582927	4.786574
3768	-1494.433	-1592.151	97.71743	0.8138987	0.503703	0.496297	3.988529
3774	-1490.247	-1586.408	96.16128	0.77102	0.634647	0.365353	4.88992
3780	-1488.042	-1583.464	95.42181	0.4979408	0.573687	0.426313	5.450458
3786	-1490.77	-1586.809	96.03877	0.4347894	0.572681	0.427319	5.144684
3792	-1487.1	-1582.646	95.54625	0.5710862	0.562088	0.437912	5.341577
3798	-1483.851	-1578.802	94.95079	0.5858994	0.527192	0.472808	5.660933
3804	-1487.777	-1582.67	94.89247	0.6442203	0.517677	0.482323	5.660933
3810	-1494.775	-1590.263	95.48797	0.4818942	0.52254	0.47746	5.422861
3816	-1483.233	-1580.843	97.60987	0.8447728	0.500316	0.499684	4.032333
3822	-1486.317	-1584.328	98.01123	1.090094	0.431668	0.568332	3.660641
3828	-1486.312	-1585.243	98.9312	1.12495	0.55861	0.44139	3.100131
3834	-1489.428	-1585.664	96.23562	0.6533154	0.5463	0.4537	4.914064
3840	-1486.472	-1583.005	96.53302	0.6688959	0.494872	0.505128	4.739491
3846	-1489.687	-1587.849	98.16234	0.9152678	0.592389	0.407611	3.674371
3852	-1478.969	-1577.132	98.1635	0.9152678	0.419231	0.580769	3.673698
3858	-1477.013	-1573.965	96.95126	0.859736	0.435911	0.564089	4.397502
3864	-1478.393	-1573.552	95.15932	0.7667658	0.430207	0.569793	5.446971
3870	-1485.883	-1584.024	98.14102	0.8929706	0.529638	0.470362	3.6996
3876	-1490.899	-1588.225	97.32588	0.8281277	0.529638	0.470362	4.203427
3882	-1488.118	-1584.035	95.91728	0.5642119	0.434512	0.565488	5.140289
3888	-1493.809	-1590.315	96.50609	0.7440899	0.387774	0.612226	4.712502
3894	-1482.894	-1578.435	95.54067	0.7463732	0.472887	0.527113	5.24787
3900	-1482.515	-1577.651	95.13565	0.5897462	0.511953	0.488047	5.557342
3906	-1479.173	-1574.16	94.98728	0.48263	0.462216	0.537784	5.697544
3912	-1485.99	-1582.189	96.1995	0.6770072	0.399495	0.600505	4.920984
3918	-1479.952	-1576.174	96.22215	0.764539	0.508874	0.491126	4.859616
3924	-1476.237	-1572.591	96.35437	0.860224	0.524968	0.475032	4.732399
3930	-1484.764	-1581.257	96.49256	0.6024721	0.542376	0.457624	4.799189
3936	-1484.219	-1581.27	97.05026	0.5755027	0.477577	0.522423	4.501843
3942	-1480.276	-1577.485	97.20907	0.8274942	0.48803	0.51197	4.270008
3948	-1480.475	-1577.93	97.45521	0.8304963	0.497285	0.502715	4.1286
3954	-1503.548	-1603.184	99.63567	0.9158888	0.497285	0.502715	2.80184
3960	-1498.463	-1598.719	100.2551	1.249808	0.334289	0.665711	2.205515
3966	-1488.117	-1587.738	99.62072	1.174048	0.445057	0.554943	2.652932
3972	-1491.561	-1589.542	97.98043	1.077406	0.432385	0.567615	3.685811
3978	-1493.667	-1593.112	99.4455	0.9635201	0.632797	0.367203	2.888307
3984	-1492.115	-1590.205	98.08934	0.8874051	0.497815	0.502185	3.732674
3990	-1493.527	-1592.626	99.09912	0.9796199	0.461388	0.538612	3.086658
3996	-1494.326	-1591.083	96.75732	0.748958	0.461388	0.538612	4.568991
4002	-1490.773	-1587.673	96.90001	0.8375655	0.445951	0.554049	4.438895
4008	-1486.042	-1584.165	98.12328	0.8375655	0.540814	0.459186	3.741848
4014	-1486.737	-1584.371	97.63426	0.8136796	0.393468	0.606532	4.036157
4020	-1482.988	-1579.633	96.64524	0.7339463	0.374204	0.625796	4.640278
4026	-1495.957	-1593.071	97.11377	0.6858875	0.384159	0.615841	4.403899
4032	-1481.456	-1577.441	95.98502	0.4818554	0.482968	0.517032	5.148385
4038	-1483.456	-1577.837	94.38017	0.740709	0.439234	0.560766	5.888548
4044	-1480.965	-1576.38	95.41516	0.5147196	0.42916	0.57084	5.444879
4050	-1487.983	-1583.658	95.67561	0.4969149	0.625649	0.374351	5.311122
4056	-1475.906	-1572.171	96.26539	0.5631619	0.502611	0.497389	4.947666
4062	-1494.22	-1589.243	95.02251	0.5495415	0.541317	0.458683	5.641537
4068	-1496.633	-1590.906	94.27221	0.3853072	0.599065	0.400935	6.141237
4074	-1485.566	-1580.453	94.88659	0.5834609	0.29018	0.70982	5.697466
4080	-1486.471	-1583.505	97.03425	0.5951868	0.451915	0.548085	4.499775
4086	-1490.505	-1586.272	95.76651	0.5833675	0.491491	0.508509	5.213134
4092	-1495.49	-1591.416	95.92515	0.5076231	0.549127	0.450873	5.167266
4098	-1492.787	-1588.475	95.6874	0.4537356	0.532918	0.467082	5.328443
4104	-1479.175	-1573.049	93.87385	0.5701884	0.529259	0.470741	6.257342
4110	-1471.706	-1567.648	95.94221	0.573854	0.538564	0.461436	5.12114
4116	-1483.82	-1577.834	94.0143	0.6045156	0.577928	0.422072	6.162301
4122	-1485.726	-1581.727	96.00033	0.4774908	0.424736	0.575264	5.142325
4128	-1483.824	-1580.186	96.36176	0.6072506	0.4335	0.5665	4.86947
4134	-1477.841	-1574.225	96.38305	0.5859611	0.436348	0.563652	4.86947
4140	-1478.662	-1575.022	96.35934	0.6773249	0.46892	0.53108	4.831753
4146	-1488.394	-1584.836	96.44237	0.557536	0.504739	0.495261	4.852248
4152	-1477.605	-1573.774	96.16948	0.6242521	0.481502	0.518498	4.967026
4158	-1478.988	-1574.261	95.2726	0.560715	0.526807	0.473193	5.498019
4164	-1480.6	-1577.261	96.66066	0.6955181	0.531679	0.468321	4.653168
4170	-1478.701	-1575.778	97.077	0.6584468	0.545186	0.454814	4.440095
4176	-1481.67	-1579.469	97.79917	0.7007693	0.563687	0.436313	4.006465
4182	-1475.198	-1571.39	96.19257	0.735417	0.563687	0.436313	4.892322
4188	-1486.015	-1583.506	97.49088	0.9618709	0.658687	0.341313	4.033413
4194	-1479.169	-1576.622	97.45294	0.6641383	0.440904	0.559096	4.224381
4200	-1487.498	-1584.094	96.59607	0.6346472	0.466697	0.533303	4.723388
4206	-1489.405	-1585.926	96.5206	0.710116	0.428044	0.571956	4.723388
4212	-1496.959	-1593.978	97.0185	0.6157791	0.572375	0.427625	4.497055
4218	-1481.859	-1579.773	97.91444	0.6391329	0.580468	0.419532	3.975809
4224	-1479.502	-1574.995	95.4933	0.4665766	0.44088	0.55912	5.428364
4230	-1482.596	-1578.824	96.22792	0.6769349	0.611052	0.388948	4.905201
4236	-1479.922	-1578.508	98.58569	0.8173057	0.510711	0.489289	3.485254
4242	-1498.408	-1595.536	97.12729	0.7604326	0.452477	0.547523	4.354187
4248	-1492.088	-1590.1	98.01125	0.8666913	0.342697	0.657303	3.789646
4254	-1493.98	-1592.351	98.37055	0.8558623	0.612734	0.387266	3.588086
4260	-1487.559	-1583.705	96.14562	0.7644645	0.429981	0.570019	4.90229
4266	-1484.227	-1579.988	95.7605	0.7265945	0.461467	0.538533	5.137185
4272	-1487.731	-1583.979	96.248	0.6800981	0.466148	0.533852	4.892259
4278	-1484.971	-1581.941	96.96994	0.491702	0.537934	0.462066	4.594043
4284	-1482.21	-1578.375	96.16503	0.630964	0.541092	0.458908	4.965771
4290	-1480.047	-1576.124	96.07662	0.5024657	0.556761	0.443239	5.086207
4296	-1482.164	-1578.732	96.56743	0.6573651	0.429639	0.570361	4.7267
4302	-1490.619	-1586.629	96.00938	0.7051298	0.472371	0.527629	5.01105
4308	-1482.833	-1578.543	95.71078	0.5969798	0.409762	0.590238	5.236421
4314	-1481.257	-1577.309	96.05141	0.6016888	0.511847	0.488153	5.045147
4320	-1479.412	-1575.887	96.47447	0.6377929	0.360207	0.639793	4.789569
4326	-1482.891	-1580.491	97.60026	0.846621	0.377069	0.622931	4.036762
4332	-1484.999	-1583.975	98.97583	1.123376	0.532669	0.467331	3.074442
4338	-1485.347	-1582.416	97.06916	0.9906927	0.532669	0.467331	4.256815
4344	-1490.896	-1588.215	97.31901	0.8992671	0.370006	0.629994	4.166931
4350	-1488.081	-1582.477	94.39591	0.6234995	0.391327	0.608673	5.943968
4356	-1489.701	-1585.318	95.61728	0.6209099	0.466144	0.533856	5.274861
4362	-1489.129	-1585.052	95.92375	0.6275179	0.432601	0.567399	5.101626
4368	-1490.362	-1587.026	96.66371	0.5384809	0.432601	0.567399	4.739334
4374	-1486.31	-1584.32	98.01023	0.799167	0.527983	0.472017	3.829097
4380	-1480.436	-1576.403	95.96651	0.4519669	0.462737	0.537263	5.175181
4386	-1486.018	-1581.448	95.43048	0.4840248	0.396748	0.603252	5.453342
4392	-1483.605	-1580.163	96.55768	0.6675857	0.422394	0.577606	4.726434
4398	-1481.737	-1578.035	96.2982	0.5180435	0.539249	0.460751	4.954512
4404	-1480.335	-1574.683	94.34752	0.6099646	0.435892	0.564108	5.977761
4410	-1487.277	-1582.891	95.61372	0.6897359	0.443831	0.556169	5.238802
4416	-1485.358	-1581.07	95.71287	0.6154104	0.32677	0.67323	5.225076
4422	-1482.554	-1577.213	94.65879	0.3851008	0.32677	0.67323	5.930597
4428	-1486.141	-1579.521	93.37953	0.6319467	0.526884	0.473116	6.492029
4434	-1495.144	-1588.353	93.20865	0.5483919	0.526451	0.473549	6.629741
4440	-1490.126	-1584.15	94.02432	0.4119817	0.451104	0.548896	6.261545
4446	-1486.872	-1582.555	95.68293	0.6314056	0.45461	0.54539	5.232787
4452	-1489.771	-1587.473	97.70175	0.752119	0.279102	0.720898	4.032777
4458	-1498.458	-1593.886	95.42801	0.8248049	0.212795	0.787205	5.266786
4464	-1482.839	-1580.622	97.78319	0.842276	0.462538	0.537462	3.934661
4470	-1482.337	-1580.191	97.85391	0.8404212	0.408209	0.591791	3.895187
4476	-1479.11	-1574.718	95.60848	0.5136223	0.324394	0.675606	5.338943
4482	-1482.881	-1579.598	96.71662	0.6875104	0.558472	0.441528	4.626297
4488	-1474.744	-1571.154	96.41026	0.6383289	0.376311	0.623689	4.825104
4494	-1482.807	-1578.529	95.7218	0.6219255	0.338906	0.661094	5.216536
4500	-1477.281	-1572.478	95.19631	0.5563242	0.436002	0.563998	5.542377
4506	-1492.663	-1587.863	95.2003	0.713888	0.429153	0.570847	5.45352
4512	-1485.955	-1582.577	96.6222	0.7473281	0.463324	0.536676	4.645689
4518	-1484.109	-1581.593	97.48381	0.8794302	0.437789	0.562211	4.084455
4524	-1492.265	-1591.53	99.26496	1.056856	0.513283	0.486717	2.940938
4530	-1487.887	-1586.998	99.11119	1.003744	0.392237	0.607763	3.065048
4536	-1488.186	-1584.752	96.56586	0.8289175	0.392237	0.607763	4.631535
4542	-1484.202	-1580.604	96.4022	0.7526328	0.572941	0.427059	4.7658
4548	-1480.864	-1578.547	97.68328	0.8759792	0.418297	0.581703	3.972556
4554	-1486.711	-1583.913	97.2022	0.6988148	0.501544	0.498456	4.346681
4560	-1471.932	-1567.9	95.96827	0.7813399	0.511346	0.488654	4.991553
4566	-1475.87	-1572.937	97.06719	0.6974293	0.386464	0.613536	4.423657
4572	-1470.7	-1566.583	95.8825	0.6296796	0.541967	0.458033	5.123288
4578	-1485.125	-1582.326	97.20076	0.6446648	0.623374	0.376626	4.378074
4584	-1488.074	-1582.771	94.69604	0.7644149	0.343749	0.656251	5.702726
4590	-1491.951	-1587.222	95.27024	0.4537438	0.414022	0.585978	5.558118
4596	-1490.766	-1586.762	95.99569	0.6357629	0.551842	0.448158	5.057158
4602	-1481.027	-1578.023	96.99682	0.7177543	0.549594	0.450406	4.451855
4608	-1489.635	-1585.369	95.73401	0.4932947	0.410303	0.589697	5.280876
4614	-1489.331	-1587.217	97.88586	0.8423297	0.461453	0.538547	3.875755
4620	-1481.051	-1577.06	96.00895	0.4958407	0.3962	0.6038	5.127384
4626	-1487.37	-1583.736	96.36528	0.7009069	0.3962	0.6038	4.815285
4632	-1472.318	-1568.869	96.55099	0.6726029	0.540692	0.459308	4.727372
4638	-1477.935	-1572.228	94.29317	0.6464226	0.565242	0.434758	5.987523
4644	-1486.578	-1581.567	94.98969	0.448016	0.492939	0.507061	5.715191
4650	-1480.967	-1576.331	95.36428	0.5924256	0.463652	0.536348	5.430106
4656	-1487.837	-1583.087	95.24977	0.6084504	0.463652	0.536348	5.484318
4662	-1476.83	-1573.363	96.53326	0.7268354	0.348033	0.651967	4.706954
4668	-1471.361	-1569.058	97.69794	0.8657425	0.499493	0.500507	3.970029
4674	-1472.509	-1569.334	96.82544	0.7147328	0.392292	0.607708	4.549955
4680	-1481.567	-1576.92	95.35227	0.5790466	0.523128	0.476872	5.444091
4686	-1490.928	-1586.501	95.57387	0.5632207	0.451285	0.548715	5.330676
4692	-1482.985	-1576.894	93.90964	0.342513	0.374841	0.625159	6.361538
4698	-1491.226	-1585.364	94.13756	0.1145967	0.4334	0.5666	6.361538
4704	-1492.474	-1587.207	94.73313	0.06235303	0.4334	0.5666	6.066097
4710	-1501.173	-1595.28	94.10723	0.3846915	0.28061	0.71939	6.231313
4716	-1490.971	-1585.966	94.99484	0.6610661	0.464329	0.535671	5.595509
4722	-1493.971	-1589.338	95.36759	0.6448642	0.416473	0.583527	5.399401
4728	-1488.6	-1584.986	96.38665	0.5526539	0.427384	0.572616	4.886019
4734	-1485.439	-1581.882	96.44376	0.3888973	0.534384	0.465616	4.94538
4740	-1481.14	-1576.01	94.86945	0.4111183	0.396319	0.603681	5.801235
4746	-1472.135	-1567.168	95.03339	0.7848239	0.399343	0.600657	5.506323
4752	-1477.69	-1574.033	96.34335	0.5934595	0.514576	0.485424	4.88741
4758	-1474.82	-1571.145	96.32572	0.5069853	0.478132	0.521868	4.945352
4764	-1481.654	-1576.627	94.97282	0.4233625	0.391286	0.608714	5.737942
4770	-1476.573	-1571.138	94.56431	0.434011	0.47396	0.52604	5.955478
4776	-1472.455	-1568.881	96.4255	0.5468232	0.374923	0.625077	4.867623
4782	-1471.618	-1566.214	94.5968	0.6141818	0.477327	0.522673	5.839297
4788	-1483.519	-1579.079	95.56009	0.5666918	0.400573	0.599427	5.336362
4794	-1483.224	-1578.634	95.40932	0.7174682	0.550344	0.449656	5.336362
4800	-1488.364	-1583.935	95.57101	0.555775	0.511572	0.488428	5.336362
4806	-1495.05	-1592.383	97.33279	0.7137986	0.521592	0.478408	4.264329
4812	-1486.486	-1583.067	96.58015	0.7947656	0.41775	0.58225	4.642667
4818	-1481.77	-1579.684	97.9133	0.7570138	0.480141	0.519859	3.908963
4824	-1484.635	-1580.447	95.81145	0.7078945	0.38014	0.61986	5.119318
4830	-1492.435	-1589.904	97.46898	0.749887	0.324274	0.675726	4.1666
4836	-1478.53	-1574.026	95.49544	0.5808757	0.309158	0.690842	5.364198
4842	-1479.08	-1574.857	95.77634	0.5165808	0.595239	0.404761	5.244622
4848	-1484.624	-1580.066	95.44253	0.6977844	0.426536	0.573464	5.328896
4854	-1485.519	-1580.35	94.83114	0.7213197	0.433245	0.566755	5.652279
4860	-1481.444	-1578.616	97.17196	0.74468	0.582951	0.417049	4.337854
4866	-1487.701	-1583.161	95.46027	0.5367272	0.725938	0.274062	5.407916
4872	-1486.46	-1583.111	96.65065	0.419977	0.536985	0.463015	4.81281
4878	-1484.075	-1579.465	95.39016	0.6695294	0.536985	0.463015	5.373364
4884	-1494.103	-1589.631	95.52799	0.7456028	0.510983	0.489017	5.255303
4890	-1490.936	-1588.645	97.70934	1.006589	0.473204	0.526796	3.882796
4896	-1496.581	-1594.024	97.44308	0.5616716	0.473204	0.526796	4.288016
4902	-1481.649	-1577.26	95.61139	0.474586	0.573624	0.426376	5.358873
4908	-1479.429	-1574.474	95.045	0.4785363	0.395959	0.604041	5.668144
4914	-1487.61	-1583.605	95.99537	0.5350684	0.573052	0.426948	5.113173
4920	-1477.853	-1573.668	95.81427	0.6454849	0.553594	0.446406	5.152327
4926	-1479.13	-1574.818	95.68878	0.703784	0.506691	0.493309	5.189518
4932	-1489.547	-1584.189	94.64239	0.5020321	0.579557	0.420443	5.875682
4938	-1491.938	-1588.121	96.18241	0.7710958	0.472875	0.527125	4.878105
4944	-1480.342	-1575.881	95.53863	0.5707163	0.422031	0.577969	5.345979
4950	-1486.236	-1582.312	96.07536	0.6398629	0.422031	0.577969	5.010656
4956	-1488.912	-1586.356	97.44449	0.4795179	0.468315	0.531685	4.333684
4962	-1495.258	-1589.429	94.17085	0.6983192	0.447723	0.552277	6.025936
4968	-1482.911	-1578.609	95.69836	0.5519037	0.472461	0.527539	5.268194
4974	-1483.613	-1580.657	97.04349	0.6946591	0.545355	0.454645	4.438575
4980	-1480.279	-1576.784	96.50518	0.8511574	0.473063	0.526937	4.653078
4986	-1480.679	-1576.432	95.75274	0.7040011	0.434251	0.565749	5.153999
4992	-1479.702	-1576.239	96.53602	0.6650333	0.547942	0.452058	4.739972
4998	-1479.905	-1575.35	95.44488	0.4750557	0.415185	0.584815	5.450353
5004	-1489.708	-1584.946	95.23835	0.768427	0.501579	0.498421	5.402525
5010	-1486.386	-1582.624	96.23752	0.7635414	0.544705	0.455295	4.851604
5016	-1486.18	-1584.063	97.88276	0.7326926	0.516648	0.483352	3.940394
5022	-1485.67	-1580.916	95.24635	0.4960967	0.462078	0.537922	5.547972
5028	-1489.403	-1586.072	96.66908	0.811386	0.378341	0.621659	4.583479
5034	-1486.266	-1582.319	96.05381	0.5504571	0.481354	0.518646	5.072241
5040	-1487.854	-1583.838	95.98345	0.701534	0.435555	0.564445	5.027447
5046	-1480.806	-1576.556	95.74992	0.6716191	0.403683	0.596317	5.173487
5052	-1482.164	-1579.203	97.03929	0.7406636	0.337353	0.662647	4.41501
5058	-1479.56	-1575.784	96.22425	0.7647105	0.513832	0.486168	4.858352
5064	-1483.703	-1579.185	95.48211	0.5330551	0.609329	0.390671	5.397906
5070	-1483.649	-1580.525	96.87564	0.7183565	0.488333	0.511667	4.519706
5076	-1493.94	-1591.494	97.55401	0.8462339	0.488333	0.511667	4.063364
5082	-1477.402	-1572.62	95.21817	0.4952106	0.430404	0.569596	5.563944
5088	-1485.673	-1582.131	96.45743	0.3954199	0.44907	0.55093	4.934147
5094	-1489.244	-1584.796	95.55226	0.6405129	0.40518	0.59482	5.299946
5100	-1497.838	-1593.11	95.27253	0.4352415	0.468774	0.531226	5.567024
5106	-1492.726	-1589.547	96.82083	0.7749241	0.41558	0.58442	4.518717
5112	-1502.809	-1598.169	95.3599	0.4015125	0.469011	0.530989	5.537549
5118	-1511.167	-1606.204	95.0378	0.4475163	0.45586	0.54414	5.689101
5124	-1497.215	-1591.996	94.78073	0.5725213	0.533404	0.466596	5.76145
5130	-1486.82	-1581.702	94.88276	0.3693049	0.387231	0.612769	5.816828
5136	-1486.671	-1581.892	95.22115	0.5883122	0.443302	0.556698	5.511137
5142	-1486.286	-1582.821	96.53422	0.5414611	0.520104	0.479896	4.809988
5148	-1484.877	-1581.001	96.12345	0.6483291	0.564546	0.435454	4.979231
5154	-1484.532	-1581.558	97.02632	0.5883003	0.396963	0.603037	4.508113
5160	-1486.715	-1584.286	97.57074	0.893015	0.610637	0.389363	4.02713
5166	-1478.207	-1572.536	94.32945	0.7073984	0.406576	0.593424	5.934443
5172	-1479.058	-1576.222	97.16451	0.6939861	0.428526	0.571474	4.370695
5178	-1478.656	-1575.67	97.0137	0.7603973	0.428526	0.571474	4.418309
5184	-1479.151	-1575.256	96.10443	0.7831298	0.521251	0.478749	4.914831
5190	-1476.516	-1571.854	95.3377	0.6419504	0.37794	0.62206	5.417474
5196	-1487.284	-1584.403	97.11922	0.7806743	0.625924	0.374076	4.347313
5202	-1479.143	-1574.463	95.31997	0.595697	0.428877	0.571123	5.452706
5208	-1478.907	-1574.298	95.39086	0.4979632	0.508299	0.491701	5.467477
5214	-1478.342	-1573.806	95.46435	0.5423038	0.452085	0.547915	5.402597
5220	-1483.131	-1578.718	95.58774	0.4189109	0.362657	0.637343	5.402597
5226	-1479.071	-1573.795	94.72494	0.4687104	0.481678	0.518322	5.848775
5232	-1487.573	-1582.055	94.48247	0.5558024	0.354839	0.645161	5.933668
5238	-1483.941	-1579.872	95.93089	0.7058319	0.566251	0.433749	5.054232
5244	-1500.207	-1594.932	94.7247	0.4878117	0.529221	0.470779	5.838457
5250	-1491.587	-1587.681	96.0937	0.548396	0.506714	0.493286	5.051252
5256	-1481.642	-1577.728	96.0858	0.5562956	0.361499	0.638501	5.051252
5262	-1480.042	-1574.96	94.91766	0.4969671	0.443752	0.556248	5.727838
5268	-1485.237	-1581.971	96.7344	0.532876	0.443752	0.556248	4.702937
5274	-1490.357	-1586.9	96.54257	0.7247066	0.376872	0.623128	4.702937
5280	-1483.698	-1581.109	97.41019	0.9041777	0.508949	0.491051	4.11229
5286	-1485.049	-1581.997	96.94783	0.7701541	0.56975	0.43025	4.449932
5292	-1489.716	-1585.517	95.80107	0.6071207	0.538058	0.461942	5.180875
5298	-1480.579	-1576.283	95.70371	0.6071207	0.538058	0.461942	5.234724
5304	-1493.055	-1589.826	96.7712	0.5564223	0.579084	0.420916	4.669159
5310	-1498.405	-1594.029	95.6244	0.6824234	0.403457	0.596543	5.236939
5316	-1487.138	-1582.977	95.83929	0.5991735	0.40978	0.59022	5.164116
5322	-1490.74	-1586.769	96.02827	0.5678065	0.430648	0.569352	5.076784
5328	-1496.725	-1594.084	97.35858	0.5513071	0.520578	0.479422	4.341668
5334	-1484.436	-1582.192	97.75614	0.865977	0.527291	0.472709	3.936578
5340	-1479.925	-1575.629	95.70457	0.755726	0.448676	0.551324	5.152031
5346	-1481.817	-1576.697	94.8798	0.5090683	0.448676	0.551324	5.741945
5352	-1481.57	-1576.787	95.21713	0.4528225	0.382412	0.617588	5.587795
5358	-1483.041	-1578.332	95.29048	0.4652368	0.382412	0.617588	5.540684
5364	-1478.76	-1575.573	96.81342	0.7942701	0.395817	0.604183	4.512007
5370	-1482.938	-1577.902	94.96481	0.5661213	0.496488	0.503512	5.664091
5376	-1486.636	-1582.802	96.16585	0.6060191	0.528061	0.471939	4.979181
5382	-1485.479	-1581.073	95.59425	0.5685746	0.512009	0.487991	5.316473
5388	-1488.573	-1584.787	96.21343	0.630327	0.465326	0.534674	4.939205
5394	-1489.146	-1584.998	95.85147	0.630327	0.520768	0.479232	5.140119
5400	-1480.589	-1576.579	95.9899	0.7108207	0.510804	0.489196	5.01871
5406	-1473.965	-1569.689	95.7233	0.5610886	0.407613	0.592387	5.249337
5412	-1478.33	-1576.68	98.34916	0.8791543	0.54374	0.45626	3.586982
5418	-1491.928	-1590.216	98.28787	1.142417	0.566723	0.433277	3.469315
5424	-1486.38	-1585.916	99.53643	1.142417	0.466738	0.533262	2.724136
5430	-1485.603	-1581.602	95.99922	0.8529748	0.542568	0.457432	4.934512
5436	-1475.082	-1571.889	96.8069	0.8972379	0.542568	0.457432	4.457733
5442	-1478.214	-1576.071	97.85712	0.8356047	0.542568	0.457432	3.896107
5448	-1477.234	-1575.111	97.87689	0.7794829	0.514795	0.485205	3.916954
5454	-1480.096	-1577.083	96.98734	0.7649105	0.440142	0.559858	4.430626
5460	-1507.286	-1602.92	95.63432	0.5583077	0.428634	0.571366	5.300025
5466	-1491.593	-1589.286	97.6927	0.6792539	0.436249	0.563751	4.079493
5472	-1487.613	-1588.335	100.7214	1.463313	0.34872	0.65128	1.749926
5478	-1490.807	-1591.509	100.7019	1.253112	0.536885	0.463115	1.908003
5484	-1480.674	-1580.023	99.34853	1.030619	0.417614	0.582386	2.906359
5490	-1480.934	-1579.717	98.78272	1.124267	0.46398	0.53602	3.188813
5496	-1472.763	-1569.915	97.15175	0.6973336	0.46398	0.53602	4.376009
5502	-1476.016	-1574.125	98.10881	0.8654628	0.570889	0.429111	3.734101
5508	-1480.472	-1578.418	97.94605	0.8366871	0.565807	0.434193	3.844427
5514	-1487.436	-1584.696	97.26009	0.5042802	0.585544	0.414456	4.423798
5520	-1484.251	-1579.355	95.10408	0.6523243	0.59318	0.40682	5.540306
5526	-1475.717	-1571.491	95.77432	0.5205395	0.59318	0.40682	5.243549
5532	-1486.371	-1583.216	96.84465	0.6531564	0.591961	0.408039	4.573743
5538	-1490.068	-1586.835	96.76669	0.7609207	0.365389	0.634611	4.557007
5544	-1487.89	-1585.032	97.14256	0.6783599	0.507359	0.492641	4.391904
5550	-1502.159	-1597.221	95.06237	0.8931023	0.507359	0.492641	5.430789
5556	-1480.044	-1576.359	96.31548	0.5283725	0.428743	0.571257	4.939154
5562	-1482.048	-1579.247	97.19874	0.8653687	0.487347	0.512653	4.254408
5568	-1489.884	-1585.895	96.01121	0.6450914	0.500506	0.499494	5.043367
5574	-1487.503	-1582.432	94.92908	0.3979864	0.500506	0.499494	5.775786
5580	-1491.443	-1586.679	95.23609	0.3935793	0.467247	0.532753	5.609917
5586	-1489.623	-1586.198	96.57508	0.6471285	0.480177	0.519823	4.728142
5592	-1481.507	-1578.716	97.2084	0.7864301	0.490297	0.509703	4.293634
5598	-1476.708	-1573.747	97.03854	0.7981211	0.523146	0.476854	4.383022
5604	-1477.983	-1576.693	98.70936	0.9093121	0.541323	0.458677	3.358961
5610	-1487.667	-1585.962	98.29439	0.9220755	0.399269	0.600731	3.593861
5616	-1479.913	-1576.487	96.57453	0.6536894	0.470075	0.529925	4.724784
5622	-1493.465	-1587.393	93.92745	0.2625378	0.566287	0.433713	6.395268
5628	-1493.388	-1588.126	94.73756	0.1651314	0.425181	0.574819	6.007656
5634	-1491.321	-1585.912	94.59057	0.3121218	0.461221	0.538779	6.007656
5640	-1492.395	-1589.816	97.421	0.6793856	0.466539	0.533461	4.233847
5646	-1480.727	-1576.063	95.33599	0.4563355	0.527381	0.472619	5.520559
5652	-1480.705	-1576.137	95.43152	0.3608067	0.540591	0.459409	5.520559
5658	-1479.484	-1575.111	95.62699	0.5151245	0.450189	0.549811	5.327901
5664	-1485.146	-1581.411	96.26479	0.6429611	0.508327	0.491673	4.903592
5670	-1478.923	-1575.915	96.99207	0.668813	0.458012	0.541988	4.482087
5676	-1486.869	-1584.538	97.66899	0.7923718	0.60178	0.39822	4.028496
5682	-1473.13	-1568.378	95.24815	0.3712993	0.359337	0.640663	5.615526
5688	-1474.323	-1570.815	96.49207	0.6454769	0.52086	0.47914	4.775452
5694	-1475.981	-1572.621	96.64007	0.5391506	0.405365	0.594635	4.752175
5700	-1487.298	-1583.649	96.35034	0.6032057	0.329135	0.670865	4.878084
5706	-1486.158	-1581.873	95.71512	0.3019622	0.516528	0.483472	5.39685
5712	-1493.164	-1588.295	95.13113	0.07006535	0.415759	0.584241	5.844648
5718	-1477.079	-1572.695	95.61583	0.06114695	0.417979	0.582021	5.583939
5724	-1478.579	-1574.023	95.44322	0.03430812	0.393718	0.606282	5.693369
5730	-1483.167	-1578.877	95.71003	0.1116748	0.5168	0.4832	5.504403
5736	-1479.062	-1573.221	94.159	0.4470973	0.5168	0.4832	6.169218
5742	-1479.576	-1576.39	96.81411	0.8137334	0.408833	0.591167	4.500676
5748	-1480.092	-1575.682	95.58954	0.7733695	0.549647	0.450353	5.205925
5754	-1487.621	-1584.149	96.52815	0.8460425	0.346026	0.653974	4.643074
5760	-1486.244	-1582.533	96.28932	0.5656688	0.463275	0.536725	4.932955
5766	-1484.635	-1579.552	94.91739	0.5952365	0.495652	0.504348	5.674125
5772	-1476.307	-1571.648	95.34148	0.3398746	0.522725	0.477275	5.581536
5778	-1470.874	-1567.152	96.27859	0.5932943	0.54374	0.45626	4.923557
5784	-1477.451	-1572.983	95.53172	0.8279419	0.559891	0.440109	5.20772
5790	-1472.734	-1568.613	95.87856	0.4811017	0.547494	0.452506	5.20772
5796	-1480.794	-1574.897	94.1032	0.4966366	0.498295	0.501705	6.172627
5802	-1476.318	-1571.607	95.28921	0.7118682	0.420812	0.579188	5.405666
5808	-1484.875	-1583.386	98.51188	1.089495	0.487242	0.512758	3.369119
5814	-1478.599	-1577.521	98.92222	0.9536285	0.459345	0.540655	3.207266
5820	-1471.671	-1568.474	96.80331	0.8903093	0.459345	0.540655	4.463655
5826	-1481.657	-1578.333	96.67571	0.6021011	0.362873	0.637127	4.697041
5832	-1482.866	-1578.875	96.00866	0.6021011	0.577875	0.422125	5.068636
5838	-1488.831	-1584.751	95.91924	0.6915201	0.375396	0.624604	5.068636
5844	-1477.267	-1575.146	97.87897	0.8321672	0.461849	0.538151	3.885545
5850	-1481.154	-1576.869	95.71474	0.5781512	0.557339	0.442661	5.244641
5856	-1490.31	-1587.581	97.27055	0.4428464	0.438904	0.561096	4.452519
5862	-1487.724	-1584.355	96.63065	0.8622476	0.501006	0.498994	4.576502
5868	-1488.621	-1585.588	96.96697	0.8036442	0.417025	0.582975	4.420273
5874	-1500.556	-1596.307	95.75086	0.7601248	0.52422	0.47578	5.123953
5880	-1490.635	-1586.962	96.32747	0.7044609	0.398476	0.601524	4.834392
5886	-1484.725	-1581.044	96.31922	0.7127195	0.506769	0.493231	4.834392
5892	-1490.131	-1587.807	97.67676	0.6076845	0.415432	0.584568	4.129314
5898	-1492.193	-1590.515	98.3227	0.9442562	0.463482	0.536518	3.564516
5904	-1488.516	-1585.399	96.88367	0.7257813	0.499237	0.500763	4.511019
5910	-1492.665	-1588.606	95.94089	0.7528834	0.478007	0.521993	5.022568
5916	-1483.045	-1578.409	95.36449	0.7013104	0.489288	0.510712	5.369997
5922	-1489.828	-1586.71	96.88187	0.8183805	0.483486	0.516514	4.459922
5928	-1483.688	-1579.245	95.55713	0.6377608	0.344975	0.655025	5.298772
5934	-1490.456	-1586.052	95.5957	0.5991997	0.419114	0.580886	5.298772
5940	-1480.271	-1575.939	95.66812	0.6653898	0.514319	0.485681	5.222185
5946	-1483.065	-1577.001	93.9359	0.4345817	0.462984	0.537016	6.2973
5952	-1489.119	-1584.107	94.98827	0.6465736	0.50456	0.49544	5.607073
5958	-1492.915	-1588.736	95.82115	0.5241618	0.576458	0.423542	5.215658
5964	-1475.297	-1570.536	95.23875	0.6965757	0.436916	0.563084	5.441879
5970	-1474.012	-1571.526	97.51394	0.6965757	0.582313	0.417687	4.171345
5976	-1475.744	-1572.205	96.46111	0.7145893	0.476745	0.523255	4.754142
5982	-1478.802	-1575.91	97.10832	0.8358454	0.412595	0.587405	4.32229
5988	-1484.105	-1581.743	97.63809	0.8905589	0.555631	0.444369	3.990061
5994	-1488.113	-1585.083	96.97019	0.7450104	0.428477	0.571523	4.451501
6000	-1479.762	-1575.507	95.74542	0.7450104	0.431035	0.568965	5.135337
6006	-1488.477	-1585.254	96.7762	0.6297216	0.543751	0.456249	4.625288
6012	-1480.119	-1576.139	96.01988	0.6147686	0.296648	0.703352	5.055384
6018	-1479.334	-1576.028	96.69396	0.6254527	0.619861	0.380139	4.673758
6024	-1480.027	-1576.076	96.04836	0.7994843	0.442415	0.557585	4.936933
6030	-1482.569	-1579.334	96.76497	0.7909232	0.439749	0.560251	4.541125
6036	-1492.091	-1589.369	97.27834	0.5845532	0.392905	0.607095	4.368214
6042	-1485.117	-1579.876	94.75826	0.5845532	0.442333	0.557667	5.767167
6048	-1477.507	-1572.142	94.63483	0.5027865	0.52809	0.47191	5.879399
6054	-1487.088	-1581.529	94.44145	0.6961701	0.410928	0.589072	5.879399
6060	-1485.122	-1580.711	95.58881	0.6575235	0.419454	0.580546	5.270364
6066	-1489.203	-1582.986	93.78301	0.5251123	0.351842	0.648158	6.331162
6072	-1486.911	-1581.641	94.73049	0.6001293	0.520294	0.479706	5.773843
6078	-1493.75	-1587.612	93.86171	0.5554272	0.557186	0.442814	6.271957
6084	-1484.961	-1581.539	96.57865	0.5763989	0.456072	0.543928	4.765678
6090	-1486.818	-1582.134	95.31582	0.59428	0.389575	0.610425	5.45577
6096	-1483.606	-1579.651	96.04522	0.6655329	0.333537	0.666463	5.013138
6102	-1496.66	-1592.07	95.41034	0.4553036	0.447694	0.552306	5.480233
6108	-1494.753	-1589.751	94.99803	0.867619	0.53339	0.46661	5.480233
6114	-1497.818	-1595.719	97.9006	0.8037263	0.44317	0.55683	3.889454
6120	-1485.895	-1581.656	95.76143	0.6801167	0.499479	0.500521	5.162409
6126	-1481.326	-1577.096	95.76988	0.5962633	0.443321	0.556679	5.204135
6132	-1483.771	-1580.369	96.59793	0.6461664	0.550079	0.449921	4.715903
6138	-1481.632	-1578.679	97.04692	0.7565316	0.356647	0.643353	4.40176
6144	-1493.312	-1590.968	97.65582	0.6919572	0.660451	0.339549	4.093265
6150	-1484.325	-1581.228	96.9025	0.7054576	0.573735	0.426265	4.511856
6156	-1483.059	-1579.998	96.93882	0.6102451	0.448462	0.551538	4.544957
6162	-1478.76	-1575.78	97.01965	0.6122642	0.386293	0.613707	4.498386
6168	-1471.124	-1568.07	96.94591	0.6860031	0.402567	0.597433	4.498386
6174	-1476.41	-1571.921	95.51101	0.6389325	0.570984	0.429016	5.323581
6180	-1499.848	-1595.729	95.88164	0.6330472	0.547779	0.452221	5.121901
6186	-1498.186	-1592.918	94.73188	0.737684	0.549984	0.450016	5.697735
6192	-1490.419	-1585.815	95.39639	0.7443975	0.445391	0.554609	5.328635
6198	-1491.017	-1587.169	96.1523	0.8744703	0.505952	0.494048	4.837273
6204	-1491.093	-1587.035	95.94162	0.6355195	0.513273	0.486727	5.087285
6210	-1484.012	-1580.502	96.49043	0.6372359	0.465624	0.534376	4.78097
6216	-1492.466	-1588.686	96.22038	0.5111582	0.36689	0.63311	5.001591
6222	-1496.668	-1593.186	96.51829	0.6145583	0.526475	0.473525	4.778079
6228	-1492.029	-1587.621	95.59155	0.6866665	0.411836	0.588164	5.252751
6234	-1483.598	-1578.479	94.88131	0.6695754	0.500406	0.499594	5.653147
6240	-1493.089	-1587.209	94.1194	0.7002009	0.35195	0.64805	6.052956
6246	-1493.386	-1590.105	96.71919	0.9028332	0.562659	0.437341	4.503949
6252	-1486.426	-1583.424	96.99804	0.7943764	0.443775	0.556225	4.407984
6258	-1486.801	-1581.831	95.03018	0.8212139	0.453014	0.546986	5.488071
6264	-1485.819	-1582.488	96.66976	0.5216852	0.52636	0.47364	4.745341
6270	-1486.573	-1580.751	94.17801	0.6388346	0.490892	0.509108	6.054458
6276	-1484.729	-1581.385	96.65547	0.4341736	0.481799	0.518201	4.802197
6282	-1479.333	-1576.115	96.7825	0.6803792	0.562219	0.437781	4.593348
6288	-1481.823	-1579.289	97.46589	0.8295874	0.487268	0.512732	4.123039
6294	-1477.515	-1575.418	97.90236	0.8420915	0.452545	0.547455	3.866423
6300	-1480.611	-1579.745	99.1337	0.9302749	0.509726	0.490274	3.095466
6306	-1483.223	-1581.148	97.925	0.8691166	0.451785	0.548215	3.837882
6312	-1492.125	-1588.211	96.0851	0.5678095	0.597464	0.402536	5.04525
6318	-1498.366	-1594.41	96.04385	0.4177923	0.526002	0.473998	5.151286
6324	-1495.428	-1592.677	97.2487	0.904119	0.36593	0.63407	4.204106
6330	-1497.504	-1593.513	96.00861	0.7100177	0.549126	0.450874	5.00876
6336	-1495.893	-1593.855	97.96169	0.8325072	0.424525	0.575475	3.837838
6342	-1493.106	-1591.067	97.96169	0.8325072	0.402048	0.597952	3.837838
6348	-1493.857	-1592.283	98.4262	0.8533114	0.388946	0.611054	3.557216
6354	-1489.701	-1585.185	95.48412	0.794285	0.359879	0.640121	5.252644
6360	-1487.49	-1584.838	97.34781	0.8093568	0.483674	0.516326	4.201636
6366	-1491.164	-1590.504	99.34073	1.046041	0.453819	0.546181	2.901756
6372	-1486.655	-1583.031	96.37603	0.7311173	0.453819	0.546181	4.792427
6378	-1489.137	-1585.364	96.22759	0.7749797	0.57449	0.42551	4.850768
6384	-1496.667	-1592.236	95.56894	0.4275485	0.367922	0.632078	5.408195
6390	-1490.135	-1587.298	97.16228	0.6254646	0.556922	0.443078	4.410617
6396	-1499.025	-1596.041	97.01533	0.6705875	0.463628	0.536372	4.467995
6402	-1488.752	-1584.886	96.13365	0.5977762	0.412976	0.587024	5.001651
6408	-1493.023	-1588.673	95.64971	0.5123813	0.374151	0.625849	5.316878
6414	-1481.158	-1576.679	95.52171	0.7113366	0.509137	0.490863	5.277702
6420	-1482.5	-1577.683	95.18292	0.7101283	0.522326	0.477674	5.465155
6426	-1478.011	-1573.184	95.17306	0.6348717	0.303291	0.696709	5.511979
6432	-1477.28	-1573.758	96.47786	0.7173368	0.445429	0.554571	4.743243
6438	-1488.734	-1585.766	97.03239	0.7173368	0.485835	0.514165	4.43205
6444	-1478.544	-1574.327	95.78378	0.5765036	0.485835	0.514165	5.207379
6450	-1477.164	-1572.597	95.43236	0.5584875	0.386296	0.613704	5.411301
6456	-1477.072	-1572.759	95.68704	0.7129956	0.584308	0.415692	5.185385
6462	-1477.289	-1574.245	96.95506	0.6357325	0.470375	0.529625	4.521508
6468	-1479.878	-1578.039	98.16154	0.7669949	0.470375	0.529625	3.760488
6474	-1485.605	-1581.872	96.26669	0.5324393	0.381017	0.618983	4.964028
6480	-1480.698	-1576.332	95.63304	0.7632661	0.381017	0.618983	5.187452
6486	-1476.136	-1570.043	93.90712	0.6243698	0.541361	0.458639	6.209804
6492	-1484.456	-1578.013	93.55648	0.6161384	0.411708	0.588292	6.404687
6498	-1483.205	-1578.195	94.98945	0.7572127	0.49606	0.50394	5.545661
6504	-1491.673	-1590.26	98.58656	0.7813568	0.551535	0.448465	3.505721
6510	-1485.903	-1584.421	98.51772	0.8501934	0.492119	0.507881	3.505721
6516	-1488.578	-1586.116	97.53737	0.6650006	0.375761	0.624239	4.175972
6522	-1489.6	-1584.997	95.39661	0.365458	0.360238	0.639762	5.537191
6528	-1495.858	-1590.69	94.8322	0.7198658	0.622613	0.377387	5.652497
6534	-1491.257	-1586.867	95.6099	0.450456	0.476891	0.523109	5.372994
6540	-1479.762	-1575.931	96.16938	0.7058087	0.351814	0.648186	4.921714
6546	-1480.723	-1576.102	95.37966	0.737241	0.51638	0.48362	5.341812
6552	-1475.962	-1571.384	95.42239	0.5691818	0.566494	0.433506	5.410905
6558	-1483.613	-1577.124	93.51096	0.6501852	0.485064	0.514936	6.41091
6564	-1489.942	-1587.177	97.23525	0.7157142	0.398046	0.601954	4.318448
6570	-1499.092	-1596.985	97.8927	0.883103	0.32928	0.67072	3.848411
6576	-1492.862	-1591.05	98.18812	0.8828742	0.635017	0.364983	3.678195
6582	-1503.156	-1598.855	95.69877	0.3219443	0.458674	0.541326	5.394844
6588	-1496.078	-1591.3	95.22203	0.7303271	0.530886	0.469114	5.432502
6594	-1503.915	-1597.266	93.35107	0.360457	0.530886	0.469114	6.654355
6600	-1490.781	-1586.724	95.94383	0.760806	0.466523	0.533477	5.016535
6606	-1487.275	-1584.7	97.42517	0.8832294	0.477891	0.522109	4.115685
6612	-1486.285	-1583.34	97.05459	0.9149311	0.477891	0.522109	4.307952
6618	-1489.569	-1586.775	97.20597	0.8741558	0.350074	0.649926	4.245327
6624	-1490.555	-1588.21	97.65552	0.9119473	0.417961	0.582039	3.967862
6630	-1490.6	-1587.88	97.27935	0.8084835	0.448738	0.551262	4.240962
6636	-1498.113	-1594.732	96.61836	0.9577381	0.507744	0.492256	4.529766
6642	-1485.371	-1580.217	94.84595	0.6050639	0.436501	0.563499	5.707902
6648	-1493.103	-1587.337	94.23304	0.5979385	0.433359	0.566641	6.046753
6654	-1485.146	-1582.043	96.89712	0.7423938	0.433359	0.566641	4.49411
6660	-1495.358	-1590.775	95.41694	0.4181503	0.368103	0.631897	5.497041
6666	-1487.4	-1582.603	95.20255	0.4996513	0.545513	0.454487	5.570084
6672	-1494.12	-1589.585	95.46445	0.552976	0.568352	0.431648	5.396661
6678	-1487.601	-1583.62	96.01935	0.5683108	0.492471	0.507529	5.081452
6684	-1486.752	-1583.221	96.46897	0.5435833	0.470825	0.529175	4.8452
6690	-1488.251	-1584.514	96.26268	0.6780034	0.47278	0.52722	4.88525
6696	-1484.976	-1581.638	96.6628	0.7377475	0.305215	0.694785	4.628304
6702	-1477.437	-1573.317	95.88	0.7000358	0.330501	0.669499	5.085678
6708	-1483.75	-1580.591	96.84115	0.5879633	0.528229	0.471771	4.61229
6714	-1487.385	-1582.219	94.83357	0.573075	0.470406	0.529594	5.732212
6720	-1496.142	-1592.015	95.87341	0.6420025	0.446643	0.553357	5.121501
6726	-1492.207	-1587.88	95.67283	0.6430992	0.565186	0.434814	5.231904
6732	-1494.086	-1591.912	97.82512	0.8582726	0.539884	0.460116	3.90146
6738	-1483.076	-1580.604	97.52858	0.7378008	0.488865	0.511135	4.13959
6744	-1489.894	-1585.842	95.9483	0.7378008	0.488865	0.511135	5.026826
6750	-1489.623	-1583.531	93.90833	0.6039191	0.627391	0.372609	6.220266
6756	-1491.027	-1587.344	96.31696	0.6241121	0.441962	0.558038	4.885035
6762	-1497.312	-1593.7	96.38758	0.6742048	0.688715	0.311285	4.817743
6768	-1493.776	-1590.32	96.54405	0.663021	0.362222	0.637778	4.736608
6774	-1485.728	-1581.148	95.41957	0.5114096	0.420406	0.579594	5.444273
6780	-1486.477	-1582.759	96.28205	0.729762	0.469591	0.530409	4.845611
6786	-1495.166	-1589.62	94.45402	0.781216	0.482683	0.517317	5.826034
6792	-1507.957	-1606.489	98.53281	1.195829	0.330026	0.669974	3.294254
6798	-1497.523	-1595.114	97.59151	1.122463	0.690379	0.309621	3.88392
6804	-1495.07	-1590.566	95.49631	0.4773921	0.462057	0.537943	5.42075
6810	-1489.023	-1585.736	96.71296	0.6857374	0.448227	0.551773	4.629342
6816	-1483.338	-1580.279	96.9408	0.8290523	0.334296	0.665704	4.420706
6822	-1492.219	-1590.369	98.15067	1.014784	0.578557	0.421443	3.623471
6828	-1490.291	-1588.048	97.75734	1.014784	0.373109	0.626891	3.850524
6834	-1489.926	-1587.223	97.29666	0.8521613	0.497565	0.502435	4.206369
6840	-1481.935	-1578.658	96.72232	0.6582596	0.449594	0.550406	4.639497
6846	-1483.404	-1579.2	95.79646	0.5561675	0.44881	0.55119	5.211614
6852	-1486.958	-1582.546	95.58837	0.7642559	0.552771	0.447229	5.211614
6858	-1488.038	-1584.699	96.6616	0.7646767	0.377402	0.622598	4.613876
6864	-1486.797	-1582.761	95.96353	0.4939437	0.507183	0.492817	5.15359
6870	-1483.158	-1578.406	95.24823	0.5791616	0.507183	0.492817	5.501275
6876	-1491.085	-1585.367	94.28187	0.4776914	0.490206	0.509794	6.085668
6882	-1481.814	-1576.834	95.01998	0.5840843	0.524156	0.475844	5.62397
6888	-1475.592	-1571.55	95.95813	0.6245665	0.524156	0.475844	5.084202
6894	-1476.184	-1572.578	96.3933	0.5576807	0.347319	0.652681	4.879513
6900	-1480.682	-1577.424	96.74263	0.6539114	0.563995	0.436005	4.63055
6906	-1486.073	-1584.689	98.61624	0.8016301	0.550584	0.449416	3.476572
6912	-1477.884	-1575.326	97.44173	0.7358757	0.441382	0.558618	4.190034
6918	-1479.849	-1577.459	97.60938	0.6137481	0.398106	0.601894	4.164176
6924	-1482.628	-1579.955	97.32657	0.6754426	0.365538	0.634462	4.289571
6930	-1481.293	-1577.41	96.11645	0.5550659	0.399637	0.600363	5.034926
6936	-1483.284	-1579.305	96.02093	0.6505806	0.409697	0.590303	5.034926
6942	-1487.766	-1585.225	97.45944	0.8382514	0.34637	0.65363	4.121778
6948	-1478.485	-1576.125	97.63987	0.8620158	0.602642	0.397358	4.005357
6954	-1478.277	-1574.351	96.07378	0.7551515	0.496354	0.503646	4.947452
6960	-1478.308	-1575.478	97.17002	0.7538823	0.565302	0.434698	4.333746
6966	-1480.966	-1577.749	96.78317	0.9710732	0.421371	0.578629	4.429504
6972	-1479.523	-1575.397	95.8746	0.5101533	0.381363	0.618637	5.193843
6978	-1487.892	-1583.58	95.68775	0.590451	0.458368	0.541632	5.252758
6984	-1484.74	-1580.317	95.57702	0.5855606	0.450689	0.549311	5.316608
6990	-1482.978	-1579.035	96.0567	0.6429593	0.361042	0.638958	5.019296
6996	-1489.83	-1586.015	96.18452	0.6292917	0.422536	0.577464	4.955862
7002	-1484.488	-1580.164	95.67586	0.5482619	0.493014	0.506986	5.282633
7008	-1482.528	-1578.371	95.84302	0.7975405	0.395497	0.604503	5.052103
7014	-1488.123	-1587.135	99.01153	1.039623	0.508671	0.491329	3.10311
7020	-1486.429	-1584.843	98.41397	0.931149	0.485743	0.514257	3.519014
7026	-1486.288	-1584.736	98.44759	0.7645092	0.399094	0.600906	3.5964
7032	-1491.278	-1589.924	98.64593	0.7967275	0.497535	0.502465	3.462091
7038	-1485.947	-1583.034	97.08692	0.5900831	0.442917	0.557083	4.473013
7044	-1490.965	-1585.774	94.80833	0.6069838	0.391108	0.608892	5.727459
7050	-1488.809	-1585.672	96.86295	0.8052941	0.549149	0.450851	4.47794
7056	-1488.15	-1586.23	98.07999	0.8143636	0.384789	0.615211	3.780192
7062	-1486.396	-1582.662	96.26655	0.6306358	0.439488	0.560512	4.909471
7068	-1489.162	-1583.45	94.28706	0.4997037	0.598325	0.401675	6.070851
7074	-1493.521	-1590.845	97.32385	0.7389682	0.494502	0.505498	4.255138
7080	-1495.702	-1591.089	95.38677	0.6047121	0.411462	0.588538	5.410952
7086	-1497.03	-1593.788	96.75781	0.683752	0.588069	0.411931	4.605304
7092	-1480.757	-1575.477	94.7208	0.365334	0.446914	0.553086	5.907527
7098	-1485.425	-1580.012	94.58681	0.2294553	0.424961	0.575039	6.054772
7104	-1487.565	-1582.466	94.90116	0.4511824	0.458607	0.541393	5.761949
7110	-1484.987	-1581.896	96.90967	0.7322294	0.519784	0.480216	4.492766
7116	-1475.706	-1571.518	95.81191	0.4544577	0.467462	0.532538	5.259296
7122	-1480.277	-1573.868	93.59167	0.5180592	0.636943	0.363057	6.438788
7128	-1480.867	-1577.095	96.2275	0.4897302	0.600669	0.399331	5.009537
7134	-1476.467	-1571.379	94.91242	0.407154	0.306471	0.693529	5.779887
7140	-1484.934	-1584.065	99.13096	0.9503207	0.440519	0.559481	3.085141
7146	-1484.953	-1582.232	97.27949	0.9503207	0.464302	0.535698	4.160381
7152	-1476.081	-1574.348	98.26734	0.8082065	0.598963	0.401037	3.675562
7158	-1487.469	-1584.007	96.53769	0.8444826	0.387108	0.612892	4.638602
7164	-1481.941	-1575.847	93.90589	0.6038496	0.401634	0.598366	6.221626
7170	-1487.151	-1583.498	96.34628	0.4909783	0.564654	0.435346	4.94282
7176	-1492.305	-1586.666	94.36041	0.5506803	0.518285	0.481715	6.00307
7182	-1482.359	-1578.389	96.02974	0.5586362	0.402131	0.597869	5.081053
7188	-1477.61	-1573.842	96.23175	0.3566251	0.526253	0.473747	5.081053
7194	-1475.351	-1571.042	95.69124	0.7398263	0.630196	0.369804	5.168214
7200	-1478.435	-1576.274	97.83887	0.9137489	0.485401	0.514599	3.861729
7206	-1480.608	-1577.529	96.92163	0.83168	0.535395	0.464605	4.430028
7212	-1483.57	-1582.659	99.08867	0.8404602	0.451364	0.548636	3.175677
7218	-1479.44	-1576.481	97.04117	0.9040408	0.629232	0.370768	4.321699
7224	-1473.238	-1569.975	96.7374	0.7082114	0.355785	0.644215	4.603036
7230	-1486.39	-1582.236	95.84669	0.4862643	0.338841	0.661159	5.222491
7236	-1483.758	-1579.376	95.61804	0.4174545	0.372133	0.627867	5.386699
7242	-1484.321	-1580.972	96.65137	0.892932	0.356736	0.643264	4.547636
7248	-1483.79	-1579.777	95.98729	0.6930636	0.345243	0.654757	5.030016
7254	-1487.694	-1582.242	94.54754	0.606547	0.521313	0.478687	5.870399
7260	-1479.663	-1574.789	95.12667	0.6270875	0.392676	0.607324	5.541761
7266	-1478.895	-1576.178	97.28322	0.7803103	0.408005	0.591995	4.254735
7272	-1479.304	-1576.665	97.36087	0.6879585	0.391315	0.608685	4.26306
7278	-1475.208	-1572.721	97.51296	0.8252692	0.551282	0.448718	4.098704
7284	-1499.355	-1593.14	93.78493	0.6610024	0.532867	0.467133	6.256309
7290	-1489.085	-1582.384	93.29961	0.322091	0.384837	0.615163	6.702904
7296	-1489.702	-1584.67	94.9683	0.5295073	0.523624	0.476376	5.682252
7302	-1488.903	-1582.627	93.72468	0.5786166	0.523624	0.476376	6.333784
7308	-1499.46	-1593.822	94.3617	0.6060078	0.582979	0.417021	5.972185
7314	-1483.859	-1580.642	96.78313	0.7185246	0.417958	0.582042	4.571587
7320	-1487.401	-1584.681	97.27992	0.8742416	0.556954	0.443046	4.203341
7326	-1493.26	-1590.663	97.40359	0.6052122	0.61043	0.38957	4.285728
7332	-1487.631	-1583.833	96.20266	0.8540719	0.311294	0.688706	4.820559
7338	-1477.443	-1576.379	98.93574	0.9497692	0.494518	0.505482	3.201544
7344	-1482.32	-1580.739	98.41868	1.143039	0.416583	0.583417	3.39239
7350	-1484.471	-1578.757	94.28613	0.4894966	0.318788	0.681212	6.07692
7356	-1485.26	-1579.627	94.36734	0.6354166	0.49486	0.50514	5.953058
7362	-1483.099	-1578.836	95.73783	0.546197	0.439119	0.560881	5.249537
7368	-1490.707	-1588.458	97.75166	0.8674562	0.418652	0.581348	3.938297
7374	-1488.877	-1583.823	94.94657	0.7049877	0.539445	0.460555	5.5979
7380	-1481.547	-1578.515	96.96775	0.5899307	0.446822	0.553178	4.54012
7386	-1482.627	-1580.575	97.94871	0.794018	0.464006	0.535994	3.867411
7392	-1484.859	-1583.525	98.66628	0.9545958	0.469421	0.530579	3.357666
7398	-1477.192	-1573.592	96.40007	0.5641439	0.469421	0.530579	4.87214
7404	-1481.507	-1577.392	95.88514	0.6909558	0.412511	0.587489	5.087863
7410	-1477.464	-1574.609	97.14451	0.7468677	0.412511	0.587489	4.352125
7416	-1479.261	-1575.383	96.12253	0.5437038	0.386582	0.613418	5.037856
7422	-1485.149	-1581.016	95.86645	0.7245479	0.382488	0.617512	5.079601
7428	-1482.034	-1577.963	95.92868	0.6623157	0.549711	0.450289	5.079601
7434	-1482.575	-1576.364	93.78904	0.6319359	0.417319	0.582681	6.269872
7440	-1478.658	-1572.037	93.37905	0.6341342	0.490189	0.509811	6.491105
7446	-1479.455	-1576.346	96.89115	0.7562861	0.475447	0.524553	4.489652
7452	-1483.957	-1580.98	97.02376	0.600727	0.492383	0.507617	4.502561
7458	-1487.857	-1583.572	95.71433	0.4559254	0.476076	0.523924	5.312372
7464	-1483.602	-1579.982	96.3799	0.6525036	0.501944	0.498056	4.834132
7470	-1487.321	-1582.788	95.46733	0.583625	0.384389	0.615611	5.378178
7476	-1481.154	-1577.722	96.56753	0.6123003	0.456304	0.543696	4.751832
7482	-1482.384	-1579.478	97.09321	0.5655086	0.456304	0.543696	4.483304
7488	-1486.746	-1584.667	97.92128	0.7666037	0.623288	0.376712	3.898888
7494	-1486.707	-1582.125	95.41777	0.4228948	0.51512	0.48488	5.493976
7500	-1481.973	-1577.825	95.85263	0.4097787	0.535566	0.464434	5.261482
7506	-1485.967	-1580.138	94.17128	0.6181558	0.414214	0.585786	6.069393
7512	-1481.705	-1576.804	95.09826	0.6733245	0.414214	0.585786	5.531959
7518	-1484.331	-1582.404	98.07362	0.8868123	0.414214	0.585786	3.742087
7524	-1481.89	-1580.176	98.28626	0.9710572	0.471664	0.528336	3.570123
7530	-1476.335	-1571.64	95.30503	0.6566622	0.486937	0.513063	5.427365
7536	-1481.827	-1578.197	96.37005	0.6012745	0.500774	0.499226	4.86818
7542	-1484.226	-1580.276	96.05029	0.5388043	0.60806	0.39194	5.080657
7548	-1480.567	-1575.802	95.23403	0.715296	0.540568	0.459432	5.434173
7554	-1479.229	-1573.689	94.45987	0.57508	0.565889	0.434111	5.935481
7560	-1473.644	-1568.762	95.11801	0.4698454	0.425316	0.574684	5.632866
7566	-1473.567	-1568.575	95.00762	0.4403008	0.513019	0.486981	5.709595
7572	-1478.779	-1574.116	95.33758	0.653109	0.49487	0.50513	5.411392
7578	-1483.191	-1580.068	96.87697	0.6847096	0.464529	0.535471	4.537873
7584	-1487.857	-1584.734	96.87697	0.6847096	0.463456	0.536544	4.537873
7590	-1490.308	-1587.767	97.45978	0.9067622	0.463456	0.536544	4.082575
7596	-1489.208	-1586.908	97.69969	0.9553185	0.413088	0.586912	3.917737
7602	-1489.419	-1587.036	97.61697	0.9940845	0.404257	0.595743	3.942915
7608	-1486.028	-1583.892	97.86399	0.7470687	0.479549	0.520451	3.942915
7614	-1496.069	-1589.908	93.83938	0.5251655	0.465261	0.534739	6.300523
7620	-1484.761	-1580.947	96.18605	0.6421914	0.512087	0.487913	4.947836
7626	-1482.747	-1579.315	96.56759	0.7130967	0.475405	0.524595	4.695435
7632	-1486.299	-1580.94	94.64043	0.6129272	0.610405	0.389595	5.816122
7638	-1480.019	-1575.273	95.25396	0.6197763	0.480369	0.519631	5.475779
7644	-1477.564	-1573.274	95.71074	0.615819	0.470149	0.529851	5.22603
7650	-1484.111	-1579.575	95.46388	0.5392727	0.340746	0.659254	5.404524
7656	-1481.457	-1577.958	96.50048	0.5973421	0.523648	0.476352	4.797629
7662	-1475.648	-1572.17	96.52188	0.5410871	0.441108	0.558892	4.817081
7668	-1494.84	-1590.898	96.05725	0.4743569	0.584557	0.415443	5.112523
7674	-1483.863	-1579.372	95.5083	0.577163	0.496824	0.503176	5.359155
7680	-1476.506	-1573.776	97.26984	0.7213379	0.419743	0.580257	4.295701
7686	-1481.726	-1579.07	97.34419	0.6469878	0.552336	0.447664	4.295701
7692	-1482.695	-1578.241	95.54623	0.3887373	0.53137	0.46863	5.442079
7698	-1487.857	-1582.861	95.0034	0.4882013	0.398035	0.601965	5.685655
7704	-1479.238	-1572.641	93.40285	0.4549447	0.420398	0.579602	6.575239
7710	-1488.607	-1581.883	93.27638	0.506815	0.377942	0.622058	6.615602
7716	-1482.056	-1577.266	95.21089	0.5489153	0.453738	0.546262	5.538434
7722	-1485.033	-1580.746	95.71282	0.816063	0.453738	0.546262	5.114036
7728	-1485.646	-1583.642	97.99589	0.9462065	0.420989	0.579011	3.752664
7734	-1486.152	-1584.282	98.12988	0.7361407	0.52653	0.47347	3.796512
7740	-1484.255	-1581.675	97.42006	0.8272229	0.568205	0.431795	4.150447
7746	-1494.708	-1592.142	97.43347	0.8272229	0.434462	0.565538	4.142824
7752	-1488.202	-1585.193	96.9909	0.7353342	0.480228	0.519772	4.445289
7758	-1476.584	-1572.88	96.29642	0.7678685	0.436964	0.563036	4.816343
7764	-1484.888	-1579.961	95.07302	0.3396152	0.503644	0.496356	5.728929
7770	-1476.306	-1572.382	96.07576	0.46126	0.386342	0.613658	5.109524
7776	-1485.384	-1581.091	95.70772	0.3700372	0.572181	0.427819	5.363401
7782	-1491.982	-1587.449	95.46693	0.4147547	0.615451	0.384549	5.471409
7788	-1489.508	-1584.883	95.37477	0.2607216	0.569564	0.430436	5.60672
7794	-1483.657	-1580.604	96.94713	0.5800555	0.558881	0.441119	4.557249
7800	-1480.928	-1576.817	95.88916	0.3474368	0.460279	0.539721	5.275743
7806	-1477.138	-1574.271	97.13286	0.7444457	0.485837	0.514163	4.360073
7812	-1482.957	-1578.033	95.076	0.4048952	0.468286	0.531714	5.691523
7818	-1479.759	-1575.973	96.21387	0.4833936	0.436154	0.563846	5.02063
7824	-1474.761	-1571.848	97.08731	0.7737972	0.362921	0.637079	4.369223
7830	-1482.509	-1579.449	96.93973	0.6711535	0.424936	0.575064	4.510212
7836	-1484.754	-1582.612	97.85784	0.7540893	0.467527	0.532473	3.942412
7842	-1478.615	-1573.533	94.91803	0.6083033	0.467527	0.532473	5.666611
7848	-1481.411	-1578.396	96.98567	0.4442355	0.41949	0.58051	4.611845
7854	-1477.52	-1574.239	96.71913	0.496127	0.437487	0.562513	4.732033
7860	-1478.686	-1575.265	96.57895	0.6363012	0.47195	0.52805	4.732033
7866	-1487.727	-1582.315	94.58736	0.5491203	0.498964	0.501036	5.88002
7872	-1481.96	-1577.2	95.23949	0.5364729	0.373118	0.626882	5.529555
7878	-1479.898	-1574.492	94.5934	0.8071248	0.554452	0.445548	5.735564
7884	-1476.693	-1572.175	95.48177	0.6793282	0.429461	0.570539	5.317428
7890	-1478.651	-1573.539	94.8882	0.4371107	0.457586	0.542414	5.776749
7896	-1478.854	-1574.397	95.54275	0.7211154	0.479142	0.520858	5.26068
7902	-1479.023	-1574.816	95.79298	0.5735298	0.480326	0.519674	5.203932
7908	-1496.541	-1593.809	97.26797	0.9581673	0.527576	0.472424	4.162469
7914	-1486.652	-1581.536	94.88352	0.3831633	0.446793	0.553207	5.808831
7920	-1488.031	-1584.32	96.28842	0.6436061	0.488397	0.511603	4.890072
7926	-1495.458	-1591.49	96.03261	0.7206214	0.464757	0.535243	4.989539
7932	-1491.716	-1589.984	98.26745	0.9839042	0.414089	0.585911	3.573592
7938	-1487.57	-1586.32	98.74944	1.016532	0.414089	0.585911	3.272232
7944	-1486.83	-1581.688	94.85781	0.6012538	0.410079	0.589921	5.703491
7950	-1479.501	-1576.411	96.91064	0.6830479	0.544087	0.455913	4.51988
7956	-1481.465	-1577.399	95.93346	0.6332798	0.552422	0.447578	5.093051
7962	-1484.493	-1579.15	94.65692	0.6684619	0.468375	0.531625	5.77671
7968	-1488.824	-1584.171	95.34745	0.6321084	0.502074	0.497926	5.41752
7974	-1487.287	-1582.763	95.47527	0.5989769	0.456809	0.543191	5.365335
7980	-1483.364	-1578.891	95.52734	0.5343254	0.423461	0.576539	5.372276
7986	-1493.699	-1588.992	95.29222	0.7284614	0.473141	0.526859	5.394862
7992	-1488.152	-1584.812	96.65997	0.8349036	0.473141	0.526859	4.57539
7998	-1484.178	-1580.099	95.92134	0.8410872	0.356317	0.643683	4.984425
8004	-1482.59	-1578.666	96.07547	0.8210354	0.356317	0.643683	4.909851
8010	-1479.738	-1574.474	94.73586	0.4843434	0.521628	0.478372	5.834254
8016	-1479.793	-1574.238	94.4453	0.7749025	0.521628	0.478372	5.834254
8022	-1478.802	-1574.295	95.4932	0.7984713	0.521628	0.478372	5.245312
8028	-1478.178	-1574.461	96.28239	0.6392018	0.450749	0.549251	4.895884
8034	-1474.914	-1571.681	96.76704	0.8983021	0.450749	0.549251	4.479575
8040	-1476.362	-1573.991	97.62888	0.9656299	0.421517	0.578483	3.952388
8046	-1486.802	-1585.396	98.59459	1.118331	0.595363	0.404637	3.303513
8052	-1485.04	-1580.503	95.4628	0.5261096	0.473513	0.526487	5.412371
8058	-1495.49	-1592.248	96.758	0.5814068	0.510101	0.489899	4.662561
8064	-1487.755	-1584.069	96.31416	0.81733	0.394138	0.605862	4.778834
8070	-1489.548	-1585.795	96.24727	0.6791548	0.394138	0.605862	4.893194
8076	-1487.768	-1583.393	95.62521	0.7100474	0.559273	0.440727	5.221218
8082	-1480.676	-1577.838	97.16207	0.6468015	0.456873	0.543127	4.398701
8088	-1481.925	-1578.085	96.15936	0.5748232	0.46796	0.53204	5.00012
8094	-1485.343	-1581.508	96.1649	0.674499	0.545266	0.454734	4.941628
8100	-1485.103	-1579.485	94.38178	0.2804886	0.550315	0.449685	6.138651
8106	-1486.436	-1581.458	95.02141	0.4791486	0.410787	0.589213	5.680745
8112	-1483.462	-1579.957	96.49489	0.8971145	0.424313	0.575687	4.633089
8118	-1487.219	-1582.27	95.05132	0.7027819	0.495343	0.504657	5.54157
8124	-1484.213	-1581.024	96.81081	0.6581576	0.399605	0.600395	4.58993
8130	-1483.211	-1578.993	95.78283	0.5294305	0.537592	0.462408	5.233931
8136	-1483.887	-1581.381	97.4943	0.7645936	0.429666	0.570334	4.143849
8142	-1486.163	-1582.838	96.67498	0.7369918	0.561636	0.438364	4.621898
8148	-1485.302	-1581.538	96.23614	0.7526847	0.539174	0.460826	4.858426
8154	-1481.406	-1578.553	97.14668	0.7764554	0.540452	0.459548	4.334179
8160	-1482.448	-1580.599	98.15084	0.9599148	0.577834	0.422166	3.655179
8166	-1490.819	-1586.972	96.15337	0.5084367	0.4767	0.5233	5.040313
8172	-1490.187	-1585.59	95.40262	0.8231421	0.52871	0.47129	5.281725
8178	-1496.365	-1590.582	94.21692	0.6189886	0.52871	0.47129	6.044067
8184	-1488.646	-1582.731	94.08565	0.5743847	0.321286	0.678714	6.139867
8190	-1482.526	-1578.792	96.26587	0.5842793	0.564135	0.435865	4.935647
8196	-1491.393	-1586.318	94.92496	0.4622822	0.388364	0.611636	5.742836
8202	-1492.518	-1587.689	95.17106	0.6235364	0.41037	0.58963	5.51931
8208	-1483.842	-1579.21	95.36837	0.7062553	0.41037	0.58963	5.365131
8214	-1483.603	-1578.475	94.87222	0.5823476	0.445166	0.554834	5.705953
8220	-1489.601	-1585.057	95.45582	0.5655679	0.517806	0.482194	5.394476
8226	-1500.067	-1595.449	95.38203	0.6393516	0.358362	0.641638	5.394476
8232	-1481.851	-1577.95	96.09837	0.7531118	0.370586	0.629414	4.934909
8238	-1483.455	-1578.683	95.22836	0.4705021	0.579445	0.420555	5.57192
8244	-1489.956	-1585.412	95.45516	0.4268114	0.274393	0.725607	5.471247
8250	-1490.819	-1585.271	94.45146	0.563571	0.512576	0.487424	5.946356
8256	-1488.075	-1584.585	96.50925	0.651518	0.40468	0.59532	4.76248
8262	-1494.647	-1590.655	96.00817	0.4599466	0.40468	0.59532	5.1477
8268	-1487.982	-1582.102	94.11996	0.482782	0.467111	0.532889	6.171043
8274	-1484.155	-1579.433	95.27792	0.4555085	0.526912	0.473088	5.55293
8280	-1479.507	-1574.691	95.18479	0.5486366	0.480241	0.519759	5.55293
8286	-1480.055	-1575.127	95.07174	0.6616917	0.310355	0.689645	5.55293
8292	-1483.621	-1581.106	97.48549	0.7999019	0.533597	0.466403	4.128778
8298	-1480.554	-1578.129	97.57448	0.7145987	0.389082	0.610918	4.126678
8304	-1486.39	-1584.204	97.81371	0.9167449	0.42652	0.57348	3.874457
8310	-1490.825	-1586.964	96.13916	0.7049348	0.47116	0.52884	4.939018
8316	-1502.947	-1598.675	95.7279	0.7582444	0.378908	0.621092	5.137714
8322	-1490.093	-1585.73	95.6364	0.2419341	0.402589	0.597411	5.47325
8328	-1479.55	-1574.837	95.28692	0.2353507	0.507314	0.492686	5.668836
8334	-1480.258	-1578.288	98.03061	0.7785504	0.461069	0.538931	3.829234
8340	-1478.158	-1575.64	97.48248	0.7785504	0.613949	0.386051	4.14263
8346	-1477.39	-1572.859	95.46913	0.6276715	0.621751	0.378249	5.352902
8352	-1485.331	-1580.948	95.61676	0.6937148	0.529917	0.470083	5.23492
8358	-1480.258	-1577.118	96.85969	0.8048943	0.593791	0.406209	4.480003
8364	-1485.106	-1581.631	96.52504	0.8880803	0.390428	0.609572	4.621257
8370	-1482.696	-1578.634	95.93758	0.628957	0.569637	0.430363	5.093161
8376	-1487.657	-1584.087	96.42981	0.787426	0.569637	0.430363	4.730923
8382	-1484.865	-1581.663	96.79855	0.7624767	0.383948	0.616052	4.538238
8388	-1484.207	-1579.817	95.60998	0.3466033	0.525771	0.474229	5.430179
8394	-1482.127	-1577.832	95.70538	0.6002701	0.39413	0.60587	5.237585
8400	-1474.52	-1570.246	95.7268	0.6046299	0.482846	0.517154	5.223336
8406	-1478.022	-1573.964	95.94172	0.6150289	0.414527	0.585473	5.098587
8412	-1469.155	-1563.824	94.66993	0.5769072	0.448379	0.551621	5.819689
8418	-1470.987	-1566.947	95.95957	0.6578855	0.496171	0.503829	5.064921
8424	-1473.724	-1569.684	95.95957	0.6578855	0.540194	0.459806	5.064921
8430	-1476.914	-1573.893	96.97879	0.716929	0.416466	0.583534	4.462473
8436	-1476.622	-1573.979	97.35657	0.6388549	0.364017	0.635983	4.293298
8442	-1493.848	-1589.674	95.82622	0.692206	0.489696	0.510304	5.119828
8448	-1487.245	-1581.5	94.25496	0.5480024	0.520783	0.479217	6.06202
8454	-1482.701	-1577.693	94.99241	0.6358249	0.452712	0.547288	5.610702
8460	-1496.469	-1592.972	96.50229	0.8132271	0.452712	0.547288	4.67594
8466	-1494.463	-1589.341	94.87824	0.4494925	0.432212	0.567788	5.775421
8472	-1486.838	-1581.681	94.84261	0.5551477	0.4348	0.5652	5.737077
8478	-1482.511	-1579.714	97.20345	0.8686688	0.503263	0.496737	4.249865
8484	-1477.508	-1574.697	97.18923	0.882887	0.441991	0.558009	4.249865
8490	-1477.886	-1574.752	96.86596	0.5763973	0.453	0.547	4.60486
8496	-1473.903	-1569.757	95.85332	0.491253	0.514749	0.485251	5.216068
8502	-1478.553	-1574.466	95.9129	0.5926356	0.527019	0.472981	5.12697
8508	-1477.611	-1573.094	95.48325	0.4966675	0.465826	0.534174	5.417326
8514	-1479.649	-1573.859	94.21019	0.4519939	0.55358	0.44642	6.138694
8520	-1486.617	-1581.712	95.09497	0.5686374	0.481166	0.518834	5.591285
8526	-1496.512	-1593.234	96.72202	0.7308553	0.313534	0.686466	4.598961
8532	-1492.504	-1587.294	94.78975	0.6396783	0.568674	0.431326	5.719728
8538	-1486.814	-1582.521	95.70735	0.6219038	0.379747	0.620253	5.224537
8544	-1491.496	-1586.19	94.69423	0.6020375	0.510156	0.489844	5.792642
8550	-1479.635	-1574.002	94.367	0.6002333	0.399024	0.600976	5.972446
8556	-1486.745	-1583.849	97.10437	0.9856191	0.419389	0.580611	4.239738
8562	-1476.385	-1570.827	94.4415	0.6579685	0.547232	0.452768	5.900243
8568	-1476.511	-1572.138	95.62653	0.5306669	0.470578	0.529422	5.319581
8574	-1473.713	-1569.006	95.29325	0.475575	0.397429	0.602571	5.533476
8580	-1501.339	-1596.922	95.58301	0.4861656	0.503001	0.496999	5.368136
8586	-1478.24	-1572.955	94.71443	0.5649773	0.448023	0.551977	5.801869
8592	-1477.677	-1573.68	96.00226	0.5546467	0.491572	0.508428	5.0985
8598	-1486.525	-1582.707	96.18164	0.2820737	0.491572	0.508428	5.150137
8604	-1482.347	-1578.422	96.07539	0.383705	0.436002	0.563998	5.152692
8610	-1478.68	-1575.165	96.48559	0.5529702	0.479063	0.520937	4.8307
8616	-1484.437	-1581.508	97.07094	0.7290017	0.412011	0.587989	4.403739
8622	-1479.056	-1576.375	97.31966	0.7096308	0.522415	0.477585	4.274127
8628	-1480.509	-1577.218	96.70897	0.6555744	0.522415	0.477585	4.648479
8634	-1484.634	-1581.343	96.70897	0.6555744	0.479333	0.520667	4.648479
8640	-1488.059	-1584.236	96.17724	0.7021169	0.451882	0.548118	4.919394
8646	-1486.147	-1581.98	95.8324	0.6580282	0.334555	0.665445	5.135341
8652	-1496.884	-1593.89	97.0061	0.8830134	0.373719	0.626281	4.353406
8658	-1481.171	-1579.13	97.95941	0.8487742	0.438338	0.561662	3.829793
8664	-1485.792	-1580.983	95.19125	0.4406834	0.460223	0.539777	5.608673
8670	-1476.328	-1572.202	95.87394	0.6453434	0.522447	0.477553	5.119355
8676	-1481.276	-1577.138	95.86205	0.7393538	0.470428	0.529572	5.07383
8682	-1495.627	-1593.286	97.65854	0.8241514	0.446577	0.553423	4.016321
8688	-1488.151	-1585.131	96.98062	0.8241514	0.566785	0.433215	4.401012
8694	-1494.018	-1592.406	98.38812	0.6970756	0.502951	0.497049	3.669976
8700	-1489.222	-1585.197	95.9749	0.8140643	0.449248	0.550752	4.96968
8706	-1489.732	-1587.432	97.6995	0.9779662	0.430789	0.569211	3.904861
8712	-1490.06	-1587.113	97.05264	0.7524596	0.632362	0.367638	4.40083
8718	-1477.275	-1575.112	97.83679	0.7059242	0.487361	0.512639	3.982021
8724	-1484.343	-1581.51	97.16708	0.7117955	0.273499	0.726501	4.359187
8730	-1479.099	-1575.221	96.12192	0.7117955	0.490441	0.509559	4.944792
8736	-1482.296	-1578.863	96.56767	0.7117955	0.463279	0.536721	4.696118
8742	-1488.913	-1584.815	95.90135	0.6049716	0.455949	0.544051	5.126539
8748	-1479.658	-1574.171	94.51291	0.699445	0.446835	0.553165	5.838546
8754	-1481.568	-1576.685	95.11682	0.635092	0.669276	0.330724	5.542772
8760	-1477.652	-1572.055	94.40321	0.6157606	0.440494	0.559506	5.944204
8766	-1489.707	-1583.543	93.83574	0.4147655	0.440494	0.559506	6.362434
8772	-1487.204	-1582.579	95.37431	0.5997494	0.517085	0.482915	5.420548
8778	-1494.404	-1589.668	95.26341	0.7106556	0.422318	0.577682	5.420548
8784	-1491.472	-1587.523	96.0514	0.5081578	0.488463	0.511537	5.097034
8790	-1481.625	-1577.37	95.74574	0.522675	0.374807	0.625193	5.258166
8796	-1487.456	-1583.789	96.33348	0.5891459	0.457914	0.542086	4.895309
8802	-1492.476	-1589.873	97.39625	0.83052	0.457914	0.542086	4.162106
8808	-1487.849	-1583.776	95.92722	0.7470443	0.370429	0.629571	5.033396
8814	-1492.851	-1590.122	97.27093	0.8475618	0.468141	0.531859	4.223577
8820	-1493.1	-1587.899	94.79893	0.6504365	0.387344	0.612656	5.708801
8826	-1494.594	-1589.596	95.00241	0.4469601	0.466605	0.533395	5.708801
8832	-1499.197	-1595.539	96.34158	0.7301688	0.334042	0.665958	4.81218
8838	-1493.168	-1589.777	96.60966	0.762469	0.485688	0.514312	4.644231
8844	-1499.368	-1595.087	95.71852	0.5572747	0.402136	0.597864	5.254085
8850	-1490.397	-1586.153	95.75569	0.4931969	0.428831	0.571169	5.268957
8856	-1492.644	-1589.26	96.61638	0.4683464	0.405055	0.594945	4.804942
8862	-1490.449	-1587.6	97.15085	0.7517025	0.607482	0.392518	4.345809
8868	-1478.077	-1574.432	96.3547	0.7051862	0.499123	0.500877	4.818802
8874	-1485.679	-1580.992	95.31301	0.871102	0.371282	0.628718	5.304724
8880	-1495.837	-1595.05	99.2129	1.042738	0.529577	0.470423	2.980749
8886	-1484.724	-1581.109	96.38571	0.6794854	0.462293	0.537707	4.815842
8892	-1481.048	-1576.75	95.70218	0.6272692	0.50472	0.49528	5.224433
8898	-1482.676	-1581.091	98.41565	0.9419621	0.455883	0.544117	3.511731
8904	-1490.179	-1586.399	96.22059	0.8909054	0.579087	0.420913	4.790002
8910	-1488.07	-1584.302	96.23185	0.7598151	0.546963	0.453037	4.856843
8916	-1482.87	-1579.967	97.09745	0.5955381	0.46686	0.53314	4.464013
8922	-1489.94	-1587.942	98.00213	0.9206223	0.46686	0.53314	3.763821
8928	-1495.229	-1592.928	97.69894	0.8335588	0.369303	0.630697	3.987859
8934	-1486.929	-1583.569	96.63977	0.6418283	0.487182	0.512818	4.694926
8940	-1501.338	-1596.766	95.42777	0.3532983	0.433871	0.566129	5.526748
8946	-1497.068	-1591.729	94.66075	0.4596453	0.558893	0.441107	5.888811
8952	-1493.353	-1587.642	94.2894	0.6289142	0.522452	0.477548	5.999133
8958	-1495.199	-1589.764	94.56484	0.5361163	0.522452	0.477548	5.899429
8964	-1488.191	-1583.261	95.07032	0.546573	0.577331	0.422669	5.616928
8970	-1478.837	-1574.831	95.99443	0.5188423	0.426138	0.573862	5.122687
8976	-1482.854	-1578.009	95.1547	0.5847082	0.333524	0.666476	5.549646
8982	-1481.312	-1578.046	96.73427	0.6347652	0.419473	0.580527	4.645965
8988	-1485.56	-1580.287	94.72719	0.6969454	0.439084	0.560916	5.722628
8994	-1482.288	-1579.288	96.99997	0.7052557	0.456825	0.543175	4.457119
9000	-1477.793	-1573.396	95.6031	0.7121653	0.468443	0.531557	5.23227
9006	-1483.833	-1579.372	95.53967	0.684983	0.380929	0.619071	5.282342
9012	-1486.833	-1581.01	94.17718	0.6360448	0.434081	0.565919	6.056431
9018	-1477.491	-1572.28	94.78889	0.6561775	0.48823	0.51177	5.711157
9024	-1482.512	-1579.62	97.10801	0.8618127	0.412395	0.587605	4.307782
9030	-1487.181	-1584.237	97.05654	0.6560959	0.540356	0.459644	4.452949
9036	-1482.144	-1579.539	97.39484	0.7501291	0.449406	0.550594	4.208556
9042	-1485.266	-1579.883	94.61712	0.6038905	0.366793	0.633207	5.83381
9048	-1482.997	-1578.822	95.8244	0.6093557	0.409036	0.590964	5.166726
9054	-1484.003	-1579.656	95.65364	0.4488656	0.402471	0.597529	5.349752
9060	-1475.365	-1571.121	95.75633	0.5673915	0.429114	0.570886	5.227597
9066	-1484.046	-1580.154	96.10743	0.767436	0.429114	0.570886	4.921896
9072	-1477.545	-1573.76	96.21468	0.6601848	0.583159	0.416841	4.921896
9078	-1478.857	-1574.978	96.12016	0.6733237	0.474094	0.525906	4.967162
9084	-1479.511	-1574.878	95.36758	0.6869324	0.63446	0.36554	5.376218
9090	-1479.311	-1576.633	97.32212	0.7823673	0.495007	0.504993	4.231521
9096	-1477.297	-1574.474	97.17716	0.6860154	0.495007	0.504993	4.368051
9102	-1480.971	-1576.277	95.30607	0.5458113	0.422845	0.577155	5.487808
9108	-1478.491	-1573.022	94.53117	0.603603	0.479573	0.520427	5.880954
9114	-1487.913	-1583.224	95.31085	0.7132069	0.501107	0.498893	5.393006
9120	-1489.229	-1584.707	95.47789	0.4555992	0.522389	0.477611	5.442893
9126	-1487.335	-1582.342	95.00658	0.6980599	0.488357	0.511643	5.568746
9132	-1484.457	-1581.147	96.69062	0.519913	0.452573	0.547427	4.734669
9138	-1487.89	-1585.147	97.25742	0.7147423	0.353925	0.646075	4.306457
9144	-1488.418	-1584.026	95.60788	0.6033852	0.658106	0.341894	5.289732
9150	-1485.861	-1581.572	95.71076	0.5469433	0.548698	0.451302	5.264081
9156	-1486.48	-1580.341	93.86102	0.5488958	0.377891	0.622109	6.275882
9162	-1485.92	-1581.384	95.46379	0.7310348	0.447215	0.552785	5.298809
9168	-1492.663	-1589.406	96.7431	0.7310348	0.448385	0.551615	4.587033
9174	-1489.127	-1584.889	95.76204	0.6551722	0.407815	0.592185	5.175881
9180	-1488.008	-1583.657	95.64914	0.8240684	0.433688	0.566312	5.144877
9186	-1488.571	-1584.502	95.93161	0.5728088	0.553878	0.446122	5.127588
9192	-1494.348	-1590.841	96.49353	0.7570637	0.470475	0.529525	4.712269
9198	-1495.609	-1593.07	97.46124	1.04286	0.387961	0.612039	4.004091
9204	-1492.86	-1590.958	98.09814	0.8559509	0.420753	0.579247	3.745749
9210	-1489.703	-1586.295	96.59131	0.7319234	0.420753	0.579247	4.671617
9216	-1486.678	-1583.382	96.70414	0.6174596	0.465999	0.534001	4.672534
9222	-1480.79	-1577.661	96.87185	0.6513189	0.42986	0.57014	4.559507
9228	-1487.159	-1584.888	97.72911	0.9749662	0.536588	0.463412	3.889599
9234	-1489.697	-1586.061	96.36374	0.6805612	0.503361	0.496639	4.827495
9240	-1494.749	-1589.041	94.29192	0.1281938	0.493803	0.506197	6.270341
9246	-1482.978	-1579.856	96.87797	0.9331527	0.469299	0.530701	4.397432
9252	-1485.142	-1580.14	94.99747	0.886785	0.469299	0.530701	5.469991
9258	-1473.597	-1569.832	96.2347	0.6311429	0.541817	0.458183	4.926916
9264	-1479.796	-1576.637	96.84088	0.7555262	0.404643	0.595357	4.518353
9270	-1480.848	-1576.862	96.01342	0.5603303	0.341154	0.658846	5.089166
9276	-1484.712	-1579.872	95.16035	0.7242548	0.478769	0.521231	5.469799
9282	-1493.239	-1590.466	97.2271	0.610681	0.524559	0.475441	4.382387
9288	-1486.275	-1582.139	95.86435	0.6298546	0.494452	0.505548	5.13325
9294	-1493.439	-1589.943	96.50449	0.6384587	0.464649	0.535351	4.772435
9300	-1505.741	-1602.362	96.62069	0.5449067	0.379549	0.620451	4.759785
9306	-1498.087	-1595.085	96.99801	0.6658938	0.35333	0.64667	4.480384
9312	-1485.476	-1582.778	97.3013	0.6546014	0.437036	0.562964	4.315657
9318	-1498.57	-1595.753	97.18354	0.6582357	0.437036	0.562964	4.380133
9324	-1500.333	-1598.243	97.90976	0.9333591	0.37329	0.62671	3.809695
9330	-1496.317	-1593.152	96.83549	0.8420595	0.342752	0.657248	4.472701
9336	-1502.238	-1600.153	97.91515	0.9232253	0.542256	0.457744	3.812426
9342	-1490.276	-1587.215	96.93914	0.6753068	0.441959	0.558041	4.508208
9348	-1493.66	-1588.418	94.75778	0.483677	0.532702	0.467298	5.822631
9354	-1488.742	-1583.791	95.04849	0.4731399	0.490368	0.509632	5.669191
9360	-1493.561	-1590.261	96.69989	0.417749	0.528719	0.471281	4.786571
9366	-1486.494	-1582.341	95.84687	0.656899	0.500604	0.499396	5.127951
9372	-1487.491	-1583.855	96.36432	0.4849239	0.488122	0.511878	4.936152
9378	-1483.924	-1579.054	95.1299	0.3731199	0.324947	0.675053	5.679393
9384	-1483.623	-1578.998	95.37511	0.645363	0.53331	0.46669	5.39498
9390	-1484.357	-1580.718	96.36185	0.6276475	0.415229	0.584771	4.858052
9396	-1486.305	-1583.183	96.87858	0.764032	0.415456	0.584544	4.492367
9402	-1489.652	-1583.339	93.68648	0.4046056	0.413078	0.586922	6.448893
9408	-1483.535	-1579.448	95.91366	0.5613213	0.393003	0.606997	5.143895
9414	-1482.949	-1579.106	96.15693	0.5511672	0.46941	0.53059	5.014609
9420	-1482.263	-1579.239	96.97592	0.6712852	0.487002	0.512998	4.489783
9426	-1487.693	-1584.59	96.89784	0.87139	0.342696	0.657304	4.421058
9432	-1489.631	-1588.152	98.52182	0.8291493	0.574862	0.425138	3.515603
9438	-1491.936	-1591.413	99.47702	1.117564	0.402594	0.597406	2.775629
9444	-1486.564	-1579.577	93.01298	0.6691016	0.443172	0.556828	6.670272
9450	-1482.273	-1577.062	94.78941	0.6834357	0.571164	0.428836	5.695938
9456	-1472.388	-1567.106	94.71806	0.7547784	0.501136	0.498864	5.695938
9462	-1474.965	-1569.558	94.59285	0.5343151	0.488618	0.511382	5.88511
9468	-1479.441	-1573.617	94.17606	0.6766926	0.486614	0.513386	6.034885
9474	-1481.402	-1576.281	94.87897	0.657528	0.419383	0.580617	5.661034
9480	-1480.624	-1575.959	95.33566	0.6548956	0.427122	0.572878	5.411464
9486	-1477.135	-1572.311	95.17629	0.5761452	0.560743	0.439257	5.542483
9492	-1484.596	-1579.274	94.67846	0.7750532	0.560743	0.439257	5.706529
9498	-1483.854	-1577.445	93.59064	0.5692954	0.577587	0.422413	6.411565
9504	-1483.815	-1579.714	95.89949	0.5307884	0.417257	0.582743	5.168648
9510	-1484.839	-1579.536	94.69709	0.4196812	0.407614	0.592386	5.890793
9516	-1482.09	-1578.233	96.14361	0.5579708	0.563038	0.436962	5.018227
9522	-1495.088	-1589.545	94.45681	0.6228763	0.603533	0.396467	5.911051
9528	-1483.982	-1578.578	94.5954	0.4587668	0.503429	0.496571	5.924986
9534	-1482.851	-1578.809	95.95817	0.4254494	0.460948	0.539052	5.194468
9540	-1478.219	-1575.687	97.46844	0.7778081	0.61885	0.38115	4.151035
9546	-1474.438	-1570.879	96.44102	0.6976654	0.434939	0.565061	4.774816
9552	-1491.035	-1586.403	95.36846	0.7975004	0.458903	0.541097	5.314745
9558	-1495.07	-1590.03	94.95971	0.4317832	0.463705	0.536295	5.740511
9564	-1485.738	-1581.174	95.43655	0.6025501	0.579463	0.420537	5.384712
9570	-1493.483	-1589.51	96.02695	0.6945756	0.618198	0.381802	5.007153
9576	-1497.339	-1592.502	95.16204	0.5780563	0.655402	0.344598	5.549266
9582	-1488.685	-1586.304	97.6188	0.840635	0.490578	0.509422	4.029597
9588	-1484.692	-1581.211	96.51894	0.7871965	0.359225	0.640775	4.681191
9594	-1471.926	-1569.307	97.38142	0.6434012	0.503662	0.496338	4.276655
9600	-1473.881	-1570.767	96.88586	0.7485186	0.417832	0.582168	4.496995
9606	-1476.047	-1572.478	96.43092	0.7106199	0.420866	0.579134	4.773224
9612	-1478.809	-1575.434	96.6246	0.674624	0.511732	0.488268	4.685058
9618	-1494.919	-1590.489	95.57006	0.7235283	0.525464	0.474536	5.244252
9624	-1498.324	-1593.809	95.48546	0.6742675	0.529749	0.470251	5.318181
9630	-1483.614	-1579.498	95.884	0.8666004	0.468807	0.531193	4.991001
9636	-1481.544	-1576.216	94.67214	0.5767504	0.456242	0.543758	5.818564
9642	-1485.548	-1580.505	94.95714	0.6779292	0.491898	0.508102	5.60695
9648	-1476.198	-1572.4	96.20231	0.7199188	0.43556	0.56444	4.895528
9654	-1480.216	-1575.857	95.64112	0.7857853	0.466843	0.533157	5.170516
9660	-1486.683	-1582.579	95.89666	0.690536	0.469711	0.530289	5.08171
9666	-1486.817	-1581.383	94.56644	0.6721661	0.572589	0.427411	5.824191
9672	-1482.86	-1577.94	95.08043	0.464502	0.373643	0.626357	5.65641
9678	-1492.899	-1589.526	96.62684	0.4243469	0.537656	0.462344	4.823657
9684	-1483.342	-1577.476	94.13384	0.5557239	0.533581	0.466419	6.123792
9690	-1485.117	-1580.624	95.50631	0.5095967	0.549626	0.450374	5.397493
9696	-1485.765	-1581.715	95.95023	0.4607679	0.640467	0.359533	5.179317
9702	-1480.801	-1576.698	95.89715	0.5138557	0.523934	0.476066	5.179317
9708	-1479.59	-1575.484	95.89428	0.5167175	0.369493	0.630507	5.179317
9714	-1470.89	-1566.944	96.05417	0.4726057	0.524133	0.475867	5.1152
9720	-1471.309	-1568.138	96.8291	0.7118963	0.393772	0.606228	4.549493
9726	-1480.463	-1578.002	97.53919	0.6286177	0.512657	0.487343	4.195597
9732	-1480.436	-1578.192	97.75628	0.7948328	0.484907	0.515093	3.977218
9738	-1484.909	-1581.757	96.84824	0.7373597	0.369088	0.630912	4.524427
9744	-1493.436	-1588.408	94.97228	0.8980029	0.640492	0.359508	5.477682
9750	-1502.065	-1598.288	96.22309	0.597217	0.460539	0.539461	4.952247
9756	-1492.002	-1586.956	94.95396	0.6219425	0.533645	0.466355	5.639421
9762	-1495.18	-1593.029	97.84859	0.914539	0.402258	0.597742	3.85569
9768	-1492.063	-1588.631	96.56801	0.72841	0.467605	0.532395	4.686629
9774	-1486.929	-1581.476	94.54746	0.5276783	0.418929	0.581071	5.913536
9780	-1488.574	-1585.156	96.58118	0.6023334	0.514594	0.485406	4.749772
9786	-1493.627	-1589.763	96.1359	0.2469283	0.560541	0.439459	5.194905
9792	-1491.127	-1585.847	94.71991	0.4523812	0.609803	0.390197	5.860452
9798	-1490.741	-1586.669	95.92744	0.6142033	0.577398	0.422602	5.106965
9804	-1481.655	-1579.76	98.10426	0.9113326	0.567287	0.432713	3.710232
9810	-1481.302	-1579.904	98.60259	0.6995058	0.426004	0.573996	3.544072
9816	-1479.961	-1577.165	97.20366	0.6515377	0.480756	0.519244	4.372559
9822	-1480.968	-1576.454	95.48588	0.4768691	0.458483	0.541517	5.426782
9828	-1478.07	-1573.726	95.65608	0.4261062	0.415	0.585	5.360962
9834	-1480.716	-1576.097	95.38092	0.5469208	0.415	0.585	5.446
9840	-1480.459	-1576.928	96.46873	0.7754153	0.434124	0.565876	4.715875
9846	-1478.782	-1573.954	95.17232	0.7449524	0.48676	0.51324	5.451823
9852	-1475.44	-1571.25	95.80966	0.6762242	0.39562	0.60438	5.137856
9858	-1473.811	-1570.043	96.2316	0.5977947	0.500684	0.499316	4.947197
9864	-1479.837	-1574.854	95.01657	0.5977947	0.50113	0.49887	5.618313
9870	-1468.842	-1564.293	95.45077	0.6036792	0.51717	0.48283	5.376251
9876	-1478.39	-1575.952	97.5621	0.6962726	0.512767	0.487233	4.144144
9882	-1480.697	-1578.971	98.27359	0.6962726	0.516695	0.483305	3.736647
9888	-1484.504	-1581.578	97.07426	0.759735	0.442154	0.557846	4.384524
9894	-1482.344	-1578.794	96.44985	0.7407792	0.538566	0.461434	4.745799
9900	-1480.041	-1577.388	97.34705	0.690451	0.373546	0.626454	4.269475
9906	-1481.208	-1577.901	96.69303	0.6489792	0.548654	0.451346	4.661104
9912	-1485.886	-1583.72	97.83334	0.8141887	0.4542	0.5458	3.922018
9918	-1499.022	-1595.858	96.83617	0.6575895	0.439547	0.560453	4.576017
9924	-1493.95	-1591.483	97.53324	0.683914	0.489628	0.510372	4.167573
9930	-1486.302	-1583.118	96.81551	0.5756815	0.624682	0.375318	4.63355
9936	-1495.61	-1592.018	96.40828	0.60357	0.636676	0.363324	4.845593
9942	-1494.877	-1594.805	99.92782	1.165857	0.420562	0.579438	2.467182
9948	-1500.049	-1597.514	97.46466	0.7773271	0.420562	0.579438	4.153461
9954	-1493.095	-1588.924	95.82958	0.5444811	0.41441	0.58559	5.199758
9960	-1475.872	-1571.707	95.83527	0.6023065	0.4914	0.5086	5.164608
9966	-1485.661	-1581.848	96.18681	0.7344681	0.446816	0.553184	4.89606
9972	-1483.953	-1581.378	97.42535	0.8626504	0.42785	0.57215	4.127295
9978	-1477.78	-1575.205	97.42472	0.8632801	0.323282	0.676718	4.127295
9984	-1477.755	-1574.155	96.40012	0.8191163	0.352152	0.647848	4.729808
9990	-1495.965	-1590.69	94.72483	0.4167202	0.362928	0.637072	5.877252
9996	-1488.137	-1584.45	96.3126	0.3899852	0.471539	0.528461	5.017672
10002	-1482.44	-1576.212	93.77205	0.4881346	0.39128	0.60872	6.357183
10008	-1479.051	-1575.674	96.62308	0.5108737	0.512138	0.487862	4.777457
10014	-1478.442	-1573.887	95.44445	0.6227064	0.513323	0.486677	5.369246
10020	-1478.12	-1574.244	96.1238	0.6879869	0.513323	0.486677	4.956986
10026	-1483.652	-1579.764	96.11268	0.5259934	0.490721	0.509279	5.053151
10032	-1479.196	-1575.226	96.02936	0.5644211	0.490721	0.509279	5.078054
10038	-1480.985	-1575.594	94.60837	0.5215734	0.585746	0.414254	5.883593
10044	-1480.199	-1577.278	97.07849	0.8938396	0.512012	0.487988	4.306365
10050	-1479.046	-1575.329	96.28236	0.7312982	0.505835	0.494165	4.844586
10056	-1485.737	-1581.815	96.07761	0.3943041	0.631751	0.368249	5.145593
10062	-1475.391	-1571.578	96.18684	0.569706	0.542576	0.457424	4.987699
10068	-1479.624	-1576.662	97.03845	0.7310002	0.471206	0.528794	4.420933
10074	-1485.776	-1580.314	94.53861	0.3685153	0.358037	0.641963	6.005236
10080	-1481.743	-1579.647	97.90358	0.829007	0.414635	0.585365	3.87323
10086	-1485.241	-1581.456	96.21451	0.7075875	0.477811	0.522189	4.895602
10092	-1477.658	-1572.934	95.27541	0.5897654	0.477811	0.522189	5.480489
10098	-1481.139	-1576.631	95.49266	0.7397347	0.568246	0.431754	5.278062
10104	-1499.75	-1595.142	95.3917	0.6090356	0.433346	0.566654	5.405856
10110	-1477.109	-1571.985	94.87631	0.7750492	0.446828	0.553172	5.598008
10116	-1487.188	-1584.356	97.16885	0.7984718	0.457694	0.542306	4.309195
10122	-1484.341	-1581.506	97.16439	1.043087	0.372269	0.627731	4.173071
10128	-1477.482	-1573.053	95.57141	0.8186846	0.529162	0.470838	5.190887
10134	-1478.873	-1576.017	97.14404	0.8992871	0.484019	0.515981	4.266176
10140	-1477.83	-1573.662	95.83149	0.8706046	0.458941	0.541059	5.017946
10146	-1482.988	-1579.458	96.46996	0.5265484	0.358424	0.641576	4.854145
10152	-1481.477	-1577.13	95.65355	0.3666071	0.364533	0.635467	5.395155
10158	-1486.023	-1581.409	95.38582	0.4061471	0.335162	0.664838	5.520756
10164	-1485.541	-1581.664	96.12237	0.7638508	0.539362	0.460638	4.915575
10170	-1485.859	-1582.139	96.28044	0.6426869	0.539362	0.460638	4.895029
10176	-1485.665	-1580.865	95.20021	0.6927698	0.616645	0.383355	5.46519
10182	-1485.384	-1581.354	95.97008	0.543803	0.479183	0.520817	5.122346
10188	-1488.63	-1585.879	97.24945	0.7441838	0.449866	0.550134	4.29431
10194	-1490.716	-1587.916	97.19965	0.7499949	0.375085	0.624915	4.319191
10200	-1487.14	-1584.432	97.29186	0.9276144	0.557842	0.442158	4.166254
10206	-1490.301	-1587.937	97.63607	0.7794942	0.490612	0.509388	4.054627
10212	-1488.38	-1583.551	95.17103	0.5597565	0.369414	0.630586	5.55438
10218	-1494.053	-1589.676	95.62284	0.435349	0.425377	0.574623	5.374192
10224	-1484.456	-1580.822	96.3667	0.797363	0.607137	0.392863	4.76064
10230	-1485.293	-1581.23	95.93737	0.4554033	0.535136	0.464864	5.189403
10236	-1485.797	-1579.616	93.81963	0.6847627	0.494553	0.505447	6.224534
10242	-1475.276	-1572.195	96.91879	0.6371569	0.413905	0.586095	4.54109
10248	-1479.01	-1574.456	95.44581	0.4311123	0.413905	0.586095	5.474028
10254	-1477.316	-1572.512	95.19598	0.5668906	0.434867	0.565133	5.536752
10260	-1491.542	-1586.513	94.97072	0.6032393	0.505569	0.494431	5.64049
10266	-1488.358	-1583.264	94.90629	0.6642174	0.505608	0.494392	5.642382
10272	-1483.898	-1578.831	94.93279	0.6377124	0.505608	0.494392	5.642382
10278	-1484.343	-1580.669	96.32648	0.4758093	0.515845	0.484155	4.96227
10284	-1481.242	-1578.023	96.78131	0.7245733	0.465257	0.534743	4.569209
10290	-1491.411	-1587.793	96.38194	0.8887692	0.404978	0.595022	4.701018
10296	-1486.119	-1584.157	98.03776	0.7450166	0.340105	0.659895	3.844403
10302	-1486.924	-1584.716	97.79182	0.9909564	0.471592	0.528408	3.844403
10308	-1488.238	-1587.251	99.01294	0.9762896	0.501902	0.498098	3.139973
10314	-1487.398	-1586.083	98.68537	0.7747783	0.501902	0.498098	3.451866
10320	-1489.498	-1585.127	95.62814	0.6213856	0.417283	0.582717	5.268599
10326	-1502.595	-1597.358	94.7632	0.4778229	0.507553	0.492447	5.822869
10332	-1494.949	-1590.895	95.94582	0.6331793	0.356173	0.643827	5.08625
10338	-1494.375	-1588.857	94.48227	0.6429453	0.600653	0.399347	5.886179
10344	-1488.215	-1584.41	96.19523	0.6023592	0.411175	0.588825	4.964882
10350	-1491.301	-1590.485	99.18408	1.049252	0.49839	0.50161	2.994144
10356	-1486.411	-1584.384	97.97239	1.028609	0.474137	0.525863	3.718662
10362	-1478.867	-1575.424	96.55737	0.6541119	0.54439	0.45561	4.734139
10368	-1488.594	-1584.325	95.73087	0.6541119	0.510559	0.489441	5.193714
10374	-1495.966	-1591.684	95.71829	0.6556909	0.342916	0.657084	5.199801
10380	-1482.822	-1577.521	94.69909	0.5474297	0.521667	0.478333	5.81986
10386	-1487.22	-1584.992	97.77146	0.8194624	0.458823	0.541177	3.954441
10392	-1485.186	-1582.941	97.75493	0.8359923	0.458823	0.541177	3.954441
10398	-1484.095	-1581.875	97.78028	0.8106391	0.369812	0.630188	3.954441
10404	-1482.044	-1578.925	96.88056	0.8106391	0.461484	0.538516	4.465021
10410	-1488.515	-1587.154	98.6388	0.9780512	0.39121	0.60879	3.36003
10416	-1483.842	-1582.59	98.74834	0.8618012	0.408456	0.591544	3.363973
10422	-1486.624	-1584.181	97.55693	0.8872886	0.472111	0.527889	4.03828
10428	-1487.832	-1584.788	96.95584	0.7409204	0.371735	0.628265	4.461889
10434	-1497.78	-1596.48	98.70015	0.8599753	0.474985	0.525015	3.393322
10440	-1489.945	-1586.619	96.67355	0.702201	0.512581	0.487419	4.642198
10446	-1491.932	-1589.286	97.35411	0.7223957	0.432013	0.567987	4.24738
10452	-1483.405	-1578.966	95.56067	0.6826845	0.409315	0.590685	5.272013
10458	-1496.486	-1591.035	94.54865	0.5272859	0.467648	0.532352	5.9131
10464	-1482.547	-1580.46	97.91307	0.967138	0.355079	0.644921	3.78834
10470	-1483.058	-1580.306	97.24884	0.967138	0.487384	0.512616	4.168238
10476	-1476.236	-1573.912	97.67584	0.9430476	0.521376	0.478624	3.938429
10482	-1484.626	-1584.394	99.76736	1.274626	0.521376	0.478624	2.499542
10488	-1480.47	-1580.256	99.78593	1.193277	0.472211	0.527789	2.538704
10494	-1482.961	-1582.55	99.58805	1.340881	0.436154	0.563846	2.56996
10500	-1478.92	-1579.533	100.6134	1.2771	0.514933	0.485067	1.951538
10506	-1479.761	-1578.613	98.85263	1.088035	0.500482	0.499518	3.168833
10512	-1487.451	-1586.734	99.28333	1.024012	0.483708	0.516292	2.949654
10518	-1481.945	-1579.947	98.00184	0.8709357	0.362617	0.637383	3.792624
10524	-1490.161	-1588.623	98.46171	0.7973812	0.519702	0.480298	3.569092
10530	-1487.781	-1584.196	96.41448	0.674235	0.566246	0.433754	4.802714
10536	-1484.365	-1581.013	96.64834	0.7624484	0.566246	0.433754	4.622562
10542	-1491.947	-1588.452	96.50489	0.6360442	0.529421	0.470579	4.773561
10548	-1507.042	-1603.789	96.74734	0.5709565	0.463469	0.536531	4.674384
10554	-1483.736	-1579.708	95.97135	0.4886285	0.45532	0.54468	5.152204
10560	-1492.772	-1588.39	95.61789	0.5404651	0.42458	0.57542	5.318943
10566	-1495.648	-1589.81	94.16148	0.5084799	0.476894	0.523106	6.134462
10572	-1502.388	-1598.449	96.06156	0.4191184	0.600088	0.399912	5.140743
10578	-1489.37	-1584.118	94.74875	0.417364	0.550862	0.449138	5.863824
10584	-1493.653	-1589.563	95.90999	0.558774	0.535743	0.464257	5.147337
10590	-1490.965	-1588.023	97.05791	0.6011435	0.545875	0.454125	4.483113
10596	-1491.494	-1588.331	96.83759	0.772672	0.476775	0.523225	4.510564
10602	-1492.124	-1587.903	95.77914	0.473719	0.350657	0.649343	5.26676
10608	-1482.468	-1578.8	96.33119	0.6982361	0.426081	0.573919	4.835793
10614	-1491.079	-1587.904	96.8248	0.6803696	0.445995	0.554005	4.569609
10620	-1489.061	-1584.122	95.06127	0.5998352	0.508396	0.491604	5.592659
10626	-1493.875	-1590.225	96.34994	0.5485332	0.38753	0.61247	4.908754
10632	-1489.412	-1588.332	98.91994	0.9231088	0.366331	0.633669	3.226686
10638	-1484.97	-1583.241	98.27103	0.982125	0.482291	0.517709	3.572542
10644	-1486.13	-1583.485	97.35429	0.8385143	0.482291	0.517709	4.181403
10650	-1490.182	-1583.977	93.79495	0.5495401	0.548421	0.451579	6.311417
10656	-1484.503	-1580.684	96.18139	0.4976889	0.369975	0.630025	5.030722
10662	-1487.798	-1582.504	94.70627	0.6507431	0.350471	0.649529	5.759392
10668	-1488.349	-1585.22	96.87077	0.5968022	0.575878	0.424122	4.590712
10674	-1488.654	-1585.647	96.99271	0.684879	0.544631	0.455369	4.472683
10680	-1485.381	-1581.663	96.28173	0.5656674	0.542203	0.457797	4.937179
10686	-1490.122	-1586.913	96.79098	0.6770898	0.542203	0.457797	4.590432
10692	-1476.439	-1572.312	95.87291	0.5304985	0.477968	0.522032	5.183522
10698	-1479.894	-1575.541	95.64706	0.599163	0.375118	0.624882	5.270424
10704	-1488.596	-1586.065	97.4693	0.6734532	0.418892	0.581108	4.209813
10710	-1488.387	-1584.976	96.58924	0.4783776	0.355989	0.644011	4.814488
10716	-1482.633	-1579.575	96.94244	0.7223303	0.355989	0.644011	4.479894
10722	-1478.877	-1574.892	96.01507	0.3904471	0.447755	0.552245	5.182355
10728	-1478.748	-1574.284	95.53587	0.5328829	0.48072	0.51928	5.368366
10734	-1478.686	-1573.962	95.27588	0.591111	0.503002	0.496998	5.479491
10740	-1476.491	-1572.788	96.29681	0.591111	0.49762	0.50238	4.914632
10746	-1481.223	-1576.154	94.93027	0.5467019	0.633612	0.366388	5.693672
10752	-1475.501	-1570.209	94.70803	0.7689453	0.510384	0.489616	5.693672
10758	-1478.226	-1573.695	95.46934	0.5180268	0.526121	0.473879	5.413222
10764	-1482.072	-1578.265	96.19249	0.6278091	0.405781	0.594219	4.952253
10770	-1477.836	-1573.079	95.24252	0.6408396	0.518299	0.481701	5.470484
10776	-1481.456	-1577.092	95.63538	0.5774452	0.627075	0.372925	5.288869
10782	-1475.74	-1572.008	96.26734	0.8000589	0.479057	0.520943	4.814609
10788	-1480.82	-1575.949	95.12845	0.4497793	0.494108	0.505892	5.638145
10794	-1488.519	-1584.86	96.34164	0.8032687	0.427841	0.572159	4.771341
10800	-1482.817	-1577.763	94.94603	0.833929	0.503424	0.496576	5.527359
10806	-1487.605	-1583.179	95.57334	0.8521217	0.343387	0.656613	5.171312
10812	-1491.521	-1586.147	94.62541	0.3314971	0.44902	0.55098	5.978076
10818	-1482.916	-1577.192	94.27593	0.6809855	0.417793	0.582207	5.978076
10824	-1479.006	-1575.933	96.92721	0.8215433	0.398991	0.601009	4.432598
10830	-1484.843	-1580.995	96.15292	0.887098	0.479833	0.520167	4.829884
10836	-1490.263	-1588.787	98.52342	0.8498314	0.443137	0.556863	3.502609
10842	-1495.552	-1593.443	97.8911	0.7248483	0.585411	0.414589	3.94011
10848	-1481.523	-1576.95	95.42647	0.6176039	0.528888	0.471112	5.381971
10854	-1477.433	-1573.633	96.19936	0.5891621	0.440319	0.559681	4.969924
10860	-1474.867	-1570.858	95.99129	0.5384319	0.601611	0.398389	5.113569
10866	-1480.894	-1576.873	95.97967	0.5272261	0.549816	0.450184	5.126216
10872	-1483.307	-1579.928	96.62086	0.6934602	0.386063	0.613937	4.67661
10878	-1480.914	-1577.676	96.76235	0.6389412	0.431623	0.568377	4.627888
10884	-1500.583	-1596.635	96.05169	0.5366803	0.400904	0.599096	5.081055
10890	-1493.56	-1589.816	96.25605	0.6174161	0.426554	0.573446	4.922674
10896	-1490.565	-1586.432	95.86663	0.5495864	0.483875	0.516125	5.176434
10902	-1495.81	-1590.972	95.16148	0.5065565	0.497567	0.502433	5.588852
10908	-1488.986	-1584.645	95.6588	0.3551368	0.34402	0.65598	5.398581
10914	-1493.177	-1586.905	93.72822	0.6141681	0.465248	0.534752	6.312558
10920	-1488.664	-1585.938	97.27373	0.7158948	0.5764	0.4236	4.296579
10926	-1493.033	-1588.203	95.16975	0.7200457	0.584571	0.415429	5.466945
10932	-1494.515	-1591.698	97.18345	0.7421452	0.651357	0.348643	4.332792
10938	-1497.88	-1593.452	95.57269	0.7487423	0.398278	0.601722	5.228862
10944	-1510.217	-1604.805	94.58819	0.4930234	0.515682	0.484318	5.910214
10950	-1488.732	-1588.88	100.1484	1.282735	0.53492	0.46508	2.25303
10956	-1500.15	-1600.412	100.2618	1.282735	0.47554	0.52446	2.179848
10962	-1493.973	-1588.712	94.73951	0.728129	0.413868	0.586132	5.698787
10968	-1491.514	-1587.31	95.79583	0.7968312	0.436423	0.563577	5.078675
10974	-1487.855	-1585.338	97.48348	0.6470423	0.603788	0.396212	4.216756
10980	-1474.013	-1570.493	96.48082	0.5431855	0.530028	0.469972	4.838812
10986	-1478.113	-1573.643	95.53028	0.5309345	0.443836	0.556164	5.372524
10992	-1483.806	-1581.02	97.21393	0.7084532	0.318753	0.681247	4.334606
10998	-1484.094	-1581.383	97.28946	0.7209787	0.575538	0.424462	4.284797
11004	-1495.788	-1591.276	95.48722	0.4601098	0.422638	0.577362	5.435271
11010	-1495.443	-1589.897	94.45454	0.6641378	0.410098	0.589902	5.889749
11016	-1494.253	-1590.318	96.06517	0.794438	0.410098	0.589902	4.930388
11022	-1489.333	-1585.812	96.4788	0.7478807	0.441964	0.558036	4.725646
11028	-1486.657	-1582.948	96.29081	0.5983062	0.417814	0.582186	4.913963
11034	-1488.477	-1586.216	97.73829	0.6524507	0.58658	0.41342	4.068784
11040	-1482.886	-1580.361	97.47487	0.6310462	0.452949	0.547051	4.230707
11046	-1481.019	-1577.494	96.47482	0.6310462	0.553945	0.446055	4.793141
11052	-1494.285	-1591.667	97.38124	0.8413578	0.540359	0.459641	4.164478
11058	-1484.597	-1581.93	97.33263	0.8937452	0.402418	0.597582	4.162333
11064	-1479.915	-1575.661	95.74565	0.4598015	0.542398	0.457602	5.292945
11070	-1480.541	-1576.076	95.53522	0.7400326	0.510769	0.489231	5.254388
11076	-1480.871	-1577.986	97.11517	0.6866926	0.478705	0.521295	4.402656
11082	-1479.774	-1576.046	96.2722	0.8138864	0.478705	0.521295	4.804181
11088	-1478.874	-1574.529	95.65498	0.6350994	0.478705	0.521295	5.246191
11094	-1487.621	-1581.692	94.07073	0.4025956	0.312749	0.687251	6.241425
11100	-1490.559	-1586.104	95.5455	0.6591875	0.542882	0.457118	5.293367
11106	-1490.953	-1586.874	95.92126	0.6049466	0.542882	0.457118	5.115517
11112	-1484.861	-1579.764	94.90235	0.3826372	0.46275	0.53725	5.798813
11118	-1480.337	-1575.215	94.87828	0.6794848	0.389582	0.610418	5.649373
11124	-1474.953	-1568.199	93.24646	0.6044232	0.459964	0.540036	6.578979
11130	-1483.624	-1579.463	95.83917	0.5213888	0.571095	0.428905	5.207224
11136	-1479.356	-1574.329	94.97232	0.6632212	0.499197	0.500803	5.60669
11142	-1488.261	-1584.089	95.82793	0.678568	0.559474	0.440526	5.126439
11148	-1490.389	-1589.308	98.91944	0.9163267	0.513478	0.486522	3.230992
11154	-1479.95	-1575.849	95.89943	0.7592406	0.549683	0.450317	5.042051
11160	-1471.42	-1568.658	97.23839	0.7108773	0.454902	0.545098	4.319406
11166	-1477.134	-1573.211	96.07725	0.9553955	0.476362	0.523638	4.833996
11172	-1475.616	-1572.784	97.16792	0.8559662	0.367952	0.632048	4.277184
11178	-1472.1	-1568.01	95.90977	0.6895325	0.367952	0.632048	5.074991
11184	-1476.395	-1572.799	96.40351	0.6694057	0.455937	0.544063	4.811533
11190	-1478.843	-1575.502	96.65884	0.6316942	0.410536	0.589464	4.689923
11196	-1486.193	-1581.524	95.33067	0.6159824	0.514942	0.485058	5.435642
11202	-1491.239	-1587.382	96.14243	0.6476884	0.440571	0.559429	4.969035
11208	-1483.043	-1579.126	96.08354	0.7454192	0.452274	0.547726	4.947437
11214	-1484.057	-1581.647	97.5896	0.7580249	0.583063	0.416937	4.09335
11220	-1485.192	-1581.666	96.4745	0.6478262	0.593055	0.406945	4.78395
11226	-1492.822	-1587.673	94.8514	0.3643691	0.52761	0.47239	5.83668
11232	-1485.345	-1582.603	97.25804	0.9003189	0.372982	0.627018	4.200958
11238	-1482.319	-1579.549	97.23054	0.8443794	0.402069	0.597931	4.248278
11244	-1484.57	-1580.09	95.51985	0.6047574	0.536044	0.463956	5.337565
11250	-1482.039	-1578.82	96.78043	0.6047574	0.40894	0.59106	4.636912
11256	-1484.042	-1578.792	94.7498	0.6626856	0.397579	0.602421	5.729008
11262	-1482.455	-1578.83	96.37467	0.8239016	0.441267	0.558733	4.741355
11268	-1482.719	-1579.176	96.45629	0.7827867	0.443388	0.556612	4.71871
11274	-1474.058	-1570.718	96.65976	0.7072564	0.441856	0.558144	4.647095
11280	-1479.809	-1575.263	95.45469	0.5984841	0.459042	0.540958	5.376957
11286	-1483.953	-1579.531	95.57828	0.6879854	0.349312	0.650688	5.259356
11292	-1478.58	-1574.946	96.36653	0.7508526	0.570031	0.429969	4.786714
11298	-1474.652	-1570.848	96.19664	0.5182934	0.570031	0.429969	5.010813
11304	-1478.29	-1575.25	96.96007	0.6355006	0.526349	0.473651	4.518825
11310	-1479.792	-1575.223	95.43099	0.5442141	0.426712	0.573288	5.419918
11316	-1489.411	-1585.737	96.32593	0.8030656	0.504863	0.495137	4.780227
11322	-1482.932	-1579.795	96.86258	0.5202573	0.439773	0.560227	4.638232
11328	-1493.021	-1589.325	96.30414	0.556985	0.541778	0.458222	4.929544
11334	-1483.161	-1578.995	95.83359	0.407955	0.516654	0.483346	5.273013
11340	-1488.614	-1584.119	95.50514	0.5752823	0.531247	0.468753	5.361933
11346	-1480.858	-1576.035	95.17767	0.6011467	0.436889	0.563111	5.527984
11352	-1484.221	-1579.613	95.39205	0.6963906	0.580385	0.419615	5.357514
11358	-1481.062	-1577.209	96.14694	0.6943515	0.506773	0.493227	4.940579
11364	-1497.709	-1594.947	97.23791	0.8388674	0.435329	0.564671	4.247228
11370	-1491.804	-1589.467	97.66262	0.7182751	0.573403	0.426597	4.074397
11376	-1500.324	-1597.086	96.76195	0.6228176	0.354626	0.645374	4.637145
11382	-1478.752	-1577.104	98.352	0.7015886	0.441825	0.558175	3.688265
11388	-1479.207	-1577.874	98.66752	0.7936988	0.476545	0.523455	3.451241
11394	-1481.068	-1579.163	98.09442	1.010934	0.4625	0.5375	3.658306
11400	-1482.5	-1580.099	97.59855	1.130356	0.4625	0.5375	3.875345
11406	-1482.578	-1580.043	97.46482	0.7964119	0.4625	0.5375	4.142518
11412	-1477.205	-1573.11	95.9046	0.6591458	0.465199	0.534801	5.094712
11418	-1479.256	-1574.579	95.32324	0.5794843	0.436861	0.563139	5.459829
11424	-1475.288	-1570.684	95.39545	0.7016172	0.541424	0.458576	5.352751
11430	-1474.267	-1569.659	95.39256	0.7243011	0.548862	0.451138	5.341839
11436	-1473.957	-1570.563	96.60583	0.8284577	0.46909	0.53091	4.609386
11442	-1483.165	-1581.306	98.14071	0.8839779	0.535753	0.464247	3.704975
11448	-1477.311	-1574.324	97.0135	0.7980184	0.449656	0.550344	4.397205
11454	-1479.449	-1577.012	97.56279	1.097426	0.478842	0.521158	3.914751
11460	-1489.284	-1585.271	95.98695	0.5919118	0.43363	0.56637	5.086326
11466	-1495.835	-1591.721	95.88618	0.8785455	0.393087	0.606913	4.983148
11472	-1491.712	-1588.495	96.78267	0.7235259	0.473527	0.526473	4.569034
11478	-1497.438	-1595.818	98.37951	0.8077797	0.401885	0.598115	3.610802
11484	-1494.843	-1591.181	96.3379	0.5241729	0.488339	0.511661	4.929016
11490	-1483.845	-1582.17	98.32538	0.8184763	0.518235	0.481765	3.635995
11496	-1487.434	-1583.002	95.56768	0.5670873	0.420908	0.579092	5.331957
11502	-1475.476	-1571.542	96.06625	0.6634129	0.450596	0.549404	5.002635
11508	-1477.964	-1575.834	97.86906	0.8806018	0.439425	0.560575	3.863427
11514	-1474.304	-1569.491	95.1876	0.740265	0.439425	0.560575	5.44599
11520	-1485.62	-1581.398	95.77722	0.6812904	0.322383	0.677617	5.153018
11526	-1495.019	-1592.216	97.19672	0.7290807	0.409842	0.590158	4.332674
11532	-1491.004	-1588.203	97.19922	0.7972327	0.36311	0.63689	4.292718
11538	-1489.664	-1587.815	98.15047	0.8310818	0.554029	0.445971	3.729895
11544	-1484.795	-1581.538	96.74253	0.8107639	0.453272	0.546728	4.542585
11550	-1482.198	-1578.738	96.54023	0.6537762	0.491783	0.508217	4.74391
11556	-1481.928	-1577.558	95.63048	0.6273572	0.409822	0.590178	5.26401
11562	-1485.746	-1580.568	94.822	0.5152642	0.393871	0.606129	5.770203
11568	-1483.235	-1577.109	93.87386	0.6104172	0.471886	0.528114	6.23547
11574	-1489.505	-1584.857	95.35263	0.5016899	0.419594	0.580406	5.486462
11580	-1495.737	-1590.273	94.53594	0.4078922	0.532064	0.467936	5.985214
11586	-1494.205	-1589.148	94.94275	0.4778788	0.512128	0.487872	5.724549
11592	-1500.756	-1595.121	94.36543	0.4604405	0.383639	0.616361	6.049537
11598	-1498.801	-1595.729	96.92743	0.6094367	0.613802	0.386198	4.551812
11604	-1486.868	-1581.19	94.32244	0.5407624	0.448383	0.551617	6.029186
11610	-1493.518	-1587.858	94.33978	0.523419	0.517695	0.482305	6.029186
11616	-1493.735	-1589.299	95.564	0.6393486	0.429069	0.570931	5.294103
11622	-1483.47	-1579.761	96.29146	0.6393486	0.472995	0.527005	4.890748
11628	-1485.663	-1581.475	95.81173	0.4224499	0.480268	0.519732	5.27708
11634	-1485.553	-1580.742	95.18978	0.366441	0.515841	0.484159	5.65022
11640	-1490.544	-1583.986	93.44188	0.4555125	0.452781	0.547219	6.55381
11646	-1488.296	-1582.814	94.51789	0.5898937	0.468221	0.531779	5.895701
11652	-1488.736	-1584.666	95.92983	0.6100699	0.468221	0.531779	5.107928
11658	-1490.4	-1585.405	95.00487	0.4498104	0.48017	0.51983	5.705889
11664	-1490.049	-1585.566	95.51709	0.6653122	0.546696	0.453304	5.305667
11670	-1488.198	-1585.116	96.91864	0.6256012	0.497858	0.502142	4.54767
11676	-1484.729	-1580.999	96.27045	0.5257054	0.497858	0.502142	4.965679
11682	-1485.472	-1581.988	96.5153	0.8158613	0.439647	0.560353	4.667177
11688	-1488.441	-1585.317	96.87628	0.6834635	0.465471	0.534529	4.538956
11694	-1490.665	-1585.665	95.00068	0.6897348	0.312962	0.687038	5.576563
11700	-1488.049	-1583.651	95.60221	0.7029296	0.377778	0.622222	5.23787
11706	-1482.458	-1578.584	96.12591	0.5901535	0.462263	0.537737	5.010186
11712	-1486.937	-1583.533	96.59595	0.8245041	0.511785	0.488215	4.617143
11718	-1488.23	-1585.063	96.83251	0.7259836	0.476374	0.523626	4.539663
11724	-1494.269	-1589.031	94.76125	0.4290816	0.445826	0.554174	5.850587
11730	-1489.696	-1585.179	95.48269	0.6767114	0.445826	0.554174	5.318365
11736	-1487.853	-1583.348	95.49491	0.6644856	0.485997	0.514003	5.318365
11742	-1494.623	-1590.876	96.25332	0.6969992	0.4265	0.5735	4.879884
11748	-1490.978	-1587.634	96.6566	0.6907564	0.564576	0.435424	4.65811
11754	-1490.145	-1586.302	96.15733	0.5654292	0.530805	0.469195	5.006468
11760	-1487.553	-1583.543	95.9895	0.6146417	0.464362	0.535638	5.072311
11766	-1482.562	-1577.941	95.37894	0.6426069	0.533994	0.466006	5.394387
11772	-1482.605	-1578.555	95.95021	0.5667217	0.588437	0.411563	5.120657
11778	-1473.295	-1568.646	95.35039	0.5252366	0.496646	0.503354	5.474739
11784	-1480.959	-1575.976	95.01645	0.6999436	0.478388	0.521612	5.562291
11790	-1484.702	-1578.341	93.63884	0.5377788	0.403995	0.596005	6.402516
11796	-1492.489	-1590.298	97.80853	0.8048142	0.429502	0.570498	3.941606
11802	-1483.202	-1580.459	97.25686	0.9007587	0.429502	0.570498	4.201381
11808	-1487.124	-1582.651	95.52767	0.5094677	0.546806	0.453194	5.385795
11814	-1484.734	-1579.875	95.141	0.7806011	0.510966	0.489034	5.449436
11820	-1483.494	-1577.848	94.3533	0.5121235	0.546277	0.453723	6.027974
11826	-1485.829	-1581.671	95.84113	0.4634562	0.431092	0.568908	5.238178
11832	-1481.836	-1578.302	96.46605	0.7199068	0.574889	0.425111	4.748407
11838	-1475.047	-1570.152	95.10442	0.6312824	0.405514	0.594486	5.55168
11844	-1481.943	-1578.308	96.36507	0.8590182	0.381242	0.618758	4.727094
11850	-1477.454	-1574.892	97.43734	0.7541532	0.496846	0.503154	4.182145
11856	-1485.049	-1581.778	96.72843	0.6722872	0.415122	0.584878	4.628209
11862	-1492.836	-1589.552	96.71674	0.768418	0.388124	0.611876	4.580844
11868	-1480.323	-1575.766	95.44297	0.736477	0.515746	0.484254	5.307298
11874	-1481.902	-1577.38	95.47768	0.5893509	0.466483	0.533517	5.369317
11880	-1490.899	-1585.368	94.46927	0.6805653	0.416236	0.583764	5.872724
11886	-1491.105	-1585.963	94.85833	0.5625569	0.580484	0.419516	5.724408
11892	-1484.076	-1579.677	95.60087	0.4868187	0.520147	0.479853	5.357924
11898	-1489.298	-1585.29	95.99212	0.3284068	0.530003	0.469997	5.229361
11904	-1491.167	-1589.036	97.86862	1.051243	0.517794	0.482206	3.765491
11910	-1480.415	-1577.88	97.46594	0.6455296	0.450662	0.549338	4.227559
11916	-1480.758	-1578.22	97.46265	0.9515182	0.432837	0.567163	4.055423
11922	-1491.361	-1589.22	97.85849	0.6959795	0.509958	0.490042	3.975295
11928	-1492.317	-1587.076	94.75911	0.4897992	0.38251	0.61749	5.818551
11934	-1479.047	-1575.493	96.44587	0.6724525	0.403148	0.596852	4.786186
11940	-1486.635	-1580.716	94.08122	0.4780635	0.339499	0.660501	6.194688
11946	-1475.217	-1571.036	95.81937	0.5868015	0.473969	0.526031	5.181992
11952	-1481.909	-1578.909	97.0002	0.7901841	0.531642	0.468358	4.409127
11958	-1479.623	-1576.184	96.56002	0.7901841	0.521667	0.478333	4.656512
11964	-1483.733	-1578.346	94.61272	0.5456464	0.328594	0.671406	5.868061
11970	-1474.699	-1570.21	95.51172	0.6008986	0.400258	0.599742	5.344175
11976	-1482.138	-1577.84	95.7013	0.496323	0.400258	0.599742	5.297264
11982	-1483.196	-1578.995	95.79859	0.505467	0.592811	0.407189	5.238466
11988	-1491.781	-1587.164	95.38308	0.4340242	0.592811	0.407189	5.506933
11994	-1488.934	-1584.592	95.65826	0.5328233	0.463344	0.536656	5.300879
12000	-1493.243	-1589.212	95.96815	0.7359485	0.463344	0.536656	5.016833
12006	-1498.048	-1594.281	96.23383	0.5900577	0.371822	0.628178	4.95026
12012	-1498.88	-1596.199	97.31886	0.8939925	0.485295	0.514705	4.170013
12018	-1489.628	-1586.551	96.92281	0.9695054	0.441342	0.558658	4.351597
12024	-1491.63	-1586.322	94.69224	0.8386062	0.489102	0.510898	5.664136
12030	-1476.319	-1571.169	94.85035	0.5752993	0.44956	0.55044	5.721797
12036	-1473.213	-1568.391	95.17805	0.65639	0.40393	0.59607	5.4974
12042	-1474.415	-1570.835	96.42042	0.5825752	0.40393	0.59607	4.850528
12048	-1475.82	-1571.685	95.86497	0.5757324	0.389229	0.610771	5.16288
12054	-1487.505	-1585.328	97.82272	0.9562748	0.556724	0.443276	3.846576
12060	-1481.997	-1579.465	97.46818	0.8796564	0.546994	0.453006	4.093229
12066	-1481.451	-1577.911	96.46012	0.6345593	0.57825	0.42175	4.799386
12072	-1478.295	-1574.133	95.83833	0.649563	0.519452	0.480548	5.136746
12078	-1481.095	-1578.596	97.50099	0.649563	0.458293	0.541707	4.205389
12084	-1486.295	-1581.231	94.93597	0.6338119	0.434895	0.565105	5.642781
12090	-1481.33	-1577.27	95.93911	0.7009092	0.434895	0.565105	5.052404
12096	-1477.582	-1574.027	96.44576	0.6678796	0.51461	0.48539	4.788801
12102	-1479.332	-1574.956	95.62435	0.8253021	0.569158	0.430842	5.157923
12108	-1478.191	-1575.165	96.97442	0.5858207	0.569158	0.430842	4.538679
12114	-1492.598	-1590.473	97.87572	1.00852	0.356998	0.643002	3.78602
12120	-1496.823	-1594.224	97.40082	0.6447324	0.485565	0.514435	4.264916
12126	-1490.17	-1586.877	96.70659	0.7974873	0.561912	0.438088	4.570226
12132	-1495.643	-1591.999	96.3558	0.6600129	0.650416	0.349584	4.843385
12138	-1483.585	-1580.838	97.25355	0.7374299	0.405546	0.594454	4.295814
12144	-1485.381	-1582.513	97.13191	0.6563479	0.482267	0.517733	4.410329
12150	-1488.941	-1586.447	97.50619	0.7609212	0.567988	0.432012	4.139174
12156	-1485.686	-1580.602	94.91645	0.5720075	0.446677	0.553323	5.687379
12162	-1488.645	-1583.142	94.49727	0.8511896	0.576578	0.423422	5.764075
12168	-1477.6	-1573.807	96.20631	0.6194644	0.444931	0.555069	4.949206
12174	-1473.669	-1568.648	94.97937	0.6246552	0.444931	0.555069	5.62399
12180	-1473.94	-1569.79	95.85006	0.5695598	0.444931	0.555069	5.17455
12186	-1477.536	-1572.91	95.37358	0.7436631	0.430695	0.569305	5.341625
12192	-1474.51	-1569.313	94.80352	0.3899119	0.48206	0.51794	5.84889
12198	-1491.11	-1585.715	94.60454	0.4986405	0.534528	0.465472	5.898218
12204	-1492.394	-1588.362	95.96834	0.8363564	0.535866	0.464134	4.960929
12210	-1477.908	-1574.27	96.36217	0.659294	0.535866	0.464134	4.840231
12216	-1479.463	-1574.607	95.14344	0.5842611	0.622452	0.377548	5.556078
12222	-1476.461	-1571.05	94.5894	0.6041598	0.477509	0.522491	5.848822
12228	-1479.183	-1574.934	95.75083	0.7667198	0.398109	0.601891	5.120317
12234	-1479.684	-1576.6	96.91667	0.7741747	0.508805	0.491195	4.465221
12240	-1486.168	-1581.527	95.35899	0.6503772	0.508805	0.491195	5.401099
12246	-1484.407	-1579.423	95.01559	0.5691102	0.635846	0.364154	5.634595
12252	-1488.512	-1584.959	96.44725	0.538204	0.453375	0.546625	4.860304
12258	-1480.562	-1577.6	97.03759	0.8217817	0.420881	0.579119	4.370201
12264	-1490.047	-1587.21	97.16257	0.7810161	0.42939	0.57061	4.322622
12270	-1492.692	-1590.884	98.19275	0.9549159	0.558607	0.441393	3.633787
12276	-1487.893	-1584.461	96.5677	0.7384531	0.640283	0.359717	4.681179
12282	-1482.509	-1579.21	96.70092	0.7384531	0.468609	0.531391	4.606533
12288	-1480.549	-1576.391	95.84133	0.6396042	0.468609	0.531391	5.1406
12294	-1485.595	-1582.558	96.96371	0.8008935	0.417681	0.582319	4.423666
12300	-1490.831	-1586.314	95.48258	0.8804294	0.445194	0.554806	5.205873
12306	-1489.382	-1584.78	95.39784	0.5545704	0.589762	0.410238	5.432474
12312	-1481.113	-1576.271	95.15821	0.6266625	0.4759	0.5241	5.524659
12318	-1479.324	-1575.476	96.15139	0.7027373	0.4759	0.5241	4.933437
12324	-1475.57	-1570.56	94.99046	0.7432724	0.581153	0.418847	5.552763
12330	-1480.098	-1576.037	95.93961	0.5799805	0.391536	0.608464	5.119186
12336	-1487.139	-1583.645	96.50585	0.8998631	0.493016	0.506984	4.625408
12342	-1491.557	-1588.642	97.08497	0.7113591	0.492266	0.507734	4.405775
12348	-1483.908	-1581.216	97.3082	0.6916516	0.492266	0.507734	4.290794
12354	-1487.163	-1583.482	96.31952	0.6826357	0.548923	0.451077	4.850996
12360	-1481.074	-1577.712	96.63827	0.8222762	0.418119	0.581881	4.594655
12366	-1490.564	-1586.322	95.75867	0.8149589	0.376952	0.623048	5.089229
12372	-1492.077	-1588.577	96.50001	0.5984179	0.410189	0.589811	4.797295
12378	-1495.825	-1589.854	94.02868	0.5530154	0.410189	0.589811	6.182495
12384	-1486.357	-1582.71	96.35216	0.6347391	0.419839	0.580161	4.859503
12390	-1495.815	-1593.702	97.88696	0.7764	0.419839	0.580161	3.912949
12396	-1492.838	-1588.704	95.86621	0.8034045	0.414554	0.585446	5.035981
12402	-1489.984	-1585.391	95.40657	0.7777335	0.454891	0.545109	5.30462
12408	-1497.803	-1594.445	96.64269	0.7453604	0.502778	0.497222	4.63531
12414	-1502.06	-1598.952	96.89235	0.5256935	0.511041	0.488959	4.618495
12420	-1487.983	-1583.522	95.53904	0.5870512	0.459762	0.540238	5.336743
12426	-1482.876	-1578.24	95.36389	0.5142349	0.424959	0.575041	5.473365
12432	-1475.632	-1571.228	95.59593	0.4669323	0.424959	0.575041	5.371615
12438	-1479.349	-1575.197	95.84829	0.4577116	0.450659	0.549341	5.237394
12444	-1480.518	-1575.889	95.37101	0.4883092	0.413618	0.586382	5.483711
12450	-1483.584	-1579.061	95.47651	0.5480393	0.410675	0.589325	5.392734
12456	-1479.923	-1574.068	94.14534	0.439616	0.526773	0.473227	6.180722
12462	-1477.461	-1573.231	95.76986	0.4899642	0.497426	0.502574	5.262914
12468	-1487.03	-1584.119	97.0894	0.5739724	0.578806	0.421194	4.480682
12474	-1481.498	-1578.446	96.94751	0.7158685	0.578806	0.421194	4.480682
12480	-1483.046	-1580.681	97.63531	0.7710612	0.487913	0.512087	4.059875
12486	-1479.007	-1573.284	94.27647	0.5472896	0.353553	0.646447	6.050686
12492	-1504.329	-1600.501	96.1714	0.5457514	0.37611	0.62389	5.009583
12498	-1510.034	-1605.983	95.94958	0.5753122	0.493947	0.506053	5.116249
12504	-1478.416	-1574.05	95.63438	0.6443482	0.558336	0.441664	5.252468
12510	-1479.77	-1577.353	97.58291	0.7432337	0.542056	0.457944	4.105582
12516	-1480.003	-1578.003	98.00003	0.8537386	0.574796	0.425204	3.803566
12522	-1495.223	-1592.712	97.48919	0.9726235	0.49114	0.50886	4.028241
12528	-1489.959	-1587.736	97.77773	0.8521213	0.470332	0.529668	3.932148
12534	-1477.853	-1574.35	96.49656	0.7355695	0.455958	0.544042	4.722599
12540	-1487.216	-1583.691	96.47566	0.7564614	0.496276	0.503724	4.722599
12546	-1488.092	-1583.465	95.37294	0.5686157	0.429287	0.570713	5.438451
12552	-1484.278	-1580.998	96.71963	0.7194786	0.345794	0.654206	4.606682
12558	-1484.009	-1580.292	96.28342	0.5900562	0.581153	0.418847	4.92267
12564	-1486.888	-1581.769	94.88072	0.5562377	0.625842	0.374158	5.715602
12570	-1472.649	-1568.109	95.46086	0.5872797	0.444557	0.555443	5.379733
12576	-1479.622	-1575.18	95.55815	0.5739657	0.374966	0.625034	5.333423
12582	-1483.064	-1579.225	96.16063	0.662699	0.354264	0.645736	4.950567
12588	-1489.005	-1585.293	96.28778	0.5355538	0.415331	0.584669	4.950567
12594	-1491.971	-1589.097	97.12559	0.8909621	0.37561	0.62439	4.281341
12600	-1482.449	-1578.37	95.92028	0.8647052	0.447475	0.552525	4.971892
12606	-1483.096	-1579.869	96.77317	0.672702	0.42398	0.57602	4.602887
12612	-1476.684	-1573.484	96.80007	0.672702	0.571531	0.428469	4.587798
12618	-1475.455	-1572.613	97.15795	0.6664517	0.36652	0.63348	4.38994
12624	-1477.575	-1574.277	96.70192	0.8067184	0.462409	0.537591	4.567665
12630	-1475.978	-1572.255	96.27759	0.6862196	0.462409	0.537591	4.872366
12636	-1484.184	-1580.432	96.24732	0.7164936	0.589389	0.410611	4.872366
12642	-1483.828	-1578.656	94.82785	0.6936629	0.418626	0.581374	5.669253
12648	-1480.094	-1575.575	95.48091	0.6606931	0.531918	0.468082	5.328187
12654	-1475.896	-1573.269	97.37271	0.8359274	0.531918	0.468082	4.172407
12660	-1481.773	-1580.762	98.98919	1.131582	0.483194	0.516806	3.061558
12666	-1480.915	-1579.003	98.088	1.070358	0.467363	0.532637	3.627586
12672	-1478.422	-1575.898	97.47566	1.069372	0.467363	0.532637	3.980692
12678	-1480.857	-1579.73	98.87317	0.904108	0.467363	0.532637	3.26556
12684	-1483.258	-1582.474	99.21566	1.156604	0.558955	0.441045	2.910512
12690	-1482.99	-1582.471	99.48188	0.9659586	0.529532	0.470468	2.864814
12696	-1476.089	-1574.322	98.23242	0.844122	0.558925	0.441075	3.674983
12702	-1486.979	-1580.524	93.5445	0.523998	0.55655	0.44345	6.461135
12708	-1479.456	-1575.448	95.99217	0.4334902	0.418075	0.581925	5.171207
12714	-1479.651	-1576.316	96.66496	0.6298961	0.506751	0.493249	4.687503
12720	-1482.798	-1581.345	98.54694	1.005938	0.390009	0.609991	3.397572
12726	-1490.648	-1588.48	97.83255	0.9221543	0.415688	0.584312	3.860532
12732	-1483.105	-1578.38	95.27477	0.3975691	0.426011	0.573989	5.586488
12738	-1486.482	-1581.874	95.39192	0.6149555	0.451712	0.548288	5.402475
12744	-1495.577	-1591.586	96.00905	0.5326872	0.368301	0.631699	5.106909
12750	-1494.176	-1590.002	95.82594	0.4666669	0.475441	0.524559	5.244798
12756	-1486.468	-1582.515	96.04668	0.4657516	0.328604	0.671396	5.123151
12762	-1493.355	-1588.25	94.89493	0.3981722	0.515521	0.484479	5.794375
12768	-1496.296	-1592.316	96.01968	0.4523787	0.479788	0.520212	5.145514
12774	-1489.287	-1586.565	97.27749	0.9219162	0.477659	0.522341	4.177653
12780	-1494.446	-1591.261	96.81441	0.722724	0.349527	0.650473	4.551662
12786	-1497.138	-1596.349	99.21164	0.7707757	0.501417	0.498583	3.144029
12792	-1496.191	-1593.447	97.25625	0.6943506	0.400674	0.599326	4.318656
12798	-1501.328	-1597.474	96.14633	0.6156544	0.458525	0.541475	4.984672
12804	-1496.435	-1592.35	95.91483	0.6624396	0.505058	0.494942	5.087211
12810	-1485.469	-1581.648	96.17968	0.6342617	0.371589	0.628411	4.95579
12816	-1490.089	-1584.801	94.71218	0.7083606	0.373731	0.626269	5.724598
12822	-1488.711	-1583.413	94.70194	0.7186036	0.478734	0.521266	5.724598
12828	-1486.74	-1583.498	96.75768	0.7677386	0.478734	0.521266	4.558242
12834	-1492.816	-1588.792	95.97658	0.7537021	0.420597	0.579403	5.002289
12840	-1480.779	-1576.442	95.66311	0.6801764	0.566761	0.433239	5.21678
12846	-1485.884	-1581.417	95.53236	0.6908202	0.551374	0.448626	5.283151
12852	-1489.975	-1584.448	94.47285	0.3409164	0.386214	0.613786	6.056134
12858	-1497.688	-1591.427	93.7391	0.2736022	0.446821	0.553179	6.491365
12864	-1490.66	-1586.693	96.03303	0.6947644	0.581247	0.418753	5.003668
12870	-1501.857	-1599.086	97.22915	0.9050864	0.388229	0.611771	4.214646
12876	-1490.351	-1586.417	96.06649	0.7541692	0.608692	0.391308	4.952056
12882	-1488.813	-1584.536	95.72378	0.6307249	0.358482	0.641518	5.210573
12888	-1493.858	-1589.753	95.89517	0.6307249	0.633778	0.366222	5.11569
12894	-1490.277	-1586.44	96.16344	0.6085148	0.582675	0.417325	4.979131
12900	-1487.948	-1584.835	96.88701	0.5953026	0.549796	0.450204	4.582442
12906	-1484.126	-1580.495	96.36892	0.6268571	0.396111	0.603889	4.854551
12912	-1490.606	-1586.641	96.03483	0.7474456	0.457094	0.542906	4.973393
12918	-1484.385	-1578.482	94.09738	0.5008068	0.385227	0.614773	6.173524
12924	-1488.051	-1585.523	97.47118	0.9812052	0.464359	0.535641	4.03362
12930	-1483.794	-1581.375	97.58029	0.8702709	0.399113	0.600887	4.034663
12936	-1481.954	-1579.815	97.86128	0.8098974	0.510949	0.489051	3.908466
12942	-1489.706	-1585.609	95.90234	0.6333797	0.510949	0.489051	5.110244
12948	-1495.135	-1591.089	95.95395	0.581773	0.538209	0.461791	5.110244
12954	-1492.458	-1588.448	95.98963	0.8025128	0.487998	0.512002	4.96791
12960	-1496.706	-1594.497	97.7909	0.8995634	0.539506	0.460494	3.897405
12966	-1499.973	-1597.971	97.99793	0.9707605	0.547437	0.452563	3.737322
12972	-1480.102	-1576.576	96.47401	0.5861764	0.362382	0.637618	4.818633
12978	-1483.024	-1580.487	97.4638	0.7154381	0.262834	0.737166	4.189106
12984	-1484.186	-1580.745	96.55879	0.5938176	0.439399	0.560601	4.76704
12990	-1496.048	-1590.886	94.83839	0.5828866	0.526011	0.473989	5.724195
12996	-1497.824	-1593.063	95.23968	0.2984608	0.526011	0.473989	5.660134
13002	-1489.845	-1584.223	94.37802	0.4472753	0.526011	0.473989	6.04985
13008	-1485.227	-1580.27	95.0436	0.6162719	0.587346	0.412654	5.593335
13014	-1489.197	-1584.23	95.03253	0.6273368	0.445671	0.554329	5.593335
13020	-1490.796	-1588.133	97.3369	0.607018	0.546289	0.453711	4.322433
13026	-1488.372	-1586.352	97.97919	0.9292014	0.410769	0.589231	3.7721
13032	-1479.061	-1573.525	94.46369	0.5951522	0.477667	0.522333	5.922436
13038	-1478.897	-1574.644	95.74732	0.5291851	0.423568	0.576432	5.253697
13044	-1481.119	-1577.387	96.26856	0.5902276	0.467513	0.532487	4.930842
13050	-1482.839	-1579.101	96.26233	0.5964587	0.633549	0.366451	4.930842
13056	-1482.299	-1578.484	96.18464	0.6741477	0.408738	0.591262	4.930842
13062	-1481.95	-1578.113	96.16382	0.6949704	0.419171	0.580829	4.930842
13068	-1484.313	-1580.534	96.22111	0.6376785	0.508637	0.491363	4.930842
13074	-1483.222	-1579.028	95.80622	0.6376785	0.480261	0.519739	5.161109
13080	-1493.799	-1589.795	95.99586	0.7299577	0.368881	0.631119	5.004768
13086	-1491.116	-1586.505	95.38909	0.6382362	0.542946	0.457054	5.391204
13092	-1480.409	-1576.378	95.96892	0.6514351	0.542946	0.457054	5.063314
13098	-1481.09	-1577.371	96.28145	0.6884185	0.528262	0.471738	4.86899
13104	-1493.052	-1588.37	95.31819	0.591456	0.642425	0.357575	5.456018
13110	-1485.504	-1581.914	96.41078	0.7530784	0.461685	0.538315	4.760756
13116	-1476.775	-1573.673	96.898	0.7448315	0.451675	0.548325	4.492243
13122	-1479.266	-1576.284	97.01872	0.7465946	0.451675	0.548325	4.423265
13128	-1487.457	-1584.643	97.18551	0.8979643	0.512229	0.487771	4.243429
13134	-1491.964	-1587.131	95.16729	0.4523695	0.512229	0.487771	5.61541
13140	-1494.202	-1589.858	95.65584	0.7501246	0.484745	0.515255	5.182104
13146	-1488.985	-1585.709	96.72442	0.8891998	0.588881	0.411119	4.508675
13152	-1481.278	-1577.308	96.03034	0.739503	0.473791	0.526209	4.980307
13158	-1489.045	-1585.477	96.43218	0.6815477	0.505435	0.494565	4.788752
13164	-1491.739	-1587.185	95.44528	0.5051131	0.510832	0.489168	5.433582
13170	-1495.384	-1592.389	97.00521	0.7006398	0.587827	0.412173	4.456769
13176	-1503.091	-1600.986	97.89518	0.803119	0.515985	0.484015	3.892913
13182	-1489.577	-1585.739	96.16142	0.7601087	0.408245	0.591755	4.895919
13188	-1491.077	-1589.356	98.2791	1.180485	0.493632	0.506368	3.452195
13194	-1487.313	-1585.407	98.09438	0.8969257	0.561534	0.438466	3.724262
13200	-1484.516	-1580.615	96.09889	0.5821623	0.420562	0.579438	5.02963
13206	-1484.533	-1580.19	95.65664	0.5735308	0.44267	0.55733	5.27929
13212	-1493.046	-1589.37	96.32439	0.7172166	0.477447	0.522553	4.828998
13218	-1487.065	-1582.876	95.81039	0.7745912	0.416566	0.583434	5.082934
13224	-1490.63	-1587.682	97.05141	1.026478	0.406875	0.593125	4.246599
13230	-1496.072	-1593.551	97.4792	0.6188129	0.474007	0.525993	4.235191
13236	-1479.333	-1574.625	95.29204	0.7418568	0.518832	0.481168	5.387583
13242	-1488.309	-1585.101	96.7919	0.8371626	0.505545	0.494455	4.499986
13248	-1484.983	-1580.508	95.52453	0.7623173	0.465923	0.534077	5.247982
13254	-1488.708	-1584.488	95.7795	0.5574858	0.50317	0.49683	5.22026
13260	-1471.35	-1568.139	96.78891	0.569319	0.32149	0.67851	4.652017
13266	-1472.121	-1569.229	97.10898	0.5837392	0.586726	0.413274	4.464161
13272	-1475.877	-1571.738	95.86149	0.6605853	0.586726	0.413274	5.117808
13278	-1483.089	-1579.048	95.95919	0.7036788	0.482559	0.517441	5.039723
13284	-1480.728	-1575.826	95.09779	0.4847717	0.482559	0.517441	5.635768
13290	-1481.655	-1577.738	96.08294	0.7272599	0.510428	0.489572	4.957868
13296	-1477.078	-1572.588	95.50995	0.544385	0.410914	0.589086	5.376314
13302	-1475.846	-1571.959	96.11291	0.7934334	0.520849	0.479151	4.904373
13308	-1475.136	-1570.014	94.87804	0.5252331	0.4884	0.5116	5.734055
13314	-1489.828	-1586.567	96.73915	0.9433962	0.398951	0.601049	4.469893
13320	-1488.842	-1582.475	93.63282	0.5518522	0.595064	0.404936	6.398148
13326	-1479.449	-1574.988	95.53862	0.5130211	0.518083	0.481917	5.377802
13332	-1479.802	-1575.833	96.03168	0.6014363	0.485667	0.514333	5.056237
13338	-1480.873	-1577.406	96.53334	0.6959746	0.548241	0.451759	4.724169
13344	-1474.496	-1571.222	96.72644	0.5799285	0.4203	0.5797	4.681058
13350	-1489.559	-1584.948	95.38885	0.5799285	0.499348	0.500652	5.423457
13356	-1496.049	-1591.618	95.56866	0.5841802	0.54737	0.45263	5.321985
13362	-1499.954	-1595.491	95.53686	0.6159842	0.553467	0.446533	5.321985
13368	-1482.641	-1577.878	95.23743	0.4945007	0.38123	0.61877	5.553754
13374	-1495.201	-1590.411	95.21014	0.3414899	0.597931	0.402069	5.652734
13380	-1498.114	-1594.36	96.2453	0.629298	0.403124	0.596876	4.922046
13386	-1499.065	-1594.421	95.35594	0.4897707	0.461533	0.538467	5.491199
13392	-1492.829	-1587.987	95.15847	0.660508	0.461533	0.538467	5.505904
13398	-1501.462	-1595.181	93.71914	0.6030161	0.518448	0.481552	6.323542
13404	-1489.538	-1584.914	95.37649	0.5860422	0.521804	0.478196	5.4269
13410	-1487.02	-1581.339	94.31911	0.5896464	0.468363	0.531637	6.004345
13416	-1485.703	-1580.693	94.98996	0.4057147	0.512765	0.487235	5.738218
13422	-1489.244	-1584.185	94.94086	0.4548172	0.349806	0.650194	5.738218
13428	-1487.664	-1582.96	95.29634	0.6239584	0.640806	0.359194	5.450157
13434	-1486.818	-1582.865	96.04698	0.548313	0.491609	0.508391	5.077219
13440	-1479.164	-1574.703	95.53912	0.6715662	0.44613	0.55387	5.290054
13446	-1469.066	-1565.009	95.94234	0.7761664	0.446036	0.553964	5.008832
13452	-1475.313	-1571.761	96.44818	0.58461	0.481027	0.518973	4.833915
13458	-1474.304	-1571.381	97.07711	0.7388818	0.481027	0.518973	4.394683
13464	-1471.657	-1569.779	98.12198	0.8586798	0.481027	0.518973	3.730409
13470	-1474.82	-1571.298	96.47887	0.5500949	0.485484	0.514516	4.836049
13476	-1479.638	-1576.124	96.48654	0.7128545	0.446109	0.553891	4.740898
13482	-1481.86	-1577.422	95.56196	0.5759512	0.366089	0.633911	5.33022
13488	-1483.173	-1577.055	93.88219	0.7738199	0.510495	0.489505	6.142056
13494	-1483.269	-1579.126	95.85707	0.6549238	0.476496	0.523504	5.123392
13500	-1486.137	-1582.037	95.89979	0.6122033	0.324732	0.675268	5.123392
13506	-1494.197	-1592.485	98.28765	0.883814	0.427225	0.572775	3.619986
13512	-1482.894	-1577.853	94.95959	0.6419461	0.497711	0.502289	5.625354
13518	-1487.159	-1584.537	97.37808	0.6369236	0.522733	0.477267	4.282216
13524	-1486.713	-1582.774	96.06081	0.6168612	0.539379	0.460621	5.031506
13530	-1489.114	-1585.12	96.00586	0.6786414	0.52098	0.47902	5.027715
13536	-1477.215	-1573.559	96.34381	0.5389975	0.34147	0.65853	4.917477
13542	-1481.673	-1579.184	97.51049	0.8928245	0.34147	0.65853	4.061612
13548	-1490.486	-1587.355	96.86948	0.7240869	0.568043	0.431957	4.519949
13554	-1474.06	-1569.57	95.50957	0.5618618	0.495123	0.504877	5.366888
13560	-1487.289	-1583.192	95.90385	0.6607208	0.469407	0.530593	5.094252
13566	-1491.604	-1585.697	94.09276	0.5293988	0.460497	0.539503	6.160477
13572	-1484.32	-1579.738	95.41803	0.6324982	0.480517	0.519483	5.378413
13578	-1483.129	-1579.34	96.21032	0.5896564	0.464324	0.535676	4.963557
13584	-1486.652	-1583.64	96.9883	0.4907105	0.482825	0.517175	4.584294
13590	-1478.032	-1575.478	97.44608	0.7408613	0.412991	0.587009	4.184731
13596	-1479.648	-1576.17	96.52224	0.7194837	0.480173	0.519827	4.717232
13602	-1478.848	-1576.784	97.9364	0.8380989	0.53153	0.46847	3.849162
13608	-1481.968	-1578.576	96.60768	0.772809	0.394875	0.605125	4.639546
13614	-1482.986	-1578.125	95.13948	0.7003234	0.573113	0.426887	5.494451
13620	-1487.475	-1583.863	96.38849	0.5878058	0.480116	0.519884	4.865409
13626	-1489.47	-1585.783	96.31341	0.662885	0.350771	0.649229	4.865409
13632	-1486.104	-1582.934	96.82974	0.791507	0.491347	0.508653	4.504386
13638	-1476.071	-1570.79	94.71878	0.4676553	0.441466	0.558534	5.852718
13644	-1487.451	-1584.068	96.61669	0.6939635	0.452892	0.547108	4.678661
13650	-1483.564	-1580.446	96.88233	0.6426379	0.411091	0.588909	4.558491
13656	-1489.584	-1586.003	96.41903	0.652561	0.521256	0.478744	4.812271
13662	-1485.017	-1581.228	96.21073	0.8608589	0.443752	0.556248	4.812271
13668	-1483.325	-1579.591	96.26643	0.801118	0.377414	0.622586	4.814525
13674	-1483.113	-1577.686	94.57294	0.9623696	0.51444	0.48556	5.66169
13680	-1480.485	-1578.443	97.95828	0.9697019	0.51444	0.48556	3.760809
13686	-1481.019	-1578.713	97.69431	0.753209	0.550753	0.449247	4.036397
13692	-1478.115	-1573.771	95.65607	0.8027859	0.421495	0.578505	5.152824
13698	-1479.407	-1575.69	96.28351	0.7359491	0.421495	0.578505	4.841347
13704	-1483.562	-1579.51	95.94779	0.5739241	0.437069	0.562931	5.118009
13710	-1479.505	-1576.318	96.81343	0.60862	0.456974	0.543026	4.616251
13716	-1483.969	-1579.043	95.07393	0.5911129	0.369476	0.630524	5.590494
13722	-1496.315	-1594.737	98.42176	0.7610326	0.541924	0.458076	3.613411
13728	-1489.714	-1585.45	95.73579	0.4713184	0.637705	0.362295	5.292031
13734	-1489.469	-1583.972	94.50312	0.5271374	0.570596	0.429404	5.938044
13740	-1486.061	-1581.178	95.11683	0.4850778	0.51638	0.48362	5.625153
13746	-1480.538	-1575.141	94.6035	0.550755	0.579828	0.420172	5.870308
13752	-1486.583	-1582.082	95.49847	0.4494905	0.550461	0.449539	5.434922
13758	-1490.605	-1586.009	95.40381	0.5563351	0.685958	0.314042	5.428212
13764	-1487.054	-1583.564	96.51049	0.6541256	0.53695	0.46305	4.760333
13770	-1498.564	-1593.675	95.11023	0.6737428	0.407259	0.592741	5.525151
13776	-1491.426	-1587.692	96.26561	0.5960251	0.414738	0.585262	4.92926
13782	-1488.016	-1584.435	96.41945	0.5177247	0.572615	0.427385	4.887207
13788	-1496.806	-1593.005	96.1993	0.7378714	0.459596	0.540404	4.887207
13794	-1492.907	-1588.15	95.24337	0.8262152	0.544822	0.455178	5.367909
13800	-1494.727	-1591.245	96.51711	0.9849363	0.409955	0.590045	4.571364
13806	-1484.119	-1579.877	95.75789	0.7676592	0.529005	0.470995	5.115884
13812	-1484.088	-1578.624	94.53564	0.8479566	0.397152	0.602848	5.744836
13818	-1483.766	-1579.029	95.26345	0.5596491	0.397152	0.602848	5.503637
13824	-1490.453	-1584.463	94.01038	0.6284687	0.357905	0.642095	6.151395
13830	-1492.306	-1586.4	94.09392	0.5232362	0.494088	0.505912	6.163202
13836	-1481.283	-1577.809	96.52592	0.6933472	0.404284	0.595716	4.729791
13842	-1488.466	-1585.093	96.62736	0.6828019	0.503112	0.496888	4.678938
13848	-1476.095	-1571.393	95.29763	0.6130109	0.449754	0.550246	5.455471
13854	-1484.582	-1579.489	94.90671	0.493251	0.409503	0.590497	5.735874
13860	-1485.361	-1580.645	95.28331	0.5251273	0.466276	0.533724	5.511701
13866	-1484.794	-1580.634	95.83978	0.6347046	0.492353	0.507647	5.14417
13872	-1490.839	-1586.235	95.39595	0.4166985	0.371034	0.628966	5.509384
13878	-1502.894	-1597.958	95.06354	0.7491035	0.542792	0.457208	5.509384
13884	-1501.251	-1596.011	94.76007	0.6040104	0.538383	0.461617	5.755519
13890	-1499.822	-1594.152	94.32959	0.8507071	0.408491	0.591509	5.856074
13896	-1491.454	-1586.526	95.07192	0.4092314	0.572489	0.427511	5.691385
13902	-1485.12	-1580.376	95.25642	0.5182339	0.453103	0.546897	5.530275
13908	-1481.575	-1576.824	95.24881	0.5482903	0.469216	0.530784	5.517935
13914	-1480.102	-1575.539	95.43774	0.6466579	0.425326	0.574674	5.359741
13920	-1479.221	-1575.897	96.67587	0.6868693	0.506007	0.493993	4.64949
13926	-1478.994	-1574.999	96.00442	0.6806016	0.467503	0.532497	5.027428
13932	-1481.622	-1576.575	94.95308	0.7518855	0.460449	0.539551	5.568568
13938	-1479.806	-1575.488	95.6822	0.7475643	0.425062	0.574938	5.168935
13944	-1482.355	-1576.909	94.55443	0.5298201	0.414906	0.585094	5.90856
13950	-1487.979	-1581.946	93.96647	0.6630348	0.498591	0.501409	6.156484
13956	-1482.599	-1578.84	96.24058	0.613923	0.613412	0.386588	4.933228
13962	-1481.229	-1576.941	95.71149	0.6371699	0.485477	0.514523	5.213808
13968	-1480.949	-1577.452	96.50355	0.6095464	0.393394	0.606606	4.789106
13974	-1477.847	-1574.78	96.93342	0.674954	0.465335	0.534665	4.511621
13980	-1483.961	-1581.433	97.47231	0.8062135	0.493145	0.506855	4.132681
13986	-1495.743	-1594.525	98.78214	0.8740376	0.495985	0.504015	3.336918
13992	-1483.015	-1579.056	96.04107	0.7067728	0.432167	0.567833	4.992529
13998	-1479.364	-1575.275	95.91129	0.8365591	0.431581	0.568419	4.992529
14004	-1477.663	-1575.053	97.39048	0.8159718	0.461268	0.538732	4.173654
14010	-1483.16	-1580.034	96.87388	0.761789	0.560187	0.439813	4.496271
14016	-1480.651	-1574.448	93.79761	0.7767748	0.428678	0.571322	6.186471
14022	-1479.725	-1577.278	97.5532	1.059814	0.472323	0.527677	3.941794
14028	-1486.735	-1584.94	98.20523	0.9830759	0.441251	0.558749	3.610212
14034	-1490.276	-1586.682	96.40612	0.5886641	0.490789	0.509211	4.855107
14040	-1477.661	-1573.323	95.6616	0.7566852	0.502689	0.497311	5.175288
14046	-1487.241	-1582.484	95.24266	0.7186688	0.336446	0.663554	5.42756
14052	-1482.11	-1578.84	96.73041	0.7292827	0.540253	0.459747	4.595137
14058	-1483.302	-1580.853	97.55062	0.8432597	0.39531	0.60469	4.066993
14064	-1491.534	-1587.456	95.92223	0.6915355	0.401921	0.598079	5.066971
14070	-1488.366	-1584.082	95.71548	0.8982859	0.45955	0.54045	5.066971
14076	-1489.231	-1586.625	97.3947	0.9141879	0.514086	0.485914	4.115406
14082	-1482.535	-1579.685	97.14916	0.7160614	0.361123	0.638877	4.366899
14088	-1482.939	-1580.439	97.49997	0.646189	0.485071	0.514929	4.207884
14094	-1483.293	-1581.005	97.71158	0.9327376	0.489171	0.510829	3.923859
14100	-1481.762	-1579.919	98.15733	1.001776	0.488485	0.511515	3.627153
14106	-1477.481	-1576.585	99.10401	0.9164161	0.589189	0.410811	3.121414
14112	-1486.811	-1586.158	99.34678	1.078513	0.512988	0.487012	2.878466
14118	-1482.856	-1582.153	99.29738	1.197022	0.512988	0.487012	2.836583
14124	-1481.686	-1578.129	96.4421	0.6145732	0.530958	0.469042	4.820594
14130	-1473.073	-1569.634	96.56031	0.7253445	0.477402	0.522598	4.692655
14136	-1470.495	-1566.704	96.2085	0.8018765	0.497595	0.502405	4.846415
14142	-1471.767	-1567.847	96.08054	0.7158625	0.441884	0.558116	4.96554
14148	-1472.794	-1569.485	96.69106	0.6922932	0.441884	0.558116	4.637943
14154	-1484.661	-1580.124	95.46327	0.6641118	0.40083	0.59917	5.336034
14160	-1483.741	-1579.91	96.16876	0.3597177	0.488193	0.511807	5.114259
14166	-1474.925	-1569.842	94.91741	0.4604222	0.486416	0.513584	5.747991
14172	-1478.72	-1574.348	95.62893	0.4685075	0.486416	0.513584	5.352548
14178	-1479.801	-1573.828	94.02693	0.6056183	0.435751	0.564249	6.154828
14184	-1486.936	-1581.198	94.26246	0.5003353	0.353646	0.646354	6.083906
14190	-1488.103	-1584.181	96.07825	0.7075053	0.524909	0.475091	4.971461
14196	-1482.401	-1579.179	96.77869	0.6418493	0.457751	0.542249	4.617095
14202	-1481.144	-1574.914	93.76967	0.3750531	0.457021	0.542979	6.419817
14208	-1475.744	-1570.994	95.24951	0.5719043	0.482738	0.517262	5.504563
14214	-1484.258	-1579.834	95.57634	0.4634578	0.551277	0.448723	5.38433
14220	-1486.612	-1582.779	96.16681	0.6703792	0.486509	0.513491	4.942862
14226	-1485.272	-1580.518	95.24584	0.595611	0.60465	0.39535	5.493544
14232	-1478.462	-1575.713	97.25095	0.7433934	0.443849	0.556151	4.293911
14238	-1488.248	-1585.591	97.34308	0.7701767	0.507307	0.492693	4.226545
14244	-1482.973	-1579.456	96.48341	0.4529603	0.507307	0.492693	4.887654
14250	-1475.123	-1570.453	95.32939	0.565807	0.451889	0.548111	5.463971
14256	-1481.331	-1577.353	96.02157	0.4713285	0.555015	0.444985	5.133972
14262	-1490.26	-1584.729	94.46831	0.5694987	0.528225	0.471775	5.93392
14268	-1485.51	-1581.336	95.82617	0.6066002	0.431194	0.568806	5.167268
14274	-1491.104	-1587.406	96.30185	0.6047519	0.409512	0.590488	4.904227
14280	-1490.948	-1586.575	95.6268	0.526838	0.420216	0.579784	5.321547
14286	-1500.488	-1595.593	95.10544	0.5239768	0.454457	0.545543	5.610052
14292	-1480.912	-1575.076	94.16444	0.519363	0.526056	0.473944	6.126925
14298	-1484.476	-1580.985	96.50911	0.4211607	0.526056	0.473944	4.891052
14304	-1486.707	-1581.286	94.57849	0.3815665	0.575743	0.424257	5.976358
14310	-1488.512	-1584.742	96.23013	0.6316226	0.505653	0.494347	4.929193
14316	-1476.476	-1573.436	96.95936	0.6113898	0.495109	0.504891	4.532776
14322	-1483.625	-1579.279	95.6533	0.6001738	0.495109	0.504891	5.266418
14328	-1493.647	-1589.867	96.21976	0.5142385	0.494833	0.505167	5.000222
14334	-1497.072	-1593.379	96.30685	0.6352818	0.41349	0.58651	4.884443
14340	-1493.606	-1589.655	96.04877	0.7109683	0.480352	0.519648	4.98592
14346	-1484.338	-1581.501	97.16215	0.7265523	0.375471	0.624529	4.353634
14352	-1485.926	-1582.115	96.1892	0.8012564	0.444058	0.555942	4.857518
14358	-1489.82	-1587.21	97.38932	0.7893666	0.477695	0.522305	4.18942
14364	-1493.09	-1588.916	95.8264	0.2985292	0.468585	0.531415	5.337383
14370	-1485.797	-1583.227	97.42986	0.7535369	0.550285	0.449715	4.186747
14376	-1497.581	-1595.222	97.64082	0.7656448	0.606583	0.393417	4.059816
14382	-1497.992	-1594.659	96.66711	0.7482067	0.386579	0.613421	4.620026
14388	-1502.6	-1599.985	97.38516	0.8049567	0.415116	0.584884	4.182929
14394	-1486.325	-1583.274	96.94863	0.743208	0.503843	0.496157	4.46466
14400	-1491.36	-1587.734	96.37393	0.5509908	0.560668	0.439332	4.894029
14406	-1495.957	-1593.223	97.26556	0.7527721	0.430466	0.569534	4.280332
14412	-1490.058	-1586.399	96.34185	0.6045372	0.47952	0.52048	4.882072
14418	-1487.154	-1584.258	97.10403	0.6273129	0.361024	0.638976	4.442409
14424	-1487.683	-1586.139	98.45596	0.8145502	0.489022	0.510978	3.562449
14430	-1478.951	-1575.47	96.51875	0.7074706	0.392044	0.607956	4.725899
14436	-1484.049	-1580.998	96.94866	0.856844	0.598877	0.401123	4.400602
14442	-1488.056	-1585.793	97.73738	0.8350588	0.332875	0.667125	3.965018
14448	-1480.496	-1577.098	96.60178	0.7935578	0.367281	0.632719	4.631223
14454	-1475.876	-1573.271	97.39528	0.7195299	0.546687	0.453313	4.225667
14460	-1483.33	-1580.836	97.5065	0.9584742	0.625301	0.374699	4.026434
14466	-1475.202	-1572.622	97.42007	0.7842796	0.429265	0.570735	4.174844
14472	-1471.164	-1568.424	97.25993	0.9444263	0.394315	0.605685	4.174844
14478	-1478.217	-1576.115	97.89835	0.8389597	0.619481	0.380519	3.870521
14484	-1477.531	-1575.342	97.8114	0.9259068	0.421554	0.578446	3.870521
14490	-1489.703	-1586.571	96.86831	0.5077662	0.455564	0.544436	4.642017
14496	-1493.353	-1591.373	98.01977	0.6212138	0.398241	0.601759	3.925773
14502	-1489.589	-1585.565	95.97636	0.6155604	0.42367	0.57633	5.079085
14508	-1484.359	-1579.107	94.7478	0.5798373	0.518842	0.481158	5.775471
14514	-1494.11	-1589.673	95.5629	0.65389	0.456891	0.543109	5.286685
14520	-1487.415	-1583.285	95.86981	0.5600731	0.445682	0.554318	5.168867
14526	-1490.725	-1585.631	94.90591	0.4884766	0.445682	0.554318	5.738927
14532	-1481.932	-1576.512	94.57959	0.2869306	0.533829	0.466171	6.027375
14538	-1474.873	-1569.394	94.52132	0.6921889	0.536461	0.463539	5.837912
14544	-1470	-1565.903	95.90275	0.7985823	0.508429	0.491571	5.01837
14550	-1470.349	-1567.789	97.43965	0.8021403	0.419158	0.580842	4.153572
14556	-1483.117	-1581.095	97.97855	0.8599036	0.576087	0.423913	3.812381
14562	-1480.259	-1576.612	96.3524	0.8599555	0.515608	0.484392	4.733653
14568	-1485.904	-1582.54	96.63545	0.7362462	0.401932	0.598068	4.644472
14574	-1494.62	-1591.509	96.88904	0.8518087	0.590427	0.409573	4.437052
14580	-1490.794	-1586.971	96.17641	0.9420992	0.574219	0.425781	4.786081
14586	-1496.286	-1591.774	95.48825	0.7718655	0.449291	0.550709	5.262753
14592	-1479.359	-1575.644	96.28467	0.6161272	0.567955	0.432045	4.907461
14598	-1477.119	-1573.355	96.23544	0.6654113	0.413874	0.586126	4.907431
14604	-1481.803	-1577.719	95.91623	0.488901	0.426437	0.573563	5.182568
14610	-1478.949	-1574.785	95.83621	0.5689226	0.529842	0.470158	5.182568
14616	-1493.374	-1588.421	95.04712	0.4630902	0.651423	0.348577	5.675455
14622	-1496.905	-1593.121	96.21644	0.772747	0.517958	0.482042	4.858223
14628	-1503.884	-1599.633	95.74913	0.6017058	0.517958	0.482042	5.212606
14634	-1484.363	-1578.569	94.20621	0.6579199	0.462484	0.537516	6.028682
14640	-1471.431	-1567.547	96.11545	0.4470859	0.462484	0.537516	5.095381
14646	-1480.417	-1577.59	97.17244	0.6513719	0.55783	0.44217	4.39027
14652	-1485.52	-1581.863	96.34261	0.598674	0.568219	0.431781	4.884914
14658	-1475.012	-1571.697	96.68446	0.6614778	0.470487	0.529513	4.658905
14664	-1481.475	-1578.594	97.11934	0.6614778	0.560006	0.439994	4.414521
14670	-1498.251	-1591.916	93.66453	0.6414379	0.514545	0.485455	6.332334
14676	-1501.315	-1599.002	97.68656	0.6543277	0.63741	0.36259	4.097186
14682	-1491.969	-1589.881	97.91245	0.6543277	0.533574	0.466426	3.968254
14688	-1489.333	-1585.476	96.14317	0.4913356	0.588483	0.411517	5.055462
14694	-1486.054	-1581.057	95.00369	0.602198	0.588483	0.411517	5.622968
14700	-1486.755	-1583.778	97.02217	0.7383084	0.497135	0.502865	4.425992
14706	-1487.644	-1583.359	95.71539	0.6574151	0.37028	0.62972	5.200453
14712	-1491.176	-1588.226	97.05029	0.7373545	0.549002	0.450998	4.410674
14718	-1501.837	-1598.9	97.06282	0.7248268	0.554088	0.445912	4.410674
14724	-1493.125	-1590.181	97.05615	0.7314972	0.445938	0.554062	4.410674
14730	-1493.907	-1588.769	94.86208	0.4520614	0.382942	0.617058	5.782862
14736	-1491.518	-1587.418	95.90022	0.3910516	0.517513	0.482487	5.245537
14742	-1483.515	-1579.391	95.87581	0.4154532	0.433057	0.566943	5.245537
14748	-1494.822	-1590.728	95.90614	0.6345981	0.545346	0.454654	5.107463
14754	-1486.917	-1582.002	95.08475	0.4819862	0.501635	0.498365	5.64445
14760	-1499.781	-1597.853	98.07255	0.926057	0.522595	0.477405	3.720045
14766	-1492.35	-1587.894	95.54399	0.5690375	0.387687	0.612313	5.34395
14772	-1482.791	-1577.449	94.65836	0.4363905	0.513514	0.486486	5.902823
14778	-1482.458	-1579.073	96.61541	0.4838867	0.514242	0.485758	4.796811
14784	-1482.271	-1578.749	96.47751	0.4748235	0.424942	0.575058	4.878763
14790	-1478.159	-1574.42	96.26097	0.6913542	0.454812	0.545188	4.878763
14796	-1477.018	-1571.588	94.57096	0.6227278	0.485966	0.514034	5.848754
14802	-1474.223	-1568.686	94.4629	0.7953767	0.524708	0.475292	5.813431
14808	-1475.522	-1570.175	94.65291	0.6053641	0.389449	0.610551	5.813431
14814	-1474.689	-1569.996	95.30662	0.7097871	0.459308	0.540692	5.397221
14820	-1480.829	-1575.9	95.07118	0.9452302	0.521012	0.478988	5.397221
14826	-1479.5	-1574.832	95.33214	0.6669888	0.472988	0.527012	5.40674
14832	-1482.222	-1580.26	98.03792	0.753333	0.382127	0.617873	3.839533
14838	-1479.436	-1577.557	98.12139	0.9967195	0.386952	0.613048	3.650917
14844	-1489.306	-1585.043	95.73678	1.006239	0.386952	0.613048	4.995213
14850	-1487.943	-1583.842	95.89916	0.6642072	0.437573	0.562427	5.094919
14856	-1487.64	-1583.144	95.50462	0.5589064	0.463672	0.536328	5.371249
14862	-1495.939	-1589.635	93.69557	0.3794785	0.49189	0.50811	6.457587
14868	-1487.051	-1583.184	96.13278	0.6364722	0.390252	0.609748	4.980635
14874	-1483.17	-1581.109	97.93871	0.8993456	0.45195	0.54805	3.81261
14880	-1497.934	-1596.589	98.65501	1.083609	0.536998	0.463002	3.288371
14886	-1506.586	-1605.651	99.06479	1.035248	0.536446	0.463554	3.073945
14892	-1480.274	-1578.997	98.72314	1.083513	0.398769	0.601231	3.248205
14898	-1476.912	-1572.346	95.4341	0.4899135	0.432815	0.567185	5.448111
14904	-1486.425	-1582.885	96.45991	0.821512	0.442693	0.557307	4.695021
14910	-1478.073	-1575.677	97.60442	0.6863036	0.38427	0.61573	4.125743
14916	-1486.429	-1581.679	95.25078	0.5670269	0.373293	0.626707	5.506549
14922	-1490.108	-1585.642	95.53392	0.7100526	0.488741	0.511259	5.271668
14928	-1478.115	-1575.429	97.31403	0.8236541	0.488741	0.511259	4.212688
14934	-1485.663	-1580.315	94.65187	0.7070016	0.515703	0.484297	5.758372
14940	-1487.356	-1584.481	97.12509	0.8064229	0.348401	0.651599	4.329443
14946	-1492.355	-1589.237	96.88163	0.6807729	0.44011	0.55989	4.537463
14952	-1486.012	-1581.671	95.65867	0.5716752	0.534707	0.465293	5.279198
14958	-1482.262	-1578.412	96.15025	0.7622671	0.598036	0.401964	4.900937
14964	-1484.152	-1580.153	96.0006	0.4697341	0.305407	0.694593	5.146468
14970	-1479.346	-1575.267	95.92146	0.5151443	0.382872	0.617128	5.165144
14976	-1477.084	-1573.569	96.48592	0.8112009	0.382872	0.617128	4.686234
14982	-1479.991	-1578.145	98.15434	0.8314736	0.382872	0.617128	3.727432
14988	-1484.924	-1583.218	98.29429	0.9301883	0.382872	0.617128	3.589208
14994	-1476.454	-1572.216	95.76216	0.5862198	0.647836	0.352164	5.213961
15000	-1489.28	-1587.031	97.75039	0.798489	0.451239	0.548761	3.978497
15006	-1491.33	-1589.052	97.72249	0.7843341	0.482893	0.517107	4.002531
15012	-1470.886	-1569.13	98.24385	0.9744771	0.423796	0.576204	3.592783
15018	-1481.387	-1578.982	97.59486	0.8512868	0.420394	0.579606	4.037183
15024	-1473.903	-1570.543	96.64037	0.8919304	0.478249	0.521751	4.554375
15030	-1478.978	-1575.588	96.61037	0.7642499	0.427487	0.572513	4.642835
15036	-1485.451	-1582.783	97.33116	0.6820389	0.527749	0.472251	4.283238
15042	-1481.005	-1578.788	97.7831	0.9040555	0.568845	0.431155	3.899302
15048	-1479.811	-1577.391	97.58036	0.8842495	0.405013	0.594987	4.026645
15054	-1479.398	-1578.181	98.78357	0.9668131	0.480207	0.519793	3.281429
15060	-1472.402	-1569.724	97.32255	0.6469221	0.50488	0.49512	4.307981
15066	-1479.783	-1576.057	96.27457	0.7707823	0.448058	0.551942	4.826911
15072	-1482.748	-1579.734	96.98576	0.712764	0.522241	0.477759	4.460894
15078	-1485.564	-1582.345	96.78105	0.640979	0.51845	0.48155	4.616258
15084	-1487.378	-1585.114	97.73646	0.9423613	0.405935	0.594065	3.904081
15090	-1485.31	-1582.25	96.94033	0.870891	0.456483	0.543517	4.397376
15096	-1482.355	-1578.351	95.99607	0.6713591	0.481136	0.518864	5.037194
15102	-1482.072	-1579.09	97.0175	0.6554872	0.480856	0.519144	4.475269
15108	-1481.348	-1575.278	93.9293	0.4770157	0.575566	0.424434	6.277838
15114	-1477.54	-1574.734	97.19376	0.8625158	0.455907	0.544093	4.258843
15120	-1488.371	-1584.737	96.3665	0.8012808	0.412489	0.587511	4.758567
15126	-1480.246	-1577.141	96.8945	0.7445696	0.540123	0.459877	4.494356
15132	-1487.089	-1584.001	96.91259	0.7264796	0.469771	0.530229	4.494356
15138	-1485.381	-1581.752	96.37055	0.8038375	0.480325	0.519675	4.75487
15144	-1484.354	-1580.805	96.45146	0.7229301	0.408612	0.591388	4.75487
15150	-1476.773	-1573.315	96.54205	0.6323465	0.425929	0.574071	4.75487
15156	-1478.716	-1576.461	97.745	0.8017811	0.460226	0.539774	3.979692
15162	-1485.406	-1582.694	97.28801	0.781497	0.493585	0.506415	4.251347
15168	-1479.676	-1577.398	97.72211	0.6499024	0.550917	0.449083	4.079459
15174	-1472.827	-1570.045	97.21838	0.6408685	0.415989	0.584011	4.370267
15180	-1470.322	-1565.98	95.65812	0.6182832	0.455234	0.544766	5.253754
15186	-1468.383	-1564.278	95.89497	0.4613847	0.490335	0.509665	5.209551
15192	-1480.945	-1576.7	95.75497	0.6013852	0.524853	0.475147	5.209551
15198	-1483.866	-1580.477	96.61093	0.7003583	0.45576	0.54424	4.678306
15204	-1483.134	-1578.616	95.48297	0.6729787	0.400788	0.599212	5.320272
15210	-1483.393	-1579.968	96.57491	0.4158253	0.455895	0.544105	4.857363
15216	-1487.329	-1582.669	95.3398	0.4728688	0.422846	0.577154	5.509374
15222	-1487.966	-1583.373	95.40704	0.4056281	0.445477	0.554523	5.509374
15228	-1479.953	-1576.195	96.24178	0.8185862	0.483882	0.516118	4.818532
15234	-1482.13	-1577.31	95.18063	0.5751319	0.428599	0.571401	5.540659
15240	-1507.403	-1602.097	94.69395	0.5167648	0.631232	0.368768	5.839444
15246	-1506.34	-1602.802	96.46213	0.9436435	0.451783	0.548217	4.625372
15252	-1495.981	-1594.6	98.61891	0.9657069	0.576402	0.423598	3.378957
15258	-1493.898	-1592.018	98.11995	1.031823	0.623345	0.376655	3.631404
15264	-1493.881	-1591.822	97.94039	1.020595	0.458601	0.541399	3.741768
15270	-1495.899	-1592.253	96.3536	0.7343323	0.392802	0.607198	4.803153
15276	-1492.221	-1590.086	97.86533	0.8483495	0.449136	0.550864	3.884088
15282	-1490.08	-1585.964	95.88471	0.6907587	0.396145	0.603855	5.088211
15288	-1492.529	-1589.757	97.22876	0.6613804	0.365156	0.634844	4.352824
15294	-1495.871	-1591.535	95.66447	0.3889792	0.550647	0.449353	5.376806
15300	-1483.379	-1578.929	95.55007	0.5033797	0.580904	0.419096	5.376806
15306	-1480.604	-1577.06	96.45595	0.5837422	0.370556	0.629444	4.830065
15312	-1490.118	-1586.122	96.00349	0.8646718	0.478009	0.521991	4.925625
15318	-1492.533	-1589.158	96.62487	0.8992685	0.379142	0.620858	4.558961
15324	-1490.71	-1587.591	96.88086	0.6432713	0.424344	0.575656	4.558961
15330	-1478.897	-1574.763	95.86598	0.669362	0.543175	0.456825	5.110452
15336	-1487.443	-1583.367	95.9235	0.566085	0.510135	0.489865	5.13581
15342	-1491.386	-1586.876	95.48979	0.5719763	0.55566	0.44434	5.372221
15348	-1482.577	-1579.422	96.84435	0.7625181	0.387292	0.612708	4.512471
15354	-1481.614	-1580.079	98.46461	0.7939329	0.542666	0.457334	3.569413
15360	-1477.888	-1575.39	97.50214	0.9451584	0.590426	0.409574	4.036526
15366	-1484.339	-1579.788	95.44826	0.6222372	0.527747	0.472253	5.367407
15372	-1484.882	-1582.219	97.33644	1.080843	0.458462	0.541538	4.053648
15378	-1473.049	-1572.036	98.98701	0.9523547	0.458462	0.541538	3.169602
15384	-1476.736	-1575.464	98.72733	1.088551	0.46035	0.53965	3.242756
15390	-1483.048	-1577.463	94.41537	0.5065157	0.471758	0.528242	5.997183
15396	-1472.729	-1568.525	95.79599	0.7563434	0.375166	0.624834	5.101039
15402	-1474.706	-1571.714	97.00823	0.8079807	0.398703	0.601297	4.394558
15408	-1484.322	-1580.861	96.53954	0.5004601	0.526856	0.473144	4.829892
15414	-1483.031	-1580.623	97.59176	0.6847248	0.430734	0.569266	4.133846
15420	-1486.386	-1582.871	96.48548	0.5639266	0.492885	0.507115	4.82465
15426	-1488.466	-1585.053	96.58769	0.5113057	0.448411	0.551589	4.796975
15432	-1483.43	-1580.976	97.54627	0.7822153	0.418479	0.581521	4.104249
15438	-1484.051	-1581.315	97.26386	0.6225212	0.401899	0.598101	4.354948
15444	-1481.286	-1578.432	97.14543	0.7781891	0.500318	0.499682	4.333908
15450	-1482.418	-1579.794	97.37667	0.8436846	0.432469	0.567531	4.165754
15456	-1482.102	-1578.482	96.38094	0.6343913	0.496259	0.503741	4.843652
15462	-1492.599	-1590.098	97.49909	0.8022405	0.387895	0.612105	4.11971
15468	-1478.463	-1576.371	97.90762	0.7464719	0.414769	0.585231	3.91826
15474	-1488.084	-1585.041	96.95774	1.066029	0.502405	0.497595	4.277251
15480	-1487.068	-1585.175	98.10635	0.9470673	0.598043	0.401957	3.688363
15486	-1487.454	-1583.52	96.06581	0.5562263	0.502152	0.497848	5.062385
15492	-1489.541	-1587.217	97.67531	0.6722395	0.475305	0.524695	4.093395
15498	-1481.999	-1577.9	95.90081	0.6443572	0.549071	0.450929	5.105012
15504	-1494.827	-1590.586	95.75904	0.6146217	0.484643	0.515357	5.199978
15510	-1491.134	-1586.327	95.19361	0.5659778	0.489695	0.510305	5.538554
15516	-1477.963	-1574.097	96.13384	0.6679393	0.489695	0.510305	4.962553
15522	-1479.381	-1575.832	96.45185	0.5995226	0.524296	0.475704	4.823548
15528	-1475.997	-1570.735	94.73846	0.5540247	0.451229	0.548771	5.794714
15534	-1476.735	-1572.19	95.45463	0.5283578	0.554175	0.445825	5.415634
15540	-1476.282	-1572.359	96.07713	0.6376596	0.430054	0.569946	5.010892
15546	-1471.91	-1568.993	97.08276	0.692819	0.45996	0.54004	4.417475
15552	-1482.538	-1579.484	96.94645	0.6130165	0.577563	0.422437	4.539114
15558	-1481.58	-1579.233	97.65325	0.8763115	0.625022	0.374978	3.98954
15564	-1472.985	-1569.79	96.80462	0.7663995	0.353624	0.646376	4.532624
15570	-1480.11	-1576.059	95.94885	0.6937377	0.620977	0.379023	5.050976
15576	-1485.445	-1583.716	98.27149	0.6937377	0.473448	0.526552	3.739322
15582	-1486.82	-1585.537	98.71738	0.8400985	0.469225	0.530775	3.394874
15588	-1486.038	-1584.084	98.04584	0.7351818	0.545087	0.454913	3.845412
15594	-1485.695	-1583.501	97.8062	0.6750368	0.465376	0.534624	4.017149
15600	-1488.421	-1583.715	95.29304	0.6750368	0.414048	0.585952	5.423846
15606	-1486.404	-1582.891	96.48644	0.7958351	0.454868	0.545132	4.694542
15612	-1474.325	-1569.49	95.16529	0.6541066	0.435458	0.564542	5.505673
15618	-1475.453	-1570.805	95.35183	0.5063423	0.435482	0.564518	5.484343
15624	-1482.605	-1579.116	96.51109	0.6435065	0.345264	0.654736	4.76593
15630	-1484.609	-1580.637	96.02872	0.8041335	0.532852	0.467148	4.945269
15636	-1480.122	-1577.694	97.57114	0.7893578	0.481192	0.518808	4.086019
15642	-1482.471	-1580.109	97.63809	0.7437606	0.448489	0.551511	4.073848
15648	-1491.076	-1588.986	97.91026	0.8319293	0.277809	0.722191	3.867717
15654	-1485.806	-1583.599	97.79291	0.9605598	0.479641	0.520359	3.861243
15660	-1485.671	-1583.67	97.99915	0.9349672	0.446489	0.553511	3.757271
15666	-1487.853	-1584.038	96.1857	0.6349659	0.317915	0.682085	4.952051
15672	-1479.922	-1577.08	97.15793	0.897548	0.479148	0.520852	4.259294
15678	-1479.626	-1577.596	97.96941	1.062584	0.474037	0.525963	3.700754
15684	-1477.264	-1573.55	96.28649	0.8017801	0.428422	0.571578	4.802965
15690	-1474.466	-1570.724	96.25763	0.3355867	0.415027	0.584973	5.078369
15696	-1477.629	-1573.822	96.19297	0.6227743	0.559752	0.440248	4.954786
15702	-1479.755	-1575.968	96.21327	0.7451384	0.470017	0.529983	4.875375
15708	-1473.208	-1569.985	96.7775	0.6445401	0.539445	0.460555	4.616251
15714	-1478.032	-1573.327	95.29547	0.5438424	0.485964	0.514036	5.494717
15720	-1480.57	-1576.849	96.27912	0.5608138	0.39499	0.60501	4.941333
15726	-1479.932	-1576.52	96.58806	0.5120577	0.492253	0.507747	4.796349
15732	-1491.045	-1587.964	96.91934	0.6170361	0.410604	0.589396	4.552087
15738	-1490.373	-1586.079	95.70647	0.4195761	0.55185	0.44815	5.336771
15744	-1486.016	-1584.329	98.31329	0.856561	0.402925	0.597075	3.620918
15750	-1486.115	-1582.602	96.48742	0.8633985	0.557421	0.442579	4.656168
15756	-1485.035	-1580.754	95.71879	0.4430058	0.427556	0.572444	5.317045
15762	-1481.243	-1577.281	96.03791	0.5706572	0.518271	0.481729	5.069854
15768	-1475.843	-1572.155	96.3124	0.6979397	0.498988	0.501012	4.846433
15774	-1473.867	-1569.725	95.85829	0.6121989	0.417819	0.582181	5.146386
15780	-1466.708	-1563.18	96.47228	0.7018925	0.463808	0.536192	4.754991
15786	-1478.277	-1575.204	96.92671	0.5798086	0.514088	0.485912	4.568855
15792	-1484.678	-1582.271	97.59267	0.5907606	0.46875	0.53125	4.186727
15798	-1492.258	-1588.374	96.1156	0.6916941	0.541986	0.458014	4.959487
15804	-1490.261	-1585.798	95.53718	0.3635191	0.273221	0.726779	5.460943
15810	-1482.263	-1577.289	95.02606	0.842753	0.527141	0.472859	5.47849
15816	-1475.581	-1572.111	96.5296	0.6531517	0.569826	0.430174	4.750199
15822	-1476.867	-1573.483	96.61677	0.7529553	0.526738	0.473262	4.645577
15828	-1483.678	-1580.698	97.0204	0.9634488	0.422755	0.577245	4.299849
15834	-1492.598	-1590.503	97.90465	0.7306024	0.525857	0.474143	3.929058
15840	-1488.856	-1583.611	94.75526	0.6107748	0.386688	0.613312	5.754449
15846	-1481.17	-1576.142	94.97163	0.5575009	0.631485	0.368515	5.665079
15852	-1489.112	-1585.204	96.09164	0.6587763	0.515986	0.484014	4.9911
15858	-1488.505	-1586.179	97.67489	0.7215755	0.528436	0.471564	4.06552
15864	-1487.758	-1585.682	97.92366	0.7426677	0.542842	0.457158	3.911247
15870	-1493.817	-1590.59	96.7735	0.7911451	0.495713	0.504287	4.536206
15876	-1488.981	-1587.771	98.79079	0.9955028	0.448689	0.551311	3.260233
15882	-1488.428	-1586.697	98.26903	1.096527	0.402069	0.597931	3.507098
15888	-1496.865	-1595.887	99.02135	0.9875432	0.310469	0.689531	3.128277
15894	-1483.173	-1580.604	97.43086	0.7597091	0.451405	0.548595	4.182671
15900	-1486.471	-1585.768	99.29674	1.153187	0.447345	0.552655	2.863552
15906	-1479.805	-1578.383	98.57766	1.153187	0.536972	0.463028	3.292948
15912	-1479.79	-1577.387	97.59723	0.9320261	0.490547	0.509453	3.989712
15918	-1490.739	-1588.44	97.70151	0.9958177	0.474335	0.525665	3.893468
15924	-1483.127	-1579.61	96.48317	0.5976296	0.568154	0.431846	4.807134
15930	-1488.306	-1587.289	98.98316	1.153334	0.497719	0.502281	3.052157
15936	-1485.386	-1583.332	97.94653	0.8295822	0.499388	0.500612	3.848235
15942	-1494.299	-1589.82	95.52145	0.6493769	0.499602	0.500398	5.312056
15948	-1489.704	-1585.624	95.91989	0.4728221	0.475727	0.524273	5.189438
15954	-1483.51	-1578.105	94.59439	0.6113248	0.330661	0.669339	5.842175
15960	-1480.495	-1575.955	95.45962	0.7546067	0.497244	0.502756	5.288097
15966	-1482.952	-1578.242	95.29015	0.4199773	0.624229	0.375771	5.565735
15972	-1479.173	-1574.937	95.76472	0.6713328	0.409416	0.590584	5.165454
15978	-1494.707	-1592.122	97.41458	0.7095843	0.425412	0.574588	4.220362
15984	-1479.923	-1574.983	95.06021	0.4533856	0.415991	0.584009	5.673597
15990	-1486.776	-1584.938	98.16199	0.7337321	0.391837	0.608163	3.779404
15996	-1491.544	-1588.464	96.91971	0.5857322	0.459497	0.540503	4.569456
16002	-1488.684	-1586.85	98.16644	0.9618109	0.427055	0.572945	3.645039
16008	-1482.563	-1581.114	98.55015	0.9929154	0.509236	0.490764	3.403324
16014	-1489.298	-1585.78	96.48258	0.7100748	0.452672	0.547328	4.744665
16020	-1483.514	-1578.835	95.32067	0.5724851	0.539422	0.460578	5.465097
16026	-1485.939	-1583.208	97.26976	0.6426985	0.498346	0.501654	4.340213
16032	-1483.45	-1581.48	98.02965	0.8938912	0.50822	0.49178	3.763367
16038	-1482.738	-1580.791	98.05289	1.122666	0.498958	0.501042	3.617608
16044	-1473.801	-1570.507	96.70641	0.8163513	0.409017	0.590983	4.559733
16050	-1482.554	-1579.569	97.01473	0.8637817	0.374734	0.625266	4.359391
16056	-1486.469	-1581.691	95.22222	0.656667	0.321774	0.678226	5.472946
16062	-1490.135	-1586.629	96.49467	0.9256549	0.399265	0.600735	4.617213
16068	-1488.304	-1585.16	96.85585	0.762158	0.509434	0.490566	4.506204
16074	-1490.833	-1585.628	94.79452	0.3637711	0.56672	0.43328	5.868101
16080	-1487.89	-1584.154	96.2645	0.4863157	0.602438	0.397562	4.990881
16086	-1492.954	-1588.185	95.23051	0.3315663	0.36081	0.63919	5.647004
16092	-1485.198	-1580.187	94.98874	0.5733449	0.387389	0.612611	5.647004
16098	-1497.175	-1592.484	95.30917	0.2529113	0.445665	0.554335	5.647004
16104	-1483.877	-1581.22	97.34325	0.7611438	0.501484	0.498516	4.231572
16110	-1484.925	-1581.591	96.66681	0.7499383	0.532394	0.467606	4.619218
16116	-1481.905	-1576.672	94.76686	0.5984056	0.496938	0.503062	5.754872
16122	-1487.526	-1583.687	96.16161	0.5984056	0.612658	0.387342	4.985767
16128	-1494.204	-1590.967	96.76274	0.625416	0.555302	0.444698	4.635247
16134	-1487.952	-1584.35	96.3979	0.6496351	0.359391	0.640609	4.82569
16140	-1483.933	-1579.793	95.86083	0.7100973	0.452262	0.547738	5.090727
16146	-1495.173	-1591.984	96.81093	0.6591004	0.528897	0.471103	4.589337
16152	-1492.238	-1589.186	96.94857	0.5214574	0.540964	0.459036	4.589337
16158	-1495.34	-1594.063	98.72233	0.7746026	0.483163	0.516837	3.430347
16164	-1477.826	-1575.654	97.82848	0.7590765	0.524872	0.475128	3.956366
16170	-1486.384	-1582.359	95.97575	0.8149805	0.329249	0.670751	4.968697
16176	-1482.213	-1577.619	95.40579	0.8341061	0.397589	0.602411	5.273923
16182	-1481.533	-1576.484	94.95129	0.5883093	0.501481	0.498519	5.659337
16188	-1478.792	-1574.626	95.8341	0.4966846	0.347884	0.652116	5.223691
16194	-1480.231	-1577.068	96.83645	0.687064	0.432829	0.567171	4.559312
16200	-1484.116	-1580.213	96.09735	0.5876107	0.461283	0.538717	5.027458
16206	-1489.69	-1585.41	95.72014	0.4529883	0.464808	0.535192	5.310788
16212	-1476.197	-1571.431	95.23383	0.6793694	0.416481	0.583519	5.454061
16218	-1479.537	-1575.968	96.43081	0.7562218	0.555755	0.444245	4.747808
16224	-1484.647	-1581.692	97.04466	0.8335049	0.471852	0.528148	4.35959
16230	-1493.814	-1587.371	93.5571	0.4347	0.478256	0.521744	6.502691
16236	-1494.015	-1587.464	93.4492	0.5425967	0.37783	0.62217	6.502691
16242	-1481.958	-1580.632	98.67481	0.9390221	0.500811	0.499189	3.361807
16248	-1488.572	-1586.151	97.57917	0.8608785	0.529089	0.470911	4.04066
16254	-1487.49	-1583.443	95.9531	0.7323437	0.288736	0.711264	5.027191
16260	-1491.718	-1587.407	95.68928	0.4551606	0.339888	0.660112	5.326619
16266	-1497.809	-1594.43	96.62091	0.4279993	0.293055	0.706945	4.824926
16272	-1498.984	-1596.469	97.48508	0.7776301	0.602099	0.397901	4.141675
16278	-1489.571	-1586.804	97.23265	0.7611013	0.598213	0.401787	4.294243
16284	-1488.939	-1586.208	97.26965	0.7131942	0.357613	0.642387	4.300414
16290	-1481.689	-1578.834	97.1453	0.7300509	0.5599	0.4401	4.361177
16296	-1479.626	-1576.007	96.38075	0.6902493	0.470266	0.529734	4.812604
16302	-1480.454	-1577.353	96.8982	0.6133192	0.498236	0.501764	4.566047
16308	-1476.892	-1572.748	95.85632	0.606516	0.608757	0.391243	5.150624
16314	-1486.458	-1580.892	94.43426	0.7074117	0.574187	0.425813	5.877187
16320	-1489.242	-1584.907	95.66492	0.5498607	0.444516	0.555484	5.28779
16326	-1486.058	-1583.251	97.1928	0.8520178	0.551104	0.448896	4.265331
16332	-1486.114	-1582.607	96.49302	0.6838217	0.565846	0.434154	4.753501
16338	-1474.95	-1572.746	97.79586	0.9546964	0.440184	0.559816	3.862916
16344	-1470.432	-1566.057	95.62472	0.6953492	0.650176	0.349824	5.229615
16350	-1470.232	-1565.982	95.75052	0.5695553	0.492412	0.507588	5.229615
16356	-1475.093	-1571.481	96.38782	0.7079071	0.401413	0.598587	4.798804
16362	-1484.649	-1580.749	96.10028	0.5757672	0.4036	0.5964	5.032408
16368	-1494.285	-1589.987	95.70214	0.4228417	0.538451	0.461549	5.337358
16374	-1486.438	-1582.235	95.79736	0.5262433	0.469665	0.530335	5.227665
16380	-1492.299	-1586.927	94.62854	0.6374979	0.502065	0.497935	5.809185
16386	-1479.851	-1575.751	95.89954	0.5168902	0.495191	0.504809	5.176311
16392	-1484.965	-1582.344	97.37849	0.6972961	0.495191	0.504809	4.247791
16398	-1483.67	-1580.755	97.0852	0.5755627	0.495191	0.504809	4.482152
16404	-1490.535	-1584.207	93.67211	0.2932365	0.538974	0.461026	6.517019
16410	-1481.476	-1576.853	95.37666	0.470408	0.568719	0.431281	5.490455
16416	-1474.629	-1569.709	95.07997	0.4705603	0.390755	0.609245	5.653342
16422	-1474.208	-1569.962	95.75325	0.6992279	0.390755	0.609245	5.156357
16428	-1476.822	-1573.955	97.13366	0.9868344	0.407277	0.592723	4.222439
16434	-1485.493	-1584.591	99.09829	0.8884454	0.504416	0.495584	3.141456
16440	-1484.067	-1579.731	95.66445	0.5809039	0.464158	0.535842	5.270906
16446	-1476.823	-1574.692	97.86942	0.8075224	0.504938	0.495062	3.905161
16452	-1479.705	-1576.998	97.29346	0.7362819	0.5188	0.4812	4.273868
16458	-1485.744	-1581.611	95.86699	0.5488426	0.396057	0.603943	5.176644
16464	-1496.085	-1591.834	95.74908	0.6667526	0.396057	0.603943	5.176644
16470	-1491.432	-1587.266	95.83459	0.5479491	0.46801	0.53199	5.195066
16476	-1491.187	-1586.814	95.6269	0.7556402	0.406883	0.593117	5.195066
16482	-1483.193	-1579.437	96.2442	0.5589473	0.406883	0.593117	4.961791
16488	-1491.875	-1588.191	96.31635	0.6170627	0.677905	0.322095	4.889297
16494	-1487.812	-1583.977	96.16456	0.6373893	0.516018	0.483982	4.962459
16500	-1493.061	-1588.671	95.60951	0.6086085	0.420978	0.579022	5.285948
16506	-1494.069	-1588.036	93.96735	0.5490055	0.589063	0.410937	6.218031
16512	-1488.653	-1584.532	95.87858	0.3657056	0.37232	0.62768	5.271495
16518	-1487.935	-1581.611	93.67568	0.3964696	0.418839	0.581161	6.459156
16524	-1499.018	-1596.937	97.91991	0.8365829	0.424275	0.575725	3.859503
16530	-1488.689	-1584.061	95.37223	0.6094699	0.527092	0.472908	5.416345
16536	-1488.261	-1583.386	95.12434	0.5141358	0.601076	0.398924	5.605079
16542	-1482.938	-1578.793	95.85534	0.56799	0.382314	0.617686	5.172496
16548	-1478.284	-1574.14	95.85608	0.5672519	0.483336	0.516664	5.172496
16554	-1494.442	-1589.373	94.93087	0.5553974	0.548963	0.451037	5.688578
16560	-1494.763	-1591.748	96.9855	0.6301461	0.373013	0.626987	4.507534
16566	-1489.359	-1584.723	95.3646	0.5981409	0.403873	0.596127	5.426787
16572	-1481.17	-1576.32	95.15001	0.568824	0.425526	0.574474	5.560947
16578	-1488.959	-1583.962	95.00278	0.7422057	0.424442	0.575558	5.54658
16584	-1478.324	-1572.684	94.36054	0.5329784	0.570385	0.429615	6.012655
16590	-1487.102	-1583.431	96.32967	0.4909519	0.56561	0.43439	4.952073
16596	-1494.272	-1588.763	94.4909	0.4412082	0.44127	0.55873	5.991609
16602	-1494.031	-1591.415	97.38348	0.6710621	0.351167	0.648833	4.259826
16608	-1496.437	-1592.762	96.32511	0.7981597	0.542839	0.457161	4.783426
16614	-1490.958	-1586.346	95.3882	0.688581	0.50337	0.49663	5.363943
16620	-1491.786	-1590.06	98.27453	0.817095	0.417609	0.582391	3.666256
16626	-1488.68	-1586.651	97.97107	0.6393924	0.481923	0.518077	3.943254
16632	-1493.025	-1588.85	95.82497	0.7154307	0.524154	0.475846	5.10765
16638	-1487.578	-1583.268	95.69015	0.8502576	0.462895	0.537105	5.10765
16644	-1506.538	-1601.261	94.72238	0.7945415	0.510725	0.489275	5.671773
16650	-1493.044	-1589.431	96.38724	0.8654591	0.460045	0.539955	4.71109
16656	-1500.457	-1595.198	94.74106	0.6556448	0.502478	0.497522	5.737654
16662	-1484.798	-1579.484	94.68678	0.7345557	0.592259	0.407741	5.724164
16668	-1478.803	-1575.237	96.43468	0.9626049	0.592259	0.407741	4.630133
16674	-1482.942	-1581.3	98.35799	0.951682	0.546295	0.453705	3.539663
16680	-1483.738	-1580.102	96.36384	0.6539903	0.425831	0.574169	4.842255
16686	-1478.136	-1575.59	97.45365	0.9170611	0.438663	0.561337	4.0802
16692	-1481.341	-1579.641	98.29974	0.906655	0.418062	0.581938	3.599713
16698	-1477.311	-1573.918	96.60727	0.7211181	0.502368	0.497632	4.66873
16704	-1479.962	-1577.485	97.52289	0.7987428	0.513952	0.486048	4.108153
16710	-1474.46	-1571.34	96.8797	0.8887596	0.501563	0.498437	4.421492
16716	-1477.058	-1575.282	98.22389	0.9255354	0.466551	0.533449	3.632764
16722	-1478.561	-1576.782	98.22125	0.9281754	0.386028	0.613972	3.632764
16728	-1477.066	-1572.3	95.23415	0.6542458	0.485557	0.514443	5.467713
16734	-1491.308	-1587.267	95.95953	0.6635871	0.529502	0.470498	5.061785
16740	-1476.57	-1572.989	96.41934	0.7203624	0.603102	0.396898	4.774249
16746	-1488.829	-1586.096	97.26699	0.4956147	0.395492	0.604508	4.42479
16752	-1484.233	-1578.326	94.0931	0.5513068	0.48393	0.51607	6.148374
16758	-1476.335	-1570.501	94.16592	0.4784838	0.48393	0.51607	6.148374
16764	-1475.608	-1568.846	93.23785	0.508054	0.496564	0.503436	6.635767
16770	-1482.901	-1580.041	97.14008	0.7220799	0.448405	0.551595	4.368624
16776	-1482.835	-1579.003	96.1686	0.525751	0.387002	0.612998	5.022246
16782	-1481.316	-1578.005	96.6891	0.6051609	0.486236	0.513764	4.687837
16788	-1480.254	-1575.044	94.7897	0.7854219	0.486236	0.513764	5.639849
16794	-1488.433	-1584.571	96.13841	0.3794091	0.505726	0.494274	5.120165
16800	-1486.685	-1583.226	96.54049	0.5446991	0.492888	0.507112	4.804683
16806	-1490.425	-1584.359	93.93368	0.4752677	0.492888	0.507112	6.276408
16812	-1489.208	-1585.826	96.61886	0.4564428	0.475237	0.524763	4.810202
16818	-1485.126	-1581.071	95.94537	0.5900447	0.475237	0.524763	5.110412
16824	-1490.456	-1587.061	96.6052	0.5201382	0.476397	0.523603	4.782271
16830	-1489.403	-1587.278	97.87466	0.7658508	0.420278	0.579722	3.926043
16836	-1491.334	-1590.412	99.07799	0.9426436	0.495236	0.504764	3.121288
16842	-1489.946	-1588.45	98.50409	0.8735607	0.599364	0.400636	3.500044
16848	-1492.729	-1589.857	97.12797	0.7630786	0.51958	0.48042	4.352312
16854	-1490.408	-1586.883	96.47558	0.7743204	0.557976	0.442024	4.712656
16860	-1486.147	-1581.147	94.99966	0.4463188	0.449058	0.550942	5.710657
16866	-1485.094	-1580.585	95.49162	0.5591789	0.461465	0.538535	5.378265
16872	-1489.673	-1584.864	95.1911	0.6723482	0.519883	0.480117	5.481444
16878	-1490.656	-1587.37	96.71449	0.6911139	0.652883	0.347117	4.625471
16884	-1488.731	-1585.647	96.91641	0.6079766	0.52915	0.47085	4.55882
16890	-1493.549	-1590.07	96.52046	0.681427	0.347969	0.652031	4.739502
16896	-1488.759	-1583.808	95.04918	0.7258154	0.347969	0.652031	5.530085
16902	-1482.925	-1579.066	96.14143	0.5946323	0.55415	0.44585	4.999079
16908	-1484.854	-1581.017	96.16238	0.5736801	0.433805	0.566195	4.999079
16914	-1495.059	-1591.154	96.09516	0.5993005	0.504331	0.495669	5.022183
16920	-1483.741	-1577.864	94.12317	0.4322871	0.461242	0.538758	6.196768
16926	-1480.595	-1574.841	94.24579	0.3162742	0.439757	0.560243	6.193175
16932	-1482.825	-1577.891	95.06599	0.3801444	0.531544	0.468456	5.710572
16938	-1482.368	-1577.237	94.86927	0.576865	0.328845	0.671155	5.710572
16944	-1482.798	-1578.381	95.5827	0.6456498	0.41817	0.58183	5.280299
16950	-1478.695	-1574.676	95.98108	0.800625	0.452417	0.547583	4.973712
16956	-1480.861	-1576.387	95.52622	0.6126859	0.509597	0.490403	5.329672
16962	-1479.262	-1574.947	95.68538	0.6023114	0.490359	0.509641	5.247512
16968	-1486.9	-1581.717	94.81646	0.3552019	0.47936	0.52064	5.860794
16974	-1489.621	-1585.5	95.87899	0.6189659	0.69098	0.30902	5.131169
16980	-1488.229	-1585.619	97.38939	0.8353948	0.427256	0.572744	4.163235
16986	-1480.929	-1578.723	97.79381	0.7207965	0.541137	0.458863	3.998086
16992	-1480.983	-1579.234	98.25102	1.10434	0.529574	0.470426	3.513041
16998	-1480.702	-1578.004	97.30212	0.9575417	0.551911	0.448089	4.14341
17004	-1488.524	-1585.65	97.12623	0.5377962	0.363417	0.636583	4.480317
17010	-1482.563	-1576.616	94.05303	0.5421892	0.527652	0.472348	6.175135
17016	-1476.911	-1572.602	95.6907	0.6146985	0.446047	0.553953	5.237728
17022	-1476.015	-1571.104	95.08897	0.597214	0.446047	0.553953	5.578884
17028	-1474.712	-1569.376	94.66422	0.3753275	0.511419	0.488581	5.932972
17034	-1482.436	-1577.07	94.63439	0.5910522	0.512963	0.487037	5.831389
17040	-1484.829	-1580.382	95.5534	0.5351163	0.512963	0.487037	5.357468
17046	-1488.916	-1586.172	97.25598	0.9529818	0.472724	0.527276	4.172226
17052	-1491.683	-1589.063	97.37977	1.065513	0.406087	0.593913	4.037675
17058	-1480.263	-1578.22	97.95743	0.7154187	0.427994	0.572006	3.90751
17064	-1485.537	-1583.199	97.66229	0.9670851	0.35906	0.64094	3.932425
17070	-1490.916	-1586.351	95.43594	0.5177886	0.569043	0.430957	5.431747
17076	-1491.508	-1585.659	94.15094	0.5750798	0.455876	0.544124	6.103938
17082	-1484.607	-1579.92	95.31368	0.6274982	0.455274	0.544726	5.438661
17088	-1485.931	-1582.554	96.62282	0.5883634	0.451448	0.548552	4.734306
17094	-1500.272	-1595.111	94.839	0.6634629	0.516775	0.483225	5.679697
17100	-1494.791	-1591.559	96.76795	0.6667075	0.531549	0.468451	4.609177
17106	-1490.115	-1588.019	97.90399	0.8620242	0.424409	0.575591	3.854033
17112	-1481.573	-1577.638	96.06547	0.7066992	0.501065	0.498935	4.979016
17118	-1487.813	-1584.358	96.54511	0.6201605	0.561771	0.438229	4.759966
17124	-1490.599	-1587.321	96.7217	0.8119185	0.376898	0.623102	4.553633
17130	-1489.004	-1586.103	97.09853	0.7094448	0.571293	0.428707	4.399208
17136	-1489.172	-1586.273	97.10085	0.7071227	0.419392	0.580608	4.399208
17142	-1491.448	-1588.54	97.09204	0.7159293	0.452804	0.547196	4.399208
17148	-1483.496	-1579.004	95.50847	0.6692726	0.344536	0.655464	5.308241
17154	-1490.075	-1585.864	95.78886	0.4349898	0.560086	0.439914	5.282782
17160	-1490.816	-1586.448	95.63218	0.6565236	0.376206	0.623794	5.246956
17166	-1492.945	-1590.132	97.18708	0.745853	0.376206	0.623794	4.32864
17172	-1494.062	-1589.81	95.74785	0.6826962	0.33419	0.66581	5.168499
17178	-1485.493	-1581.192	95.69922	0.7165841	0.551824	0.448176	5.176658
17184	-1491.234	-1585.277	94.04258	0.4922095	0.458968	0.541032	6.208009
17190	-1495.666	-1593.538	97.87233	0.9058573	0.513725	0.486275	3.847039
17196	-1482.891	-1579.688	96.79721	0.846962	0.53098	0.46902	4.491487
17202	-1481.984	-1577.83	95.84595	0.7245055	0.470104	0.529896	5.090989
17208	-1484.983	-1581.01	96.02661	0.8466034	0.504506	0.495494	4.922816
17214	-1487.224	-1584.309	97.08444	0.7143416	0.504506	0.495494	4.404391
17220	-1494.908	-1589.881	94.97267	0.8147327	0.45484	0.54516	5.523265
17226	-1487.315	-1582.352	95.03701	0.4811025	0.481661	0.518339	5.671117
17232	-1479.771	-1574.706	94.93445	0.5836642	0.375824	0.624176	5.671117
17238	-1483.659	-1580.098	96.43875	0.6368415	0.431849	0.568151	4.810037
17244	-1483.48	-1579.162	95.68214	0.8195261	0.431849	0.568151	5.129118
17250	-1489.267	-1587.964	98.69745	0.9448167	0.38343	0.61657	3.345095
17256	-1479.666	-1578.417	98.75081	0.8914601	0.463655	0.536345	3.345095
17262	-1486.919	-1584.905	97.9856	0.9718724	0.245131	0.754869	3.743798
17268	-1491.917	-1591.217	99.30003	1.069194	0.490364	0.509636	2.912347
17274	-1480.549	-1579.051	98.50196	1.196793	0.407234	0.592766	3.31186
17280	-1490.299	-1590.126	99.82694	1.265469	0.616678	0.383322	2.467979
17286	-1491.377	-1590.613	99.2363	1.478743	0.616678	0.383322	2.701949
17292	-1477.311	-1576.105	98.79418	1.084663	0.467019	0.532981	3.205496
17298	-1478.48	-1577.166	98.68637	1.008217	0.434257	0.565743	3.314313
17304	-1491.045	-1587.678	96.63306	0.6840074	0.521529	0.478471	4.675068
17310	-1497.316	-1594.518	97.20175	0.8025259	0.447683	0.552317	4.288289
17316	-1500.268	-1597.563	97.29521	0.7333719	0.527118	0.472882	4.274529
17322	-1491.234	-1587.739	96.50503	0.7102533	0.393301	0.606699	4.732013
17328	-1491.83	-1587.581	95.75085	0.7068147	0.458375	0.541625	5.153486
17334	-1487.909	-1585.109	97.20056	0.7888428	0.4568	0.5432	4.296702
17340	-1490.183	-1587.697	97.51384	0.8618004	0.4568	0.5432	4.077391
17346	-1484.203	-1580.701	96.49785	0.742592	0.56584	0.43416	4.717947
17352	-1481.834	-1577.818	95.98391	0.6340031	0.487297	0.512703	5.06467
17358	-1485.76	-1580.79	95.02983	0.5774516	0.421753	0.578247	5.622204
17364	-1493.78	-1589.605	95.82461	0.5927226	0.442342	0.557658	5.175813
17370	-1491.737	-1587.361	95.6234	0.5927226	0.483434	0.516566	5.287049
17376	-1484.365	-1579.986	95.62114	0.5949809	0.483434	0.516566	5.287049
17382	-1481.557	-1578.301	96.74351	0.7540035	0.483434	0.516566	4.573911
17388	-1488.296	-1584.59	96.29395	0.4335528	0.480448	0.519552	5.003831
17394	-1479.592	-1575.257	95.66585	0.7163741	0.489417	0.510583	5.195242
17400	-1485.47	-1582.883	97.41389	0.6398467	0.499395	0.500605	4.260279
17406	-1481.846	-1580.438	98.5915	0.8321091	0.453482	0.546518	3.473218
17412	-1474.369	-1571.736	97.36632	0.8321091	0.562529	0.437471	4.178207
17418	-1480.127	-1575.958	95.83102	0.6198251	0.388482	0.611518	5.157262
17424	-1479.917	-1575.727	95.81025	0.4991492	0.5132	0.4868	5.235517
17430	-1488.382	-1584.819	96.43633	0.8226659	0.517006	0.482994	4.707571
17436	-1490.849	-1586.501	95.65196	0.5735779	0.366124	0.633876	5.281853
17442	-1496.58	-1591.57	94.99037	0.5854107	0.412226	0.587774	5.639489
17448	-1481.177	-1577.615	96.43793	0.5351	0.461281	0.538719	4.867228
17454	-1480.086	-1574.809	94.72326	0.4903327	0.483039	0.516961	5.83787
17460	-1482.838	-1578.79	95.95157	0.683224	0.529316	0.470684	5.055306
17466	-1479.943	-1575.367	95.4244	0.6761365	0.511737	0.488263	5.350838
17472	-1473.843	-1569.848	96.00555	0.612265	0.573806	0.426194	5.064722
17478	-1478.952	-1574.488	95.53589	0.6902009	0.458469	0.541531	5.281548
17484	-1486.665	-1583.913	97.24832	0.9108787	0.4814	0.5186	4.200484
17490	-1483.671	-1579.564	95.89333	0.556891	0.4814	0.5186	5.157605
17496	-1491.233	-1586.189	94.95548	0.4596653	0.578683	0.421317	5.727553
17502	-1483.102	-1578.783	95.68094	0.5883278	0.469601	0.530399	5.257696
17508	-1491.419	-1588.217	96.79751	0.5802662	0.531101	0.468899	4.641065
17514	-1492.481	-1588.615	96.13409	0.4680801	0.398214	0.601786	5.073405
17520	-1487.234	-1584.301	97.06687	0.5828771	0.577628	0.422372	4.48835
17526	-1484.522	-1581.692	97.17068	0.6183607	0.489578	0.510422	4.409886
17532	-1479.244	-1575.716	96.47263	0.6378999	0.463295	0.536705	4.790539
17538	-1487.832	-1582.779	94.94718	0.4436327	0.475006	0.524994	5.740884
17544	-1488.66	-1584.177	95.51733	0.3341489	0.6127	0.3873	5.488024
17550	-1482.208	-1578.317	96.10959	0.5931044	0.4257	0.5743	5.01761
17556	-1481.007	-1577.168	96.16065	0.5796612	0.376165	0.623835	4.996716
17562	-1494.197	-1590.404	96.20779	0.5462565	0.338519	0.661481	4.989083
17568	-1497.737	-1593.88	96.14298	0.752687	0.569357	0.430643	4.910315
17574	-1484.638	-1580.698	96.06041	0.4943347	0.428988	0.571012	5.099701
17580	-1487.749	-1584.382	96.63377	0.7541763	0.464299	0.535701	4.635368
17586	-1486.747	-1583.176	96.42941	0.6415996	0.285275	0.714725	4.812594
17592	-1480.992	-1578.384	97.39226	0.6175472	0.365377	0.634623	4.285156
17598	-1479.256	-1576.763	97.50747	0.6812677	0.434759	0.565241	4.183711
17604	-1483.263	-1581.034	97.77096	0.7883618	0.538883	0.461117	3.972522
17610	-1479.251	-1576.907	97.65602	0.9190314	0.474299	0.525701	3.963523
17616	-1478.151	-1575.139	96.98807	0.6885142	0.443911	0.556089	4.473245
17622	-1469.984	-1565.313	95.32903	0.6459192	0.497856	0.502144	5.42006
17628	-1474.14	-1569.667	95.5273	0.4381597	0.497856	0.502144	5.425286
17634	-1482.262	-1578.05	95.78735	0.679453	0.408372	0.591628	5.148424
17640	-1486.304	-1581.434	95.12964	0.4593129	0.558848	0.441152	5.632262
17646	-1482.138	-1577.343	95.20499	0.3839568	0.413002	0.586998	5.632262
17652	-1484.8	-1580.186	95.38585	0.6518809	0.491678	0.508322	5.385468
17658	-1504.517	-1601.076	96.5593	0.5281568	0.411657	0.588343	4.803414
17664	-1493.948	-1589.488	95.53939	0.7154181	0.508079	0.491921	5.265684
17670	-1486.24	-1582.328	96.08738	0.5639091	0.430684	0.569316	5.046147
17676	-1479.984	-1577.345	97.36007	0.6687485	0.420497	0.579503	4.274393
17682	-1482.409	-1577.999	95.58934	0.3329479	0.539684	0.460316	5.449059
17688	-1490.638	-1586.029	95.3917	0.5305914	0.550238	0.449762	5.449059
17694	-1482.527	-1579.3	96.773	0.5353548	0.531691	0.468309	4.679949
17700	-1479.182	-1575.521	96.33854	0.6636951	0.464656	0.535344	4.850949
17706	-1474.329	-1569.851	95.5217	0.4241159	0.450231	0.549769	5.436104
17712	-1478.675	-1573.64	94.96567	0.2972603	0.424909	0.575091	5.810883
17718	-1471.52	-1566.793	95.2735	0.3653475	0.479997	0.520003	5.604877
17724	-1488.055	-1582.341	94.28663	0.7337531	0.387365	0.612635	5.943434
17730	-1484.951	-1580.068	95.11739	0.6129056	0.448505	0.551495	5.55465
17736	-1484.948	-1579.66	94.71196	0.5877791	0.448505	0.551495	5.790743
17742	-1494.747	-1592.599	97.85242	0.9431499	0.416342	0.583658	3.837047
17748	-1493.423	-1591.478	98.05494	0.862258	0.445313	0.554687	3.767028
17754	-1488.675	-1585.07	96.39508	0.7015209	0.538843	0.461157	4.798312
17760	-1484.998	-1581.726	96.72803	0.5879679	0.441035	0.558965	4.675666
17766	-1492.356	-1586.816	94.4602	0.3875613	0.441035	0.558965	6.037607
17772	-1493.238	-1587.485	94.24732	0.2893972	0.490948	0.509052	6.206959
17778	-1484.919	-1581.08	96.16115	0.5494173	0.52493	0.47507	5.013237
17784	-1475.983	-1570.299	94.31569	0.3718376	0.41208	0.58792	6.124897
17790	-1475.819	-1570.902	95.08303	0.4583368	0.544923	0.455077	5.658368
17796	-1479.588	-1575.723	96.13443	0.4874922	0.494493	0.505507	5.062447
17802	-1481.757	-1576.909	95.15126	0.459003	0.476459	0.523541	5.620565
17808	-1478.416	-1574.608	96.19264	0.5152306	0.584697	0.415303	5.014735
17814	-1484.704	-1580.306	95.60192	0.4796245	0.584697	0.415303	5.361312
17820	-1493.495	-1588.758	95.26347	0.5705928	0.585958	0.414042	5.497608
17826	-1491.862	-1588.185	96.32248	0.7680829	0.369808	0.630192	4.801684
17832	-1491.846	-1588.313	96.46748	0.6230839	0.506552	0.493448	4.801684
17838	-1487.227	-1584.302	97.07502	0.7690535	0.512511	0.487489	4.378835
17844	-1493.838	-1589.108	95.27006	0.5307156	0.532267	0.467733	5.515911
17850	-1496.343	-1591.12	94.7769	0.5757982	0.261558	0.738442	5.761752
17856	-1484.769	-1581.828	97.059	0.5738063	0.457489	0.542511	4.49788
17862	-1478.324	-1574.796	96.47244	0.626942	0.390023	0.609977	4.796763
17868	-1482.669	-1579.394	96.7244	0.8994706	0.390023	0.609977	4.50291
17874	-1485.312	-1580.229	94.91721	0.4588596	0.492838	0.507162	5.748955
17880	-1490.937	-1586.359	95.42197	0.6585696	0.493114	0.506886	5.36187
17886	-1486.171	-1581.674	95.50381	0.5767284	0.467009	0.532991	5.36187
17892	-1476.422	-1574.29	97.86856	0.8635177	0.399055	0.600945	3.873524
17898	-1479.16	-1576.329	97.16844	0.9980481	0.532668	0.467332	4.196346
17904	-1481.052	-1577.163	96.11169	0.6117397	0.448772	0.551228	5.006093
17910	-1497.773	-1593.786	96.01316	0.7320582	0.388339	0.611661	4.993993
17916	-1497.302	-1593.057	95.75506	0.7761177	0.450127	0.549873	5.112762
17922	-1484.72	-1580.118	95.39853	0.5917665	0.41295	0.58705	5.411608
17928	-1481.745	-1576.891	95.14571	0.6575747	0.447568	0.552432	5.514532
17934	-1485.114	-1581.171	96.05681	0.6536869	0.449687	0.550313	5.013278
17940	-1487.631	-1584.108	96.47645	0.5187138	0.467316	0.532684	4.854894
17946	-1487.679	-1583.266	95.58657	0.564342	0.355693	0.644307	5.323049
17952	-1486.649	-1583.232	96.5827	0.4897403	0.484507	0.515493	4.811798
17958	-1486.207	-1582.385	96.17788	0.6337112	0.372204	0.627796	4.957099
17964	-1485.84	-1582.41	96.56999	0.7024977	0.388027	0.611973	4.700023
17970	-1486.485	-1583.42	96.93448	0.8014567	0.448767	0.551233	4.439821
17976	-1498.173	-1595.757	97.58476	0.8273626	0.567744	0.432256	4.056591
17982	-1482.892	-1579.653	96.76117	0.7708911	0.415884	0.584116	4.554512
17988	-1491.185	-1588.833	97.64807	0.7518385	0.478223	0.521777	4.063555
17994	-1480.384	-1576.297	95.91342	0.7998623	0.390154	0.609846	5.011729
18000	-1478.847	-1575.381	96.53428	0.6998385	0.456852	0.543148	4.721482
18006	-1489.723	-1586.06	96.33658	0.6830238	0.472367	0.527633	4.841268
18012	-1490.845	-1587.889	97.04408	0.8011569	0.423609	0.576391	4.378181
18018	-1484.97	-1582.156	97.18587	0.6731046	0.545886	0.454114	4.370427
18024	-1483.486	-1580.899	97.41328	0.8328212	0.36072	0.63928	4.151119
18030	-1482.467	-1579.896	97.42858	0.8039581	0.542519	0.457481	4.15883
18036	-1485.456	-1583.054	97.59756	0.9286409	0.500885	0.499115	3.99146
18042	-1486.994	-1584.905	97.9118	0.8877837	0.49283	0.50717	3.83474
18048	-1494.394	-1590.076	95.68207	0.5009226	0.479063	0.520937	5.305345
18054	-1498.441	-1594.944	96.50282	0.730571	0.396338	0.603662	4.721889
18060	-1498.849	-1595.578	96.72827	0.6869378	0.423475	0.576525	4.620082
18066	-1501.915	-1597.943	96.02809	0.6000585	0.315643	0.684357	5.05899
18072	-1488.974	-1585.82	96.84657	0.7021916	0.453459	0.546541	4.545127
18078	-1494.762	-1591.171	96.40917	0.6711386	0.509217	0.490783	4.807407
18084	-1484.105	-1580.624	96.51891	0.6526057	0.369872	0.630128	4.756476
18090	-1482.941	-1578.841	95.89965	0.7394976	0.403448	0.596552	5.052888
18096	-1487.502	-1581.849	94.3467	0.580341	0.452099	0.547901	5.994373
18102	-1486.377	-1581.27	94.89336	0.4663782	0.446247	0.553753	5.757897
18108	-1484.795	-1579.224	94.42852	0.5638246	0.570709	0.429291	5.958741
18114	-1489.362	-1584.837	95.47552	0.4013366	0.492538	0.507462	5.474067
18120	-1483.664	-1580.199	96.53444	0.6933758	0.397038	0.602962	4.725008
18126	-1490.161	-1585.445	95.2844	0.6354502	0.449287	0.550713	5.450403
18132	-1485.178	-1581.032	95.85364	0.7854458	0.406121	0.593879	5.052925
18138	-1481.241	-1577.642	96.40147	0.7114249	0.370643	0.629357	4.789217
18144	-1476.67	-1573.188	96.51763	0.64108	0.454613	0.545387	4.76363
18150	-1486.582	-1583.296	96.71415	0.5952781	0.502631	0.497369	4.679345
18156	-1486.265	-1581.802	95.53678	0.6984728	0.407133	0.592867	5.276486
18162	-1482.343	-1578.124	95.78132	0.4539315	0.503751	0.496249	5.276486
18168	-1480.636	-1575.027	94.39059	0.5707619	0.516197	0.483803	5.975651
18174	-1494.092	-1589.356	95.26348	0.5474734	0.449763	0.550237	5.510314
18180	-1495.283	-1592.023	96.73987	0.744124	0.5435	0.4565	4.581498
18186	-1492.397	-1586.798	94.40099	0.6445943	0.571272	0.428728	5.929672
18192	-1483.557	-1580.66	97.10277	0.6703903	0.530488	0.469512	4.418841
18198	-1480.415	-1576.848	96.43327	0.6851766	0.424283	0.575717	4.786121
18204	-1488.619	-1586.354	97.73474	0.8854702	0.370709	0.629291	3.937673
18210	-1486.085	-1583.954	97.86912	0.8324065	0.579719	0.420281	3.89106
18216	-1480.017	-1575.501	95.48369	0.7947087	0.508312	0.491688	5.25265
18222	-1491.469	-1587.722	96.25215	0.6782462	0.550995	0.449005	4.890981
18228	-1497.846	-1594.441	96.59464	0.6549288	0.471864	0.528136	4.712841
18234	-1493.518	-1590.068	96.54937	0.6720981	0.405878	0.594122	4.728556
18240	-1479.828	-1577.343	97.51445	0.7943417	0.592263	0.407737	4.115463
18246	-1482.179	-1580.341	98.16177	0.910091	0.316574	0.683426	3.677694
18252	-1485.077	-1583.667	98.58954	1.150936	0.564598	0.435402	3.287272
18258	-1492.812	-1590.52	97.70752	0.8238517	0.382865	0.617135	3.988503
18264	-1489.337	-1585.519	96.18213	0.8957821	0.530254	0.469746	4.808741
18270	-1490.705	-1587.061	96.35591	0.7220101	0.403492	0.596508	4.808741
18276	-1492.78	-1590.737	97.95698	0.915064	0.474993	0.525007	3.793044
18282	-1489.316	-1585.628	96.3125	0.5381656	0.544244	0.455756	4.935362
18288	-1486.165	-1582.474	96.30904	0.7554836	0.562559	0.437441	4.816211
18294	-1482.258	-1578.844	96.58565	0.7023724	0.562559	0.437441	4.69133
18300	-1487.145	-1583.783	96.63772	0.6701884	0.397071	0.602929	4.680196
18306	-1498.561	-1595.384	96.82324	0.6599245	0.457929	0.542071	4.581961
18312	-1495.017	-1594.111	99.09376	1.12765	0.42729	0.57271	3.001301
18318	-1491.94	-1588.905	96.96512	0.800985	0.565373	0.434627	4.422819
18324	-1482.808	-1579.806	96.99814	0.8675986	0.61682	0.38318	4.366606
18330	-1485.407	-1583.51	98.10319	0.6779684	0.498121	0.501879	3.845332
18336	-1494.321	-1590.107	95.78567	0.5440555	0.445902	0.554098	5.224275
18342	-1483.04	-1579.887	96.84704	0.4178467	0.485472	0.514528	4.704276
18348	-1478.016	-1574.082	96.06598	0.6422735	0.450839	0.549161	5.014523
18354	-1483.045	-1580.695	97.65027	0.6422735	0.338128	0.661872	4.124707
18360	-1479.802	-1577.397	97.59489	0.7749244	0.319962	0.680038	4.080709
18366	-1475.205	-1572.844	97.63913	1.044127	0.478182	0.521818	3.90154
18372	-1473.852	-1570.149	96.29717	0.8726752	0.605665	0.394335	4.75741
18378	-1477.971	-1575.195	97.22453	0.6612716	0.367151	0.632849	4.355273
18384	-1475.638	-1570.736	95.09744	0.6989781	0.494354	0.505646	5.518309
18390	-1472.94	-1569.088	96.14783	0.5112027	0.554034	0.445966	5.04185
18396	-1478.698	-1576.26	97.56175	0.9546257	0.516892	0.483108	3.997074
18402	-1479.367	-1576.518	97.15173	0.7808122	0.495848	0.504152	4.328862
18408	-1482.211	-1576.685	94.47444	0.5363885	0.583455	0.416545	5.948652
18414	-1480.384	-1575.784	95.39941	0.3050439	0.414216	0.585784	5.568847
18420	-1481.288	-1577.706	96.41765	0.5286974	0.381448	0.618552	4.882097
18426	-1478.799	-1576.34	97.54035	0.8855936	0.408717	0.591283	4.048711
18432	-1473.739	-1572.626	98.88683	0.8855936	0.472007	0.527993	3.268422
18438	-1471.275	-1570.162	98.88683	0.8855936	0.494185	0.505815	3.268422
18444	-1470.886	-1569.236	98.35035	0.9041955	0.388393	0.611607	3.571735
18450	-1475.597	-1572.633	97.03672	0.7929322	0.6135	0.3865	4.386976
18456	-1486.333	-1583.203	96.87007	0.9595824	0.358604	0.641396	4.386976
18462	-1479.593	-1576.661	97.06797	0.7965727	0.567069	0.432931	4.367278
18468	-1489.856	-1586.96	97.10473	0.7711349	0.369772	0.630228	4.360885
18474	-1483.925	-1579.304	95.37887	0.57006	0.407564	0.592436	5.43439
18480	-1489.223	-1585.547	96.32427	0.6577175	0.534261	0.465739	4.862238
18486	-1491.923	-1588.295	96.37253	0.7256206	0.458165	0.541835	4.79745
18492	-1486.505	-1583.289	96.7837	0.7445772	0.588747	0.411253	4.556637
18498	-1477.195	-1572.896	95.70097	0.5405576	0.535304	0.464696	5.273018
18504	-1481.79	-1578.592	96.80195	0.6153461	0.472108	0.527892	4.618915
18510	-1488.364	-1584.215	95.85051	0.6412103	0.426711	0.573289	5.134625
18516	-1485.673	-1581.728	96.05504	0.5641911	0.68919	0.31081	5.063939
18522	-1480.094	-1576.44	96.34558	0.5091737	0.563334	0.436666	4.933089
18528	-1481.457	-1578.132	96.67426	0.8057408	0.572	0.428	4.58374
18534	-1492.051	-1588.551	96.50009	0.7796378	0.624209	0.375791	4.695971
18540	-1486.856	-1583.33	96.47311	0.7050448	0.449468	0.550532	4.752767
18546	-1481.204	-1577.856	96.65234	0.6327685	0.54094	0.45906	4.692957
18552	-1487.322	-1584.902	97.58081	0.865009	0.490053	0.509947	4.03737
18558	-1481.489	-1578.198	96.70883	0.5583949	0.421229	0.578771	4.702965
18564	-1483.471	-1578.185	94.71434	0.5859085	0.420352	0.579648	5.790465
18570	-1474.808	-1569.81	95.00267	0.5250281	0.46375	0.53625	5.665865
18576	-1475.976	-1572.618	96.64195	0.6203152	0.501815	0.498185	4.705743
18582	-1477.659	-1575.432	97.77233	0.666367	0.389772	0.610228	4.041432
18588	-1491.405	-1588.654	97.24886	0.6475121	0.554496	0.445504	4.349306
18594	-1484.074	-1578.759	94.68498	0.6804661	0.45274	0.54726	5.754776
18600	-1481.294	-1577.962	96.66877	0.5770153	0.437554	0.562446	4.714958
18606	-1482.809	-1579.843	97.03424	0.7819357	0.437554	0.562446	4.394582
18612	-1480.914	-1578.799	97.88524	0.9709836	0.508297	0.491703	3.802156
18618	-1480.507	-1577.753	97.2456	0.8651662	0.508297	0.491703	4.227957
18624	-1487.822	-1585.67	97.848	0.8618723	0.508297	0.491703	3.886272
18630	-1480.59	-1577.589	96.99913	0.6799502	0.380761	0.619239	4.471841
18636	-1486.795	-1582.682	95.88734	0.3716918	0.359511	0.640489	5.263352
18642	-1488.238	-1583.917	95.67875	0.6816563	0.539742	0.460258	5.207312
18648	-1485.366	-1581.036	95.67031	0.7195357	0.539742	0.460258	5.191023
18654	-1476.746	-1571.278	94.53201	0.6698952	0.37322	0.62678	5.844257
18660	-1485.643	-1580.874	95.23104	0.4370797	0.528334	0.471666	5.588806
18666	-1499.36	-1595.969	96.60903	0.7102151	0.525943	0.474057	4.673851
18672	-1490.896	-1587.091	96.19561	0.7996923	0.446087	0.553913	4.854817
18678	-1483.819	-1579.695	95.87558	0.7369971	0.441322	0.558678	5.067629
18684	-1490.319	-1587.84	97.52035	0.8004862	0.430098	0.569902	4.108604
18690	-1490.894	-1587.843	96.94876	0.6108207	0.463045	0.536955	4.539048
18696	-1498.618	-1595.876	97.25789	0.6532074	0.532385	0.467615	4.340986
18702	-1493.781	-1591.952	98.17073	0.6289856	0.368226	0.631774	3.834663
18708	-1494.713	-1592.502	97.78883	0.5765466	0.38412	0.61588	4.08324
18714	-1490.611	-1588.878	98.26665	0.8144189	0.423098	0.576902	3.672368
18720	-1487.77	-1586.144	98.37437	0.8144189	0.526307	0.473693	3.609933
18726	-1486.477	-1583.2	96.723	0.5648781	0.560868	0.439132	4.691411
18732	-1495.443	-1591.616	96.17219	0.7510507	0.414268	0.585732	4.894967
18738	-1491.227	-1586.793	95.5653	0.6358115	0.467927	0.532073	5.29534
18744	-1484.601	-1580.233	95.63199	0.6401378	0.467927	0.532073	5.256114
18750	-1494.41	-1590.906	96.49589	0.6090936	0.46913	0.53087	4.793632
18756	-1494.588	-1588.936	94.34801	0.7501313	0.46913	0.53087	5.900969
18762	-1491.771	-1589.236	97.46544	0.8620543	0.493579	0.506421	4.104812
18768	-1493.47	-1590.975	97.50529	0.6695343	0.450569	0.549431	4.19161
18774	-1486.331	-1582.698	96.3665	0.6046152	0.508314	0.491686	4.868296
18780	-1498.997	-1596.196	97.19972	0.5878561	0.451022	0.548978	4.410713
18786	-1490.734	-1586.935	96.2003	0.6062942	0.593395	0.406605	4.959878
18792	-1490.109	-1583.684	93.57489	0.6365687	0.349975	0.650025	6.383622
18798	-1478.966	-1574.441	95.47575	0.5570387	0.483869	0.516131	5.388195
18804	-1487.44	-1583.689	96.24875	0.5960325	0.493808	0.506192	4.938638
18810	-1498.708	-1593.062	94.35452	0.3815777	0.421915	0.578085	6.098449
18816	-1489.423	-1586.285	96.86148	0.7703022	0.436624	0.563376	4.49846
18822	-1499.317	-1596.464	97.14688	0.7237866	0.47959	0.52041	4.363822
18828	-1485.951	-1583.249	97.29736	0.7400192	0.459848	0.540152	4.269546
18834	-1487.605	-1585.272	97.66703	0.7382481	0.692933	0.307067	4.060496
18840	-1482.742	-1578.929	96.18694	0.5910299	0.444971	0.555029	4.97579
18846	-1483.698	-1578.079	94.38121	0.6388705	0.444971	0.555029	5.943599
18852	-1483.96	-1580.063	96.10387	0.5973151	0.354225	0.645775	5.018452
18858	-1487.429	-1583.177	95.74844	0.5407788	0.497243	0.502757	5.246668
18864	-1482.635	-1579.536	96.90138	0.6867859	0.529368	0.470632	4.522986
18870	-1479.24	-1575.474	96.23395	0.5175824	0.515621	0.484379	4.990481
18876	-1495.147	-1593.979	98.83265	0.5999635	0.40217	0.59783	3.467958
18882	-1480.201	-1575.478	95.27652	0.5321341	0.442857	0.557143	5.511581
18888	-1475.31	-1570.533	95.22285	0.4397549	0.513038	0.486962	5.591832
18894	-1474.831	-1569.339	94.50824	0.4397549	0.513038	0.486962	5.982939
18900	-1476.578	-1573.47	96.89186	0.5901918	0.551549	0.448451	4.58259
18906	-1479.744	-1576.21	96.46597	0.5258637	0.499268	0.500732	4.856752
18912	-1484.409	-1582.329	97.91966	0.757079	0.499268	0.500732	3.905276
18918	-1483.611	-1579.26	95.64844	0.6320386	0.430467	0.569533	5.251499
18924	-1477.24	-1573.48	96.23978	0.536085	0.560851	0.439149	4.976956
18930	-1476.763	-1573.058	96.29436	0.4931489	0.589979	0.410021	4.970488
18936	-1479.764	-1577.357	97.59312	0.7081018	0.476833	0.523167	4.119767
18942	-1490.004	-1587.619	97.61589	0.6853318	0.485888	0.514112	4.119767
18948	-1492.384	-1588.161	95.77654	0.5757231	0.593176	0.406824	5.211815
18954	-1484.816	-1580.379	95.56373	0.6383778	0.384288	0.615712	5.29479
18960	-1486.115	-1583.89	97.77489	0.6417287	0.509998	0.490002	4.054029
18966	-1477.888	-1573.088	95.20032	0.583485	0.545458	0.454542	5.525245
18972	-1476.99	-1571.979	94.98866	0.5680446	0.428367	0.571633	5.649955
18978	-1476.454	-1571.417	94.96233	0.5943691	0.450891	0.549109	5.649955
18984	-1480.931	-1574.281	93.35047	0.8226575	0.503371	0.496629	6.404411
18990	-1476.135	-1570.722	94.58649	0.604038	0.447551	0.552449	5.850482
18996	-1488.227	-1581.884	93.65703	0.4571223	0.439066	0.560934	6.436388
19002	-1489.254	-1586.158	96.90356	0.7862347	0.437352	0.562648	4.46581
19008	-1487.651	-1584.98	97.32868	0.9332223	0.416454	0.583546	4.142136
19014	-1485.26	-1581.016	95.75607	0.7677624	0.459745	0.540255	5.116834
19020	-1489.273	-1584.592	95.31919	0.6016959	0.408942	0.591058	5.449834
19026	-1488.427	-1586.406	97.97899	0.8952974	0.569587	0.430413	3.791753
19032	-1490.408	-1587.788	97.38025	0.6195526	0.549021	0.450979	4.290819
19038	-1481.658	-1578.741	97.08224	0.8037272	0.609893	0.390107	4.355182
19044	-1476.65	-1573.002	96.35112	0.4333485	0.42554	0.57446	4.972174
19050	-1479.06	-1574.083	95.02307	0.6992373	0.415246	0.584754	5.559043
19056	-1476.172	-1572.13	95.95748	0.484433	0.457593	0.542407	5.162205
19062	-1501.72	-1597.532	95.81232	0.7342073	0.474448	0.525552	5.104253
19068	-1491.446	-1588.666	97.22032	0.86925	0.503814	0.496186	4.239977
19074	-1494.672	-1592.71	98.03803	0.6709924	0.447448	0.552552	3.88676
19080	-1491.775	-1588.868	97.0928	0.7115026	0.374435	0.625565	4.401279
19086	-1489.669	-1586.304	96.6351	0.7527725	0.506957	0.493043	4.635407
19092	-1504.745	-1600.551	95.80598	0.7167427	0.370565	0.629435	5.117447
19098	-1487.53	-1585.048	97.51764	0.8030782	0.370565	0.629435	4.108675
19104	-1489.874	-1587.329	97.45466	0.8660584	0.371801	0.628199	4.108675
19110	-1499.619	-1594.926	95.30601	0.4309712	0.507286	0.492714	5.550977
19116	-1490.629	-1586.457	95.82819	0.3982877	0.372626	0.627374	5.281332
19122	-1497.831	-1593.165	95.33397	0.2308438	0.492056	0.507944	5.645507
19128	-1493.102	-1589.183	96.08093	0.2090498	0.491682	0.508318	5.246247
19134	-1496.187	-1592.038	95.85049	0.7037459	0.514188	0.485812	5.099984
19140	-1485.558	-1580.759	95.20159	0.5543537	0.4744	0.5256	5.540557
19146	-1489.485	-1585.1	95.61423	0.4229668	0.359914	0.640086	5.385762
19152	-1489.825	-1587.267	97.44243	0.765278	0.599837	0.400163	4.17294
19158	-1491.164	-1589.299	98.13482	0.9224879	0.42075	0.57925	3.686116
19164	-1509.471	-1604.974	95.50276	0.7122424	0.360194	0.639806	5.287668
19170	-1493.813	-1590.249	96.43642	0.7156057	0.52795	0.47205	4.767364
19176	-1489.834	-1584.596	94.76219	0.4878068	0.504638	0.495362	5.817958
19182	-1481.423	-1576.117	94.69435	0.431428	0.448112	0.551888	5.885871
19188	-1480.31	-1577.308	96.99761	0.6442899	0.503099	0.496901	4.492768
19194	-1475.595	-1570.891	95.29574	0.4621397	0.448052	0.551948	5.539496
19200	-1481.48	-1577.233	95.75278	0.735769	0.437846	0.562154	5.136383
19206	-1481.251	-1574.446	93.19531	0.4914521	0.437846	0.562154	6.667744
19212	-1480.851	-1577.387	96.53684	0.6936013	0.436701	0.563299	4.723541
19218	-1480.004	-1576.576	96.57167	0.6743312	0.372447	0.627553	4.714841
19224	-1482.368	-1580.288	97.91973	0.8441529	0.524366	0.475634	3.855257
19230	-1482.627	-1578.535	95.90825	0.7707782	0.489756	0.510244	5.030753
19236	-1474.977	-1572.084	97.10742	0.8490968	0.435018	0.564982	4.315309
19242	-1487.637	-1582.853	95.21566	0.6107295	0.354142	0.645858	5.501825
19248	-1487.421	-1581.941	94.51926	0.5788153	0.553357	0.446643	5.901006
19254	-1490.094	-1586.297	96.20257	0.5022372	0.527959	0.472041	5.016438
19260	-1482.598	-1578.284	95.68557	0.6921474	0.493565	0.506435	5.197736
19266	-1486.346	-1580.299	93.95261	0.5076863	0.543436	0.456564	6.248507
19272	-1484.292	-1580.042	95.75025	0.6858341	0.460317	0.539683	5.165434
19278	-1500.742	-1596.02	95.27756	0.6858341	0.384774	0.615226	5.426424
19284	-1489.205	-1586.271	97.06592	0.9963721	0.566959	0.433041	4.255434
19290	-1487.534	-1582.913	95.37823	0.7094685	0.401192	0.598808	5.357921
19296	-1490.139	-1586.995	96.85554	0.7973444	0.546574	0.453426	4.486587
19302	-1484.463	-1583.116	98.65361	1.014362	0.557843	0.442157	3.329979
19308	-1486.319	-1582.276	95.95706	0.8383886	0.386518	0.613482	4.966072
19314	-1483.665	-1580.107	96.44135	0.5814207	0.57499	0.42501	4.8395
19320	-1500.601	-1595.798	95.19749	0.5909722	0.604957	0.395043	5.522684
19326	-1494.996	-1591.075	96.07843	0.7429775	0.463738	0.536262	4.951637
19332	-1484.865	-1580.964	96.09925	0.6180665	0.487319	0.512681	5.009492
19338	-1496.697	-1591.381	94.6837	0.529677	0.487319	0.512681	5.837988
19344	-1487.636	-1582.869	95.23297	0.5898739	0.42661	0.57339	5.503777
19350	-1488.986	-1586.513	97.52678	0.6413605	0.587899	0.412101	4.195405
19356	-1479.339	-1576.083	96.74334	0.6362706	0.623588	0.376412	4.640038
19362	-1477.732	-1575.814	98.08166	1.116125	0.537756	0.462244	3.604707
19368	-1486.733	-1580.838	94.10545	0.6274127	0.460243	0.539757	6.100212
19374	-1490.123	-1584.618	94.4947	0.4985803	0.467931	0.532069	5.95823
19380	-1483.518	-1579.332	95.8134	0.5602967	0.381115	0.618885	5.199961
19386	-1488.536	-1582.922	94.38611	0.4914611	0.37857	0.62143	6.021351
19392	-1495.512	-1591.63	96.11799	0.594633	0.37857	0.62143	5.012099
19398	-1487.218	-1582.7	95.48181	0.4279268	0.470383	0.529617	5.455969
19404	-1483.672	-1579.621	95.94969	0.72898	0.487105	0.512895	5.030951
19410	-1489.212	-1584.678	95.46514	0.7536103	0.407569	0.592431	5.285602
19416	-1483.314	-1580.326	97.01164	0.7034036	0.407569	0.592431	4.45159
19422	-1480.513	-1576.757	96.24425	0.6071389	0.545181	0.454819	4.93496
19428	-1490.479	-1586.385	95.90611	0.4417344	0.389041	0.610959	5.21426
19434	-1483.861	-1580.065	96.20305	0.6232799	0.490335	0.509665	4.948899
19440	-1482.191	-1578.788	96.59677	0.6232799	0.426539	0.573461	4.729353
19446	-1482.277	-1577.712	95.43501	0.3729355	0.400377	0.599623	5.511968
19452	-1487.398	-1584.156	96.75724	0.6127711	0.576547	0.423453	4.645419
19458	-1484.293	-1580.944	96.6512	0.5126761	0.472961	0.527039	4.760747
19464	-1491.792	-1589.204	97.41232	0.5844497	0.466199	0.533801	4.292533
19470	-1488.243	-1585.368	97.12492	0.8718533	0.45438	0.54562	4.292533
19476	-1497.75	-1595.664	97.91388	0.8034565	0.615324	0.384676	3.881989
19482	-1492.589	-1587.892	95.30246	0.7933029	0.495802	0.504198	5.353475
19488	-1486.046	-1584.388	98.34232	0.8712141	0.445444	0.554556	3.595567
19494	-1482.028	-1579.348	97.32031	0.7833041	0.413174	0.586826	4.232014
19500	-1492.77	-1586.754	93.98368	0.5142103	0.359528	0.640472	6.228071
19506	-1488.301	-1585.197	96.89586	0.6243901	0.526962	0.473038	4.561142
19512	-1478.392	-1574.007	95.61453	0.4635009	0.375833	0.624167	5.363254
19518	-1477.252	-1572.645	95.39273	0.4191061	0.375833	0.624167	5.509828
19524	-1475.486	-1572.131	96.64585	0.594701	0.555977	0.444023	4.717889
19530	-1478.306	-1575.091	96.78501	0.5841023	0.525971	0.474029	4.645918
19536	-1487.381	-1582.868	95.48741	0.6956159	0.611563	0.388437	5.305326
19542	-1490.514	-1585.463	94.94896	0.6389887	0.547249	0.452751	5.632811
19548	-1495.029	-1590.274	95.24535	0.9013172	0.468097	0.531903	5.325393
19554	-1489.05	-1586.612	97.56247	0.9646726	0.53184	0.46816	3.990923
19560	-1502.612	-1600.501	97.88909	0.9929744	0.432889	0.567111	3.787273
19566	-1489.803	-1588.794	98.99019	0.9929744	0.457042	0.542958	3.14358
19572	-1483.718	-1582.06	98.342	0.9929744	0.457042	0.542958	3.524922
19578	-1485.81	-1584.244	98.43357	0.8226286	0.457042	0.542958	3.570772
19584	-1485.323	-1581.671	96.34817	0.6597131	0.403026	0.596974	4.847801
19590	-1482.429	-1579.182	96.75301	0.8010457	0.396662	0.603338	4.542153
19596	-1473.445	-1569.783	96.33838	0.7626762	0.651061	0.348939	4.795826
19602	-1474.396	-1569.478	95.08159	0.5398005	0.378951	0.621049	5.614461
19608	-1480.215	-1577.087	96.87243	0.6798133	0.420341	0.579659	4.543174
19614	-1484.891	-1582.153	97.26194	0.8111547	0.501406	0.498594	4.24931
19620	-1492.779	-1589.658	96.87977	0.9533904	0.469967	0.530033	4.384997
19626	-1488.048	-1584.699	96.65121	0.7484179	0.462407	0.537593	4.628819
19632	-1483.243	-1579.624	96.38112	0.5055834	0.451216	0.548784	4.915306
19638	-1486.555	-1582.965	96.40994	0.5848832	0.582466	0.417534	4.855085
19644	-1486.755	-1583.258	96.50326	0.5063002	0.545417	0.454583	4.846871
19650	-1476.736	-1574.761	98.0245	0.6691738	0.520946	0.479054	3.895564
19656	-1475.978	-1570.312	94.33322	0.6691738	0.531882	0.468118	5.953253
19662	-1480.808	-1577.464	96.65562	0.5459539	0.401295	0.598705	4.73968
19668	-1492.862	-1588.744	95.88222	0.6220286	0.587684	0.412316	5.127687
19674	-1480.854	-1576.52	95.66605	0.5014219	0.468985	0.531015	5.313911
19680	-1483.166	-1579.417	96.25133	0.4147784	0.503945	0.496055	5.037924
19686	-1484.669	-1581.404	96.73559	0.633937	0.340691	0.659309	4.645688
19692	-1486.017	-1584.75	98.73279	0.9414139	0.49455	0.50545	3.326312
19698	-1490.115	-1588.931	98.81538	0.9414139	0.529619	0.470381	3.277649
19704	-1482.502	-1580.447	97.94533	0.7847979	0.473139	0.526861	3.874644
19710	-1482.659	-1580.49	97.83179	0.7337721	0.473139	0.526861	3.968949
19716	-1475.341	-1572.945	97.60357	0.8989908	0.473139	0.526861	4.004968
19722	-1476.483	-1573.321	96.83777	0.5771081	0.428037	0.571963	4.62027
19728	-1489.614	-1585.536	95.92188	0.5584397	0.618012	0.381988	5.140942
19734	-1490.77	-1586.103	95.33335	0.5881406	0.337585	0.662415	5.449501
19740	-1493.251	-1587.219	93.96793	0.5885546	0.356363	0.643637	6.196206
19746	-1487.35	-1584.2	96.85002	0.7398029	0.528976	0.471024	4.522053
19752	-1478.962	-1573.444	94.48177	0.5023931	0.493181	0.506819	5.963206
19758	-1474.263	-1571.149	96.88599	0.7668472	0.537397	0.462603	4.486611
19764	-1479.031	-1575.873	96.84193	0.5890459	0.36423	0.63577	4.611244
19770	-1474.175	-1570.326	96.15113	0.6697341	0.520064	0.479936	4.951939
19776	-1484.749	-1581.158	96.4087	0.6239742	0.441805	0.558195	4.833979
19782	-1493.146	-1590.336	97.19063	0.7483742	0.474035	0.525965	4.325213
19788	-1481.727	-1579.717	97.99038	0.5843125	0.473458	0.526542	3.963729
19794	-1472.876	-1569.865	96.9886	0.6632572	0.417604	0.582396	4.487166
19800	-1479.096	-1576.093	96.99665	0.7836401	0.532108	0.467892	4.414821
19806	-1481.081	-1577.28	96.19872	0.7074895	0.532108	0.467892	4.90445
19812	-1481.39	-1576.177	94.78786	0.5915155	0.589156	0.410844	5.747145
19818	-1477.673	-1572.627	94.95353	0.6606141	0.449679	0.550321	5.618434
19824	-1471.377	-1566.354	94.97673	0.6132602	0.427736	0.572264	5.63169
19830	-1478.464	-1573.314	94.85055	0.5481947	0.536302	0.463698	5.736537
19836	-1475.009	-1570.233	95.22376	0.5832028	0.524819	0.475181	5.512509
19842	-1476.444	-1571.963	95.5194	0.4793527	0.617314	0.382686	5.406947
19848	-1473.307	-1568.883	95.57525	0.5065952	0.332856	0.667144	5.361149
19854	-1477.959	-1573.172	95.21305	0.4650142	0.57513	0.42487	5.583343
19860	-1475.044	-1570.635	95.5913	0.5434385	0.514703	0.485297	5.331973
19866	-1478.88	-1574.961	96.08065	0.6470901	0.529894	0.470106	5.0037
19872	-1485.326	-1580.196	94.87047	0.2899588	0.636669	0.363331	5.866932
19878	-1482.294	-1578.987	96.6928	0.6285327	0.470307	0.529693	4.672685
19884	-1483.135	-1579.671	96.53611	0.7852177	0.384236	0.615764	4.672685
19890	-1479.176	-1574.883	95.70734	0.6332528	0.389261	0.610739	5.218266
19896	-1481.084	-1576.63	95.54565	0.7949509	0.509733	0.490267	5.218266
19902	-1484.998	-1581.53	96.5315	0.5143724	0.412794	0.587206	4.826618
19908	-1495.886	-1592.755	96.86921	0.9229885	0.382611	0.617389	4.408103
19914	-1495.072	-1590.792	95.72024	0.5566193	0.494508	0.505492	5.253499
19920	-1490.528	-1586.406	95.87816	0.5926796	0.494508	0.505492	5.146189
19926	-1502.999	-1599.267	96.2683	0.6877484	0.508972	0.491028	4.876691
19932	-1491.166	-1587.553	96.38696	0.6683213	0.508972	0.491028	4.821371
19938	-1496.334	-1591.338	95.00381	0.7439056	0.323051	0.676949	5.545079
19944	-1476.877	-1573.411	96.53441	0.5120095	0.443909	0.556091	4.826314
19950	-1482.425	-1578.74	96.31553	0.5623696	0.366786	0.633214	4.920206
19956	-1488.574	-1583.434	94.85999	0.4605308	0.382967	0.617033	5.779371
19962	-1481.132	-1576.93	95.79814	0.6992626	0.482113	0.517887	5.131475
19968	-1476.056	-1570.661	94.60434	0.2973037	0.531615	0.468385	6.008224
19974	-1481.627	-1576.029	94.40181	0.4998322	0.456415	0.543585	6.008224
19980	-1482.568	-1581.682	99.1137	1.034332	0.408733	0.591267	3.045257
19986	-1481.04	-1580.497	99.45704	1.118017	0.420506	0.579494	2.787529
19992	-1492.995	-1591.823	98.82861	0.9590887	0.490603	0.509397	3.259406
19998	-1493.242	-1591.579	98.33701	0.6694003	0.415114	0.584886	3.715538
20004	-1488.059	-1585.002	96.94241	0.6950424	0.534349	0.465651	4.49527
20010	-1488.701	-1583.99	95.28925	0.6435257	0.433113	0.566887	5.443287
20016	-1483.001	-1579.519	96.51859	0.5382952	0.531893	0.468107	4.820478
20022	-1482.883	-1577.995	95.11164	0.639642	0.520949	0.479051	5.543117
20028	-1483.277	-1579.71	96.43288	0.7261016	0.520949	0.479051	4.763482
20034	-1491.578	-1586.52	94.94165	0.3691864	0.515094	0.484906	5.784671
20040	-1486.814	-1582.298	95.48366	0.3278657	0.513072	0.486928	5.510003
20046	-1483.569	-1578.845	95.27534	0.4511897	0.513072	0.486928	5.556722
20052	-1489.986	-1585.522	95.53663	0.6457131	0.594587	0.405413	5.3057
20058	-1499.73	-1594.657	94.9273	0.4705279	0.53852	0.46148	5.737038
20064	-1502.585	-1598.714	96.12961	0.5329833	0.412456	0.587544	5.039877
20070	-1495.09	-1591.239	96.14918	0.5617013	0.380591	0.619409	5.013065
20076	-1495.999	-1592.443	96.44434	0.7941262	0.410861	0.589139	4.719055
20082	-1486.384	-1581.741	95.35774	0.6070898	0.475879	0.524121	5.425636
20088	-1492.664	-1588.363	95.69959	0.6373762	0.450615	0.549385	5.220271
20094	-1483.659	-1580.859	97.19972	0.7973143	0.360663	0.639337	4.292383
20100	-1488.528	-1584.819	96.29057	0.7342691	0.335306	0.664694	4.838346
20106	-1489.174	-1584.78	95.60598	0.5869713	0.30167	0.69833	5.299847
20112	-1490.645	-1586.49	95.84472	0.5163186	0.618497	0.381503	5.206959
20118	-1489.021	-1585.083	96.06196	0.6484157	0.439426	0.560574	5.013348
20124	-1480.743	-1577.356	96.61283	0.7562594	0.484873	0.515127	4.645935
20130	-1483.269	-1580.672	97.40302	0.7854143	0.38341	0.61659	4.183886
20136	-1485.985	-1583.731	97.74565	0.9062189	0.406465	0.593535	3.919535
20142	-1482.818	-1580.346	97.5288	0.9062189	0.404335	0.595665	4.043531
20148	-1490.783	-1587.92	97.1372	0.9191111	0.367732	0.632268	4.258822
20154	-1483.845	-1577.604	93.75971	0.4636044	0.478303	0.521697	6.377188
20160	-1487.295	-1583.078	95.78315	0.6895674	0.490997	0.509003	5.145148
20166	-1483.852	-1580.689	96.8377	0.6554688	0.348811	0.651189	4.57635
20172	-1490.423	-1587.107	96.68355	0.7528007	0.379661	0.620339	4.608228
20178	-1497.201	-1593.096	95.89478	0.8736672	0.504353	0.495647	4.98108
20184	-1494.011	-1590.53	96.51829	0.8529246	0.498195	0.501805	4.644743
20190	-1488.54	-1586.402	97.86193	0.7869771	0.538359	0.461641	3.921233
20196	-1487.881	-1586.717	98.83541	0.7869771	0.416866	0.583134	3.35678
20202	-1480.281	-1576.732	96.45084	0.6632136	0.566508	0.433492	4.788573
20208	-1479.637	-1575.725	96.08809	0.697233	0.451644	0.548356	4.9717
20214	-1479.679	-1575.734	96.05426	0.7120896	0.447339	0.552661	4.982249
20220	-1487.371	-1583.298	95.92631	0.6784394	0.517444	0.482556	5.071971
20226	-1481.842	-1577.886	96.04349	0.6930697	0.453693	0.546307	4.998799
20232	-1484.094	-1580.51	96.41592	0.5614842	0.5739	0.4261	4.864791
20238	-1490.043	-1585.834	95.79046	0.6496363	0.439625	0.560375	5.163213
20244	-1480.306	-1577.791	97.48519	0.8705772	0.469412	0.530588	4.088711
20250	-1478.104	-1575.607	97.50281	0.7405001	0.328322	0.671678	4.152705
20256	-1480.474	-1578.144	97.6699	0.8908632	0.502944	0.497056	3.971699
20262	-1480.406	-1576.557	96.15108	0.7766618	0.493512	0.506488	4.89246
20268	-1478.464	-1575.686	97.22128	0.7865582	0.45658	0.54342	4.286269
20274	-1478.927	-1574.926	95.99927	0.7908451	0.422678	0.577322	4.969039
20280	-1481.543	-1575.808	94.26508	0.4454967	0.469989	0.530011	6.112351
20286	-1473.983	-1570.399	96.41592	0.706659	0.391948	0.608052	4.783812
20292	-1473.674	-1568.923	95.24947	0.7014736	0.493505	0.506495	5.433282
20298	-1480.416	-1576.799	96.38293	0.7186669	0.493505	0.506495	4.795526
20304	-1478.375	-1574.448	96.07275	0.7186669	0.604951	0.395049	4.968316
20310	-1488.867	-1584.152	95.28451	0.7316747	0.542366	0.457634	5.397345
20316	-1482.099	-1578.163	96.06416	0.5596954	0.518857	0.481143	5.061372
20322	-1481.089	-1577.94	96.85105	0.733229	0.429111	0.570889	4.525172
20328	-1479.45	-1574.804	95.35378	0.7088444	0.429111	0.570889	5.371744
20334	-1477.325	-1572.856	95.53073	0.6399728	0.433151	0.566849	5.312127
20340	-1481.511	-1576.659	95.14809	0.480521	0.617134	0.382866	5.610499
20346	-1485.675	-1581.299	95.62386	0.4391169	0.364597	0.635403	5.371552
20352	-1487.425	-1582.193	94.76736	0.5466279	0.420045	0.579955	5.782943
20358	-1485.913	-1582.049	96.13669	0.6237511	0.531982	0.468018	4.985533
20364	-1481.441	-1576.183	94.74256	0.6699057	0.469405	0.530595	5.729022
20370	-1485.29	-1579.414	94.12365	0.6248661	0.508074	0.491926	6.091685
20376	-1476.079	-1570.02	93.94112	0.7326256	0.42277	0.57723	6.132405
20382	-1468.128	-1565.976	97.84714	0.9322109	0.518761	0.481239	3.84637
20388	-1465.92	-1562.425	96.50493	0.7403454	0.356417	0.643583	4.715244
20394	-1467.048	-1563.913	96.86453	0.8755811	0.435847	0.564153	4.437468
20400	-1472.216	-1568.852	96.63586	0.8048146	0.482875	0.517125	4.605805
20406	-1476.316	-1572.172	95.85582	0.7987427	0.567026	0.432974	5.044334
20412	-1479.609	-1576.275	96.66611	0.8767305	0.501286	0.498714	4.548455
20418	-1482.446	-1578.26	95.81359	0.7032965	0.501286	0.498714	5.120685
20424	-1486.04	-1581.752	95.71156	0.8922001	0.509154	0.490846	5.072521
20430	-1485.859	-1580.168	94.30836	0.5933073	0.570458	0.429542	6.00821
20436	-1487.118	-1582.785	95.66636	0.7601192	0.570458	0.429542	5.170754
20442	-1481.664	-1578.349	96.68514	0.8051332	0.472637	0.527363	4.577975
20448	-1490.932	-1588.346	97.41379	0.5939292	0.45693	0.54307	4.28634
20454	-1487.326	-1583.959	96.63333	0.5532164	0.526562	0.473438	4.748081
20460	-1483.903	-1580.661	96.75808	0.7213517	0.460608	0.539392	4.584059
20466	-1478.328	-1575.521	97.19272	0.4854902	0.460608	0.539392	4.472329
20472	-1480.738	-1577.629	96.89156	0.5776606	0.589549	0.410451	4.58979
20478	-1487.392	-1584.208	96.81625	0.8691872	0.300254	0.699746	4.468266
20484	-1484.2	-1580.482	96.28221	0.7141873	0.327852	0.672148	4.854207
20490	-1479.807	-1575.638	95.83138	0.5889669	0.508259	0.491741	5.174143
20496	-1478.677	-1576.547	97.87017	0.9196768	0.525566	0.474434	3.84034
20502	-1478.238	-1573.996	95.75869	0.6486744	0.502316	0.497684	5.181328
20508	-1482.444	-1578.217	95.77348	0.6338917	0.469106	0.530894	5.181328
20514	-1476.66	-1572.654	95.99411	0.7094929	0.469106	0.530894	5.017106
20520	-1476.274	-1570.959	94.68443	0.4365285	0.531679	0.468321	5.888502
20526	-1476.507	-1571.732	95.22559	0.5353469	0.583707	0.416293	5.537812
20532	-1484.13	-1580.511	96.38129	0.4996401	0.463902	0.536098	4.918518
20538	-1484.054	-1579.607	95.55321	0.5104699	0.399113	0.600887	5.371163
20544	-1478.281	-1575.164	96.88345	0.7359431	0.472968	0.527032	4.505424
20550	-1484.95	-1581.812	96.86196	0.7996763	0.513066	0.486934	4.481662
20556	-1490.769	-1585.571	94.80154	0.6525363	0.531399	0.468601	5.706223
20562	-1492.319	-1587.441	95.1216	0.4730487	0.538559	0.461441	5.629134
20568	-1498.316	-1593.977	95.66097	0.5401921	0.555915	0.444085	5.295313
20574	-1482.353	-1580.144	97.79082	0.8401597	0.474032	0.525968	3.931502
20580	-1489.255	-1586.67	97.41542	0.9338761	0.4459	0.5541	4.092398
20586	-1495.511	-1593.395	97.88397	0.9634068	0.611149	0.388851	3.807245
20592	-1492.456	-1588.574	96.11787	0.5118063	0.520522	0.479478	5.058146
20598	-1497.124	-1594.501	97.37692	0.8685692	0.661175	0.338825	4.151467
20604	-1487.792	-1584.035	96.2426	0.7488731	0.478229	0.521771	4.85695
20610	-1488.403	-1584.924	96.52139	0.6694118	0.478229	0.521771	4.7457
20616	-1488.968	-1584.83	95.86188	0.3942457	0.427811	0.572189	5.264954
20622	-1483.247	-1579.912	96.66403	0.6470357	0.513676	0.486324	4.67843
20628	-1488.518	-1584.249	95.73068	0.5389884	0.459973	0.540027	5.257472
20634	-1485	-1582.181	97.18105	0.5546653	0.459973	0.540027	4.439945
20640	-1492.577	-1587.52	94.94302	0.6223075	0.467299	0.532701	5.64522
20646	-1497.86	-1593.44	95.58058	0.5226439	0.466776	0.533224	5.349359
20652	-1481.29	-1579.86	98.57016	0.7633501	0.530173	0.469827	3.525777
20658	-1475.147	-1571.909	96.76256	0.770025	0.521561	0.478439	4.554215
20664	-1491.64	-1588.797	97.15643	0.9057158	0.537931	0.462069	4.255515
20670	-1482.65	-1579.138	96.48835	0.4549276	0.400758	0.599242	4.883807
20676	-1477.368	-1572.116	94.74792	0.645128	0.558012	0.441988	5.73966
20682	-1475.141	-1570.226	95.08532	0.470598	0.527412	0.472588	5.650387
20688	-1478.183	-1573.858	95.67556	0.4207049	0.449239	0.550761	5.353194
20694	-1479.892	-1574.473	94.58167	0.4782311	0.449239	0.550761	5.921855
20700	-1483.5	-1580.707	97.20649	0.6490397	0.436372	0.563628	4.37237
20706	-1478.563	-1575.473	96.90952	0.6498975	0.448015	0.551985	4.53914
20712	-1484.908	-1580.936	96.02808	0.6518396	0.438842	0.561158	5.030256
20718	-1489.697	-1585.482	95.78572	0.7438911	0.382462	0.617538	5.113633
20724	-1484.951	-1580.847	95.89532	0.651302	0.564803	0.435197	5.104203
20730	-1486.238	-1582.46	96.2222	0.5795895	0.427883	0.572117	4.962545
20736	-1482.156	-1578.523	96.36718	0.7744253	0.530578	0.469422	4.773188
20742	-1488.412	-1585.342	96.93057	0.6303031	0.550569	0.449431	4.538324
20748	-1481.96	-1578.48	96.52024	0.5767315	0.324444	0.675556	4.798104
20754	-1481.133	-1577.485	96.35169	0.41995	0.519797	0.480203	4.979305
20760	-1491.035	-1587.292	96.25647	0.6207465	0.590187	0.409813	4.920589
20766	-1478.815	-1576.356	97.54065	0.7696529	0.466692	0.533308	4.114599
20772	-1478.709	-1575.125	96.41611	0.7325744	0.487041	0.512959	4.76923
20778	-1481.727	-1575.857	94.13016	0.5733345	0.531603	0.468397	6.116207
20784	-1482.18	-1579.146	96.96643	0.7781482	0.578306	0.421694	4.434953
20790	-1487.777	-1583.965	96.18747	0.9077556	0.407287	0.592713	4.799079
20796	-1480.237	-1576.715	96.4778	0.853587	0.419176	0.580824	4.667052
20802	-1485.111	-1583.384	98.27228	0.8657837	0.419176	0.580824	3.639355
20808	-1487.691	-1585.457	97.76561	0.8194563	0.542001	0.457999	3.95779
20814	-1484.392	-1582.036	97.64401	0.7486269	0.563193	0.436807	4.0677
20820	-1487.147	-1581.897	94.75	0.5200238	0.580951	0.419049	5.807
20826	-1478.963	-1573.815	94.85246	0.4175692	0.551563	0.448437	5.807
20832	-1482.193	-1577.505	95.31212	0.5309553	0.425777	0.574223	5.492647
20838	-1494.906	-1591.765	96.8599	0.5958872	0.321208	0.678792	4.597328
20844	-1491.059	-1587.096	96.03665	0.6393428	0.536358	0.463642	5.032438
20850	-1485.216	-1582.251	97.03499	0.5714803	0.448563	0.551437	4.512696
20856	-1484.115	-1582.102	97.98673	0.8056819	0.386086	0.613914	3.838865
20862	-1484.674	-1582.231	97.55703	0.7866429	0.552296	0.447704	4.095602
20868	-1484.899	-1581.182	96.28359	0.7503598	0.426205	0.573795	4.833269
20874	-1480.53	-1578.173	97.64249	0.7765292	0.402212	0.597788	4.05266
20880	-1484.841	-1579.656	94.81459	0.5087327	0.543477	0.456523	5.777834
20886	-1484.305	-1581.174	96.86851	0.6767778	0.408401	0.591599	4.547082
20892	-1490.321	-1587.613	97.29203	0.6651042	0.531277	0.468723	4.314957
20898	-1497.604	-1596.162	98.55832	0.9253735	0.362113	0.637887	3.438093
20904	-1488.445	-1585.979	97.534	0.7951288	0.41852	0.58148	4.103885
20910	-1477.998	-1574.066	96.06753	0.6665916	0.45	0.55	5.000157
20916	-1492.687	-1588.513	95.82523	0.6563501	0.60844	0.39156	5.14024
20922	-1496.591	-1593.884	97.29328	0.8927053	0.383168	0.616832	4.185275
20928	-1497.694	-1595.695	98.00118	0.9305303	0.462642	0.537358	3.758659
20934	-1493.287	-1589.772	96.48555	0.8239598	0.328779	0.671221	4.679302
20940	-1498.309	-1595.243	96.93457	0.6392485	0.413351	0.586649	4.531052
20946	-1486.979	-1582.194	95.21497	0.6219755	0.422252	0.577748	5.49602
20952	-1487.521	-1582.812	95.29129	0.5456582	0.355363	0.644637	5.49602
20958	-1478.971	-1575.547	96.57553	0.6526978	0.455991	0.544009	4.724779
20964	-1482.095	-1577.926	95.83106	0.5287028	0.455991	0.544009	5.207667
20970	-1489.502	-1584.949	95.44656	0.6337272	0.59765	0.40235	5.362006
20976	-1488.538	-1584.946	96.40798	0.6150097	0.590536	0.409464	4.839381
20982	-1489.837	-1586.217	96.3808	0.6535575	0.490601	0.509399	4.833039
20988	-1490.502	-1587.699	97.19709	0.7991176	0.64321	0.35679	4.292852
20994	-1486.053	-1582.495	96.4415	0.6270842	0.423672	0.576328	4.813948
21000	-1481.248	-1576.936	95.68837	0.675601	0.394667	0.605333	5.205338
21006	-1485.604	-1580.97	95.36564	0.7369227	0.548978	0.451022	5.349721
21012	-1485.187	-1580.888	95.70099	0.6372837	0.348947	0.651053	5.219549
21018	-1477.17	-1574.09	96.9207	0.6807632	0.397458	0.602542	4.515508
21024	-1492.301	-1589.802	97.50056	0.9533332	0.550031	0.449969	4.032762
21030	-1486.682	-1581.859	95.17681	0.7476643	0.359926	0.640074	5.447855
21036	-1480.822	-1576.148	95.32562	0.5988563	0.531451	0.468549	5.447855
21042	-1483.804	-1581.259	97.4548	0.8863929	0.443388	0.556612	4.097016
21048	-1488.463	-1585.875	97.41166	0.8004557	0.49146	0.50854	4.170436
21054	-1477.112	-1572.026	94.91418	0.5362176	0.487772	0.512228	5.70824
21060	-1492.067	-1588.12	96.05371	0.5478696	0.49411	0.50589	5.073731
21066	-1479.223	-1574.599	95.37645	0.7818555	0.577618	0.422382	5.318967
21072	-1476.33	-1571.661	95.33185	0.609237	0.48315	0.51685	5.438707
21078	-1486.105	-1583.297	97.19204	0.893577	0.602427	0.397573	4.242218
21084	-1481.775	-1578.701	96.92536	0.8655386	0.38283	0.61717	4.408841
21090	-1482.892	-1580.159	97.26654	0.7069559	0.38283	0.61717	4.305703
21096	-1483.811	-1580.448	96.63695	0.8017966	0.490922	0.509078	4.606887
21102	-1485.142	-1581.07	95.92859	0.7646321	0.474878	0.525122	5.022873
21108	-1483.827	-1580.335	96.50828	0.5161052	0.366504	0.633496	4.838604
21114	-1485.047	-1582.337	97.29002	0.8550464	0.560645	0.439355	4.208505
21120	-1484.997	-1581.807	96.81034	0.6932145	0.480656	0.519344	4.570517
21126	-1480.427	-1576.86	96.43308	0.630954	0.480656	0.519344	4.816487
21132	-1479.104	-1576.492	97.38808	0.7278429	0.468089	0.531911	4.225035
21138	-1487.051	-1583.737	96.68569	0.5734312	0.471855	0.528145	4.707497
21144	-1490.967	-1588.758	97.79077	0.8382928	0.554893	0.445107	3.932601
21150	-1486.654	-1583.779	97.12544	0.7344511	0.521288	0.478712	4.369907
21156	-1481.865	-1579.743	97.87835	0.6076995	0.521288	0.478712	4.014401
21162	-1494.159	-1591.258	97.09919	0.5722273	0.503697	0.496303	4.476157
21168	-1485.419	-1581.039	95.62036	0.5377674	0.462121	0.537879	5.319067
21174	-1503.31	-1600.325	97.0148	0.6864916	0.419948	0.580052	4.459338
21180	-1489.008	-1585.799	96.79111	0.728707	0.459974	0.540026	4.561387
21186	-1490.239	-1586.634	96.39429	0.635641	0.467483	0.532517	4.835511
21192	-1480.874	-1578.3	97.42684	0.7411915	0.484511	0.515489	4.19547
21198	-1473.338	-1570.758	97.42013	0.7479023	0.514608	0.485392	4.19547
21204	-1475.494	-1571.922	96.42777	0.8368379	0.462767	0.537233	4.704431
21210	-1474.123	-1570.986	96.86307	0.6230212	0.368712	0.631288	4.580319
21216	-1482.726	-1579.432	96.70581	0.8314286	0.474999	0.525001	4.551602
21222	-1478.943	-1575.78	96.83765	0.6158341	0.478413	0.521587	4.598618
21228	-1472.051	-1568.822	96.77061	0.6828772	0.478413	0.521587	4.598618
21234	-1468.027	-1564.411	96.38434	0.6575824	0.478413	0.521587	4.828819
21240	-1485.652	-1580.529	94.8771	0.5749609	0.389906	0.610094	5.707327
21246	-1479.165	-1574.651	95.48633	0.6345004	0.44958	0.55042	5.339646
21252	-1477.831	-1574.031	96.19975	0.7924455	0.446924	0.553076	4.856545
21258	-1489.174	-1585.118	95.94353	0.6336589	0.578261	0.421739	5.087259
21264	-1488.806	-1583.152	94.34593	0.4528969	0.581059	0.418941	6.064276
21270	-1486.971	-1581.83	94.85867	0.6936759	0.568447	0.431553	5.652343
21276	-1486.078	-1583.758	97.68008	0.6368221	0.540279	0.459721	4.110847
21282	-1484.488	-1579.728	95.2398	0.5326816	0.476428	0.523572	5.531468
21288	-1479.288	-1574.445	95.15643	0.6063126	0.417856	0.582144	5.53682
21294	-1486.51	-1581.352	94.84153	0.5842584	0.28714	0.71286	5.72172
21300	-1476.282	-1572.006	95.72389	0.542725	0.513303	0.486697	5.259161
21306	-1482.224	-1578.871	96.64672	0.7389677	0.456035	0.543965	4.636634
21312	-1481.062	-1578.303	97.24124	0.7726903	0.467446	0.532554	4.282821
21318	-1477.064	-1573.044	95.98029	0.5660797	0.535853	0.464147	5.104345
21324	-1482.892	-1580.914	98.02184	0.7447695	0.490779	0.509221	3.853695
21330	-1480.324	-1577.933	97.60906	0.7894523	0.540364	0.459636	4.064355
21336	-1477.065	-1573.916	96.85116	0.6478303	0.550657	0.449343	4.57308
21342	-1474.482	-1571.248	96.76559	0.7333949	0.380197	0.619803	4.57308
21348	-1483.437	-1580.453	97.01607	0.7685535	0.530977	0.469023	4.412377
21354	-1483.491	-1580.068	96.57645	0.6260815	0.388702	0.611298	4.739145
21360	-1482.974	-1578.919	95.94434	0.8632711	0.423791	0.576209	4.959311
21366	-1488.671	-1584.687	96.01632	0.7912894	0.452893	0.547107	4.959311
21372	-1488.004	-1584.752	96.74767	0.9719776	0.453104	0.546896	4.448995
21378	-1477.029	-1573.971	96.9413	0.652388	0.465832	0.534168	4.519879
21384	-1475.433	-1572.507	97.07448	0.6580959	0.407176	0.592824	4.441713
21390	-1475.225	-1571.939	96.71349	0.6672861	0.449101	0.550899	4.639382
21396	-1476.525	-1573.398	96.87325	0.9097321	0.449101	0.550899	4.413305
21402	-1472.686	-1568.378	95.69201	0.8175952	0.557284	0.442716	5.124715
21408	-1471.197	-1568.119	96.92158	0.6367918	0.474842	0.525158	4.53973
21414	-1472.245	-1568.433	96.18795	0.8182879	0.461078	0.538922	4.84872
21420	-1477.439	-1573.087	95.64824	0.6496912	0.482703	0.517297	5.241855
21426	-1478.451	-1574.832	96.38142	0.8703007	0.482703	0.517297	4.711638
21432	-1471.419	-1566.864	95.44471	0.6788349	0.482703	0.517297	5.33815
21438	-1480.664	-1576.355	95.69118	0.6222037	0.356052	0.643948	5.233314
21444	-1483.009	-1579.827	96.81888	0.7062227	0.299077	0.700923	4.558416
21450	-1469.764	-1565.825	96.06081	0.5062664	0.404112	0.595888	5.092865
21456	-1469.15	-1564.094	94.94426	0.5650456	0.472718	0.527282	5.675946
21462	-1470.602	-1566.946	96.34338	0.3880722	0.478517	0.521483	5.001637
21468	-1485.081	-1582.684	97.60353	0.6660552	0.497918	0.502082	4.137769
21474	-1477.537	-1574.189	96.65232	0.8563676	0.485062	0.514938	4.567637
21480	-1484.732	-1582.491	97.75898	0.7670735	0.523652	0.476348	3.991545
21486	-1480.081	-1577.567	97.48637	0.7670735	0.512002	0.487998	4.146949
21492	-1475.107	-1571.72	96.61331	0.7670735	0.529963	0.470037	4.639606
21498	-1479.316	-1574.596	95.2799	0.7797951	0.630936	0.369064	5.373361
21504	-1480.453	-1574.901	94.44861	0.6302415	0.464651	0.535349	5.911504
21510	-1474.506	-1572.025	97.51915	0.874051	0.482556	0.517444	4.067381
21516	-1500.348	-1597.524	97.17677	0.6055097	0.542263	0.457737	4.4137
21522	-1480.187	-1577.384	97.1972	0.7194233	0.599859	0.400141	4.337861
21528	-1487.049	-1583.038	95.98846	0.6725711	0.24719	0.75281	5.040742
21534	-1484.505	-1579.97	95.46514	0.3328875	0.579123	0.420877	5.517423
21540	-1487.315	-1582.657	95.34136	0.3665058	0.582246	0.417754	5.566973
21546	-1490.77	-1585.771	95.00114	0.7740192	0.447458	0.552542	5.529995
21552	-1474.772	-1569.867	95.09464	0.4948116	0.484089	0.515911	5.631988
21558	-1482.374	-1577.463	95.08845	0.4518397	0.484047	0.515953	5.658956
21564	-1487.902	-1581.823	93.92153	0.381187	0.452135	0.547865	6.334098
21570	-1480.069	-1576.079	96.0099	0.5074373	0.450371	0.549629	5.120431
21576	-1477.409	-1573.335	95.92658	0.5907631	0.529325	0.470675	5.120431
21582	-1475.575	-1571.609	96.03469	0.7995704	0.491456	0.508544	4.944489
21588	-1474.686	-1570.274	95.58832	0.5482178	0.477386	0.522614	5.330979
21594	-1473.939	-1571.222	97.28307	0.755275	0.484339	0.515661	4.269
21600	-1476.739	-1572.999	96.26006	0.6141289	0.297124	0.702876	4.922271
21606	-1476.721	-1572.545	95.82474	0.6695702	0.4262	0.5738	5.133192
21612	-1474.508	-1569.854	95.34599	0.4731138	0.486093	0.513907	5.505835
21618	-1476.675	-1571.596	94.92106	0.5377527	0.639195	0.360805	5.703628
21624	-1475.872	-1572.422	96.55	0.7532118	0.452421	0.547579	4.682824
21630	-1475.738	-1570.176	94.4386	0.6577448	0.452421	0.547579	5.901953
21636	-1482.754	-1578.095	95.34007	0.71178	0.404874	0.595126	5.377685
21642	-1476.595	-1571.697	95.1027	0.7060136	0.500614	0.499386	5.51155
21648	-1478.199	-1572.62	94.42103	0.8755965	0.396563	0.603437	5.792443
21654	-1478.713	-1574.814	96.10178	0.5307483	0.512684	0.487316	5.056562
21660	-1474.151	-1572.313	98.16204	0.965712	0.512684	0.487316	3.645327
21666	-1484.517	-1582.668	98.15055	0.9651217	0.522972	0.477028	3.652326
21672	-1483.152	-1579.687	96.53494	0.7058718	0.522972	0.477028	4.717743
21678	-1479.078	-1575.549	96.47179	0.7027431	0.557535	0.442465	4.754792
21684	-1476.896	-1573.885	96.98897	0.7866981	0.484544	0.515456	4.417427
21690	-1483.68	-1579.269	95.58873	0.650259	0.491502	0.508498	5.274421
21696	-1482.283	-1578.709	96.42637	0.6500425	0.491502	0.508498	4.809582
21702	-1478.295	-1574.31	96.01477	0.5553549	0.391777	0.608223	5.091175
21708	-1468.479	-1564.633	96.15409	0.7048572	0.479744	0.520256	4.930752
21714	-1471.135	-1566.512	95.37678	0.6958533	0.450667	0.549333	5.366227
21720	-1474.161	-1571.725	97.56316	0.8826945	0.467877	0.532123	4.037346
21726	-1473.325	-1569.936	96.61056	0.708312	0.482521	0.517479	4.674058
21732	-1473.263	-1567.825	94.56217	0.5975341	0.499394	0.500606	5.86733
21738	-1478.669	-1573.992	95.32286	0.5975341	0.454908	0.545092	5.4501
21744	-1484.016	-1581.077	97.06087	0.7745654	0.469014	0.530986	4.383711
21750	-1496.524	-1593.637	97.11294	0.716583	0.515638	0.484362	4.387047
21756	-1476.377	-1573.529	97.15212	0.5958776	0.515638	0.484362	4.433023
21762	-1479.897	-1577.026	97.12919	0.814788	0.501603	0.498397	4.322397
21768	-1474.996	-1571.6	96.60453	0.693164	0.446275	0.553725	4.685917
21774	-1470.848	-1567.125	96.27643	0.57179	0.399123	0.600877	4.936724
21780	-1473.231	-1569.6	96.36971	0.4964728	0.466091	0.533909	4.926727
21786	-1478.762	-1574.639	95.87648	0.850669	0.466091	0.533909	5.00403
21792	-1469.704	-1567.239	97.53527	0.8789825	0.473989	0.526011	4.055378
21798	-1472.128	-1567.319	95.19141	0.6126404	0.441389	0.558611	5.514113
21804	-1476.747	-1573.064	96.31685	0.6556523	0.442057	0.557943	4.867524
21810	-1471.655	-1567.055	95.39943	0.6271516	0.568937	0.431063	5.391613
21816	-1476.891	-1572.215	95.32387	0.7027153	0.34281	0.65719	5.391613
21822	-1476.179	-1573.424	97.24473	0.8602545	0.501325	0.498675	4.231235
21828	-1474.815	-1570.886	96.07071	0.7789904	0.506416	0.493584	4.935901
21834	-1473.313	-1568.217	94.90456	0.3692449	0.400938	0.599062	5.804932
21840	-1477.427	-1572.163	94.73591	0.537896	0.52614	0.47386	5.804932
21846	-1480.1	-1577.293	97.19395	0.7031894	0.515681	0.484319	4.348868
21852	-1485.393	-1579.506	94.11382	0.6030971	0.519019	0.480981	6.108896
21858	-1485.111	-1581.259	96.14797	0.6127065	0.59935	0.40065	4.985401
21864	-1478.429	-1574.798	96.36929	0.6287219	0.59935	0.40065	4.853306
21870	-1488.481	-1585.199	96.71756	0.7195424	0.39219	0.60781	4.607805
21876	-1485.567	-1581.458	95.89017	0.5895912	0.439633	0.560367	5.141247
21882	-1484.804	-1580.295	95.49117	0.4415633	0.520568	0.479432	5.443306
21888	-1489.736	-1583.599	93.86238	0.3584259	0.490658	0.509342	6.378548
21894	-1491.664	-1586.467	94.80302	0.3441025	0.429259	0.570741	5.874204
21900	-1494.636	-1593.386	98.74976	1.26325	0.359735	0.640265	3.125824
21906	-1493.472	-1591.683	98.21078	1.128678	0.510852	0.489148	3.522311
21912	-1483.467	-1581.083	97.61572	0.9725078	0.382207	0.617793	3.955984
21918	-1490.802	-1589.327	98.52468	0.6152448	0.577289	0.422711	3.638274
21924	-1494.516	-1590.901	96.38515	0.6202731	0.302406	0.697594	4.849172
21930	-1482.195	-1578.058	95.86359	0.7936517	0.412352	0.587648	5.042844
21936	-1491.983	-1588.754	96.77124	0.7597788	0.563838	0.436162	4.555095
21942	-1485.301	-1581.98	96.67884	0.595937	0.517625	0.482375	4.698738
21948	-1486.242	-1583.504	97.26211	0.6117538	0.579546	0.420454	4.362019
21954	-1481.167	-1578.249	97.08256	0.6645076	0.450025	0.549975	4.43355
21960	-1490.172	-1585.495	95.32381	0.7034002	0.386665	0.613335	5.39127
21966	-1485.624	-1582.585	96.96112	0.722815	0.495933	0.504067	4.469111
21972	-1489.202	-1586.062	96.85932	0.8534525	0.490988	0.509012	4.452868
21978	-1496.776	-1594.253	97.47678	0.945941	0.360892	0.639108	4.050548
21984	-1482.058	-1577.75	95.69243	0.7053676	0.494609	0.505391	5.186624
21990	-1491.119	-1586.896	95.77765	0.6201492	0.557185	0.442815	5.186624
21996	-1487.518	-1584.141	96.62233	0.8619486	0.484916	0.515084	4.581337
22002	-1494.107	-1590.67	96.56325	0.666272	0.294054	0.705946	4.724057
22008	-1483.524	-1579.08	95.55532	0.5588272	0.351587	0.648413	5.343332
22014	-1481.462	-1577.023	95.5607	0.640045	0.410469	0.589531	5.295541
22020	-1481.642	-1579.859	98.21745	0.7053774	0.429688	0.570312	3.763782
22026	-1477.053	-1574.732	97.6792	0.9083235	0.47821	0.52179	3.956386
22032	-1474.229	-1570.175	95.94515	0.4246283	0.43306	0.56694	5.202126
22038	-1480.225	-1575.744	95.51878	0.6719103	0.492913	0.507087	5.301091
22044	-1476.94	-1574.079	97.13906	0.7388655	0.435167	0.564833	4.359726
22050	-1481.509	-1575.422	93.91253	0.5182367	0.420467	0.579533	6.264552
22056	-1483.008	-1577.116	94.10773	0.323042	0.420467	0.579533	6.264552
22062	-1500.688	-1594.863	94.17505	0.25572	0.377489	0.622511	6.264552
22068	-1503.781	-1599.728	95.94675	0.5895326	0.272528	0.727472	5.109936
22074	-1481.381	-1578.184	96.80241	0.7465888	0.478794	0.521206	4.544995
22080	-1495.345	-1591.03	95.68514	0.3204176	0.409469	0.590531	5.403196
22086	-1485.36	-1579.912	94.55172	0.4484523	0.569319	0.430681	5.954465
22092	-1490.269	-1585.29	95.02097	0.6493601	0.402337	0.597663	5.587593
22098	-1492.815	-1588.779	95.96339	0.6491515	0.454968	0.545032	5.06765
22104	-1486.041	-1582.141	96.10004	0.6350248	0.375956	0.624044	4.99963
22110	-1474.97	-1571.125	96.15466	0.8150972	0.568914	0.431086	4.869053
22116	-1485.279	-1578.946	93.66688	0.5372312	0.550478	0.449522	6.387604
22122	-1486.463	-1580.208	93.74555	0.3658466	0.466021	0.533979	6.437885
22128	-1493.228	-1587.243	94.01494	0.04775072	0.546999	0.453001	6.464285
22134	-1490.622	-1585.402	94.78004	0.02488117	0.512158	0.487842	6.060955
22140	-1490.158	-1586.497	96.33911	0.4693804	0.499451	0.500549	4.958821
22146	-1485.884	-1581.725	95.84069	0.7166628	0.490378	0.509622	5.098253
22152	-1478.232	-1573.918	95.68557	0.4505536	0.428979	0.571021	5.331208
22158	-1470.754	-1566.179	95.42519	0.7794875	0.428979	0.571021	5.29337
22164	-1477.342	-1573.046	95.70481	0.6725244	0.589127	0.410873	5.197949
22170	-1497.391	-1592.278	94.88646	0.2593425	0.48105	0.51895	5.874928
22176	-1495.587	-1590.924	95.33678	0.5923412	0.474694	0.525306	5.445296
22182	-1482.066	-1577.661	95.59521	0.6629746	0.569956	0.430044	5.263819
22188	-1485.535	-1580.207	94.67175	0.600319	0.662294	0.337706	5.805885
22194	-1480.741	-1577.667	96.92518	0.6456321	0.502221	0.497779	4.532741
22200	-1486.59	-1583.821	97.23121	0.6786509	0.52043	0.47957	4.34168
22206	-1483.591	-1578.178	94.58692	0.6766112	0.39105	0.60895	5.810552
22212	-1480.959	-1577.498	96.53884	0.6323019	0.417253	0.582747	4.756686
22218	-1486.115	-1582.266	96.15085	0.7243118	0.558233	0.441767	4.921731
22224	-1486.326	-1581.814	95.48826	0.7243118	0.445508	0.554492	5.289014
22230	-1484.826	-1579.993	95.16642	0.5799493	0.437453	0.562547	5.545821
22236	-1491.017	-1586.141	95.12409	0.6222778	0.462331	0.537669	5.545821
22242	-1496.61	-1592.068	95.45857	0.5973008	0.465883	0.534117	5.375469
22248	-1499.195	-1595.376	96.18181	0.8870457	0.454547	0.545453	4.813795
22254	-1502.705	-1598.713	96.00734	0.7402252	0.431932	0.568068	4.992686
22260	-1494.192	-1587.957	93.76451	0.5329806	0.384577	0.615423	6.336937
22266	-1492.204	-1585.688	93.48359	0.5277802	0.69353	0.30647	6.49209
22272	-1478.36	-1572.837	94.47728	0.5677005	0.481806	0.518194	5.930003
22278	-1483.09	-1578.541	95.45134	0.5733186	0.493405	0.506595	5.392671
22284	-1488.852	-1586.338	97.48645	0.8273555	0.384592	0.615408	4.112606
22290	-1484.455	-1581.385	96.92956	0.745981	0.5094	0.4906	4.473834
22296	-1475.057	-1570.76	95.70338	0.5220618	0.46484	0.53516	5.281906
22302	-1480.828	-1576.393	95.56501	0.6113338	0.321366	0.678634	5.309011
22308	-1489.141	-1585.81	96.66806	0.9101023	0.321366	0.678634	4.52861
22314	-1480.922	-1575.638	94.71583	0.3880721	0.381645	0.618355	5.89782
22320	-1477.983	-1572.893	94.90922	0.5206288	0.406672	0.593328	5.719497
22326	-1480.734	-1575.579	94.8454	0.5039816	0.406672	0.593328	5.763572
22332	-1486.861	-1580.499	93.63807	0.4354871	0.459278	0.540722	6.458396
22338	-1483.132	-1576.808	93.67614	0.4630088	0.452621	0.547379	6.422836
22344	-1484.032	-1579.585	95.55346	0.4907692	0.473031	0.526969	5.381887
22350	-1493.803	-1588.772	94.96835	0.5491109	0.296769	0.703231	5.671473
22356	-1482.052	-1576.982	94.93022	0.5872464	0.510785	0.489215	5.671473
22362	-1479.473	-1575.056	95.58318	0.4807983	0.463073	0.536927	5.371002
22368	-1485.336	-1581.473	96.13707	0.6295041	0.463073	0.536927	4.982125
22374	-1481.581	-1579.278	97.69694	0.7135792	0.524893	0.475107	4.057507
22380	-1483.296	-1580.703	97.40678	0.7235923	0.491314	0.508686	4.216839
22386	-1485.605	-1581.395	95.78987	0.685962	0.451847	0.548153	5.143425
22392	-1481.344	-1577.579	96.23421	0.4324784	0.547389	0.452611	5.037602
22398	-1483.271	-1577.938	94.66714	0.5784888	0.605885	0.394115	5.820349
22404	-1490.661	-1585.424	94.76254	0.4830823	0.601236	0.398764	5.820349
22410	-1485.924	-1582.913	96.9888	0.6284794	0.396835	0.603165	4.506616
22416	-1485.592	-1581.738	96.14577	0.8189541	0.597149	0.402851	4.871858
22422	-1488.182	-1585.61	97.4278	0.7603372	0.402865	0.597135	4.184056
22428	-1474.363	-1570.977	96.61409	0.7906994	0.449557	0.550443	4.625923
22434	-1478.507	-1574.853	96.34629	0.5557304	0.359604	0.640396	4.906778
22440	-1483.405	-1580.627	97.22161	0.7559811	0.528617	0.471383	4.303389
22446	-1487.618	-1584.817	97.19912	0.5589836	0.526964	0.473036	4.427328
22452	-1481.915	-1578.409	96.49373	0.5973475	0.518581	0.481419	4.801399
22458	-1478.144	-1574.865	96.72151	0.6648542	0.421414	0.578586	4.636255
22464	-1478.827	-1575.057	96.22971	0.3723573	0.486744	0.513256	5.073459
22470	-1477.151	-1573.205	96.0539	0.5481678	0.483846	0.516154	5.073459
22476	-1486.43	-1583.818	97.38751	0.7840147	0.331616	0.668384	4.193483
22482	-1472.215	-1568.374	96.15896	0.6663842	0.433565	0.566435	4.949448
22488	-1484.908	-1581.05	96.14183	0.5500231	0.432141	0.567859	5.023631
22494	-1474.389	-1571.413	97.02366	0.9666012	0.597003	0.402997	4.29622
22500	-1478.483	-1577.514	99.0309	1.117497	0.547073	0.452927	3.045043
22506	-1475.743	-1574.398	98.65463	1.025744	0.383593	0.616407	3.322678
22512	-1498.709	-1596.09	97.3816	0.8091083	0.456905	0.543095	4.182593
22518	-1492.027	-1588.882	96.85463	0.7462645	0.487871	0.512129	4.515826
22524	-1486.664	-1581.421	94.75666	0.6734259	0.350343	0.649657	5.719366
22530	-1491.216	-1587.772	96.55632	0.6391569	0.422458	0.577542	4.743088
22536	-1485.926	-1582.518	96.59217	0.6759294	0.422458	0.577542	4.702479
22542	-1486.063	-1581.849	95.7862	0.527089	0.539362	0.460638	5.233363
22548	-1484.442	-1580.069	95.62607	0.4913938	0.514502	0.485498	5.341503
22554	-1478.727	-1574.977	96.24927	0.6190859	0.525757	0.474243	4.925517
22560	-1491.715	-1588.144	96.42898	0.5823907	0.514934	0.485066	4.845859
22566	-1485.43	-1581.284	95.85421	0.55717	0.387412	0.612588	5.179111
22572	-1488.104	-1584.268	96.16394	0.7836444	0.387412	0.612588	4.881406
22578	-1486.268	-1582.553	96.28471	0.669906	0.430865	0.569135	4.877491
22584	-1481.835	-1577.436	95.60157	0.8096616	0.44307	0.55693	5.179189
22590	-1487.307	-1582.171	94.8642	0.5012695	0.396356	0.603644	5.754762
22596	-1483.9	-1578.339	94.43874	0.6521376	0.53774	0.46226	5.904936
22602	-1485.92	-1581.928	96.00772	0.5713358	0.373708	0.626292	5.086223
22608	-1479.459	-1575.788	96.32891	0.5713358	0.479582	0.520418	4.907766
22614	-1480.808	-1575.446	94.63826	0.4600994	0.396858	0.603142	5.900852
22620	-1489.762	-1585.701	95.93894	0.5494703	0.438994	0.561006	5.136458
22626	-1478.342	-1574.508	96.1667	0.4765936	0.548143	0.451857	5.050589
22632	-1480.323	-1575.945	95.62207	0.63009	0.5122	0.4878	5.267144
22638	-1477.165	-1573.783	96.61815	0.6885388	0.426028	0.573972	4.680879
22644	-1473.665	-1570.431	96.76574	0.7860573	0.358069	0.641931	4.543421
22650	-1475.129	-1571.148	96.01895	0.8908313	0.584558	0.415442	4.902458
22656	-1482.396	-1579.332	96.93624	0.6384245	0.499241	0.500759	4.530572
22662	-1485.211	-1581.569	96.3577	0.8220652	0.479555	0.520445	4.751869
22668	-1475.748	-1572.542	96.7941	0.7048644	0.479555	0.520445	4.573092
22674	-1487.333	-1582.693	95.36009	0.9749616	0.443338	0.556662	5.221334
22680	-1481.039	-1577.706	96.66713	0.5611039	0.47693	0.52307	4.724777
22686	-1486.044	-1582.271	96.227	0.7244788	0.590747	0.409253	4.879236
22692	-1480.326	-1576.318	95.9916	0.4664102	0.410436	0.589564	5.153297
22698	-1482.084	-1578.079	95.9948	0.4632046	0.493539	0.506461	5.153297
22704	-1478.811	-1576.077	97.26545	0.7645943	0.586925	0.413075	4.273698
22710	-1481.105	-1576.651	95.54625	0.5315947	0.512621	0.487379	5.363354
22716	-1479.822	-1576.571	96.74955	0.9314627	0.588386	0.411614	4.470753
22722	-1477.596	-1574.818	97.2221	0.7992291	0.577098	0.422902	4.278633
22728	-1489.353	-1584.597	95.24462	0.6231164	0.416861	0.583139	5.479081
22734	-1490.353	-1585.979	95.626	0.4627216	0.444237	0.555763	5.357357
22740	-1486.373	-1580.892	94.51857	0.5393736	0.391764	0.608236	5.922927
22746	-1490.488	-1588.682	98.19485	0.6968342	0.528689	0.471311	3.781728
22752	-1488.885	-1583.653	94.76808	0.6134125	0.584006	0.415994	5.745984
22758	-1476.857	-1572.711	95.85308	0.6430639	0.476721	0.523279	5.132177
22764	-1480.363	-1576.04	95.67662	0.6208016	0.554134	0.445866	5.242133
22770	-1475.933	-1572.528	96.59523	0.7310132	0.461783	0.538217	4.669931
22776	-1479.49	-1575.241	95.75017	0.5877249	0.430279	0.569721	5.219762
22782	-1480.429	-1575.838	95.40917	0.3989128	0.58154	0.41846	5.511895
22788	-1475.295	-1570.591	95.29575	0.5123274	0.532951	0.467049	5.511895
22794	-1472.458	-1569.462	97.00434	0.6324144	0.48349	0.51651	4.495662
22800	-1489.026	-1584.346	95.32013	0.6305633	0.501991	0.498009	5.433421
22806	-1492.999	-1590.333	97.33388	0.7438882	0.513887	0.486113	4.246665
22812	-1484.366	-1579.558	95.19242	0.5580385	0.387389	0.612611	5.543573
22818	-1483.342	-1580.367	97.02582	0.7539407	0.552227	0.447773	4.415121
22824	-1492.923	-1588.149	95.22661	0.560144	0.454176	0.545824	5.523624
22830	-1484.508	-1580.478	95.96945	0.5767646	0.385615	0.614385	5.104427
22836	-1474.5	-1570.591	96.09043	0.5446464	0.501417	0.498583	5.05515
22842	-1476.514	-1572.661	96.14643	0.6015219	0.37713	0.62287	4.992472
22848	-1466.679	-1563.088	96.40947	0.7937148	0.541697	0.458303	4.73878
22854	-1477.854	-1573.84	95.98644	0.6328979	0.502161	0.497839	5.063878
22860	-1470.442	-1566.964	96.52163	0.6349118	0.474446	0.525554	4.764841
22866	-1474.137	-1570.237	96.1	0.6428917	0.519121	0.480879	4.995281
22872	-1474.189	-1570.686	96.49738	0.5731461	0.519121	0.480879	4.812863
22878	-1480.588	-1576.965	96.377	0.7038492	0.420076	0.579924	4.807107
22884	-1487.362	-1583.549	96.18634	0.5039296	0.559835	0.440165	5.024513
22890	-1484.818	-1580.708	95.89003	0.8746311	0.476593	0.523407	4.983189
22896	-1489.91	-1586.16	96.25094	0.5137159	0.510667	0.489333	4.983189
22902	-1485.838	-1582.772	96.93375	0.6618349	0.495567	0.504433	4.518813
22908	-1483.304	-1580.525	97.22101	0.7525913	0.482248	0.517752	4.305647
22914	-1487.058	-1583.887	96.82823	0.8138744	0.508114	0.491886	4.49265
22920	-1480.331	-1576.707	96.37673	0.7360906	0.402957	0.597043	4.789259
22926	-1484.284	-1581.541	97.25629	0.7620394	0.435726	0.564274	4.280332
22932	-1480.214	-1577.028	96.81421	0.7878742	0.481643	0.518357	4.515159
22938	-1491.397	-1588.385	96.98714	0.7878742	0.462884	0.537116	4.417796
22944	-1504.248	-1601.235	96.98714	0.7878742	0.380762	0.619238	4.417796
22950	-1488.136	-1585.42	97.28356	0.7179604	0.404083	0.595917	4.289848
22956	-1489.302	-1588.547	99.24556	0.9186589	0.285037	0.714963	3.035574
22962	-1489.452	-1587.52	98.06768	0.8863358	0.415397	0.584603	3.745788
22968	-1492.284	-1590.217	97.93297	0.8320501	0.348313	0.651687	3.854607
22974	-1495.888	-1591.901	96.01284	0.5944258	0.491375	0.508625	5.070575
22980	-1485.314	-1581.76	96.44568	0.7332271	0.415235	0.584765	4.752346
22986	-1483.06	-1580.415	97.35506	0.828509	0.423194	0.576806	4.186647
22992	-1485.867	-1582.452	96.58513	0.6303533	0.43808	0.56192	4.731906
22998	-1491.043	-1587.729	96.68561	0.5100262	0.459325	0.540675	4.743
23004	-1484.804	-1579.711	94.90697	0.7075044	0.474495	0.525505	5.618256
23010	-1480.188	-1575.12	94.93248	0.4670355	0.424813	0.575187	5.736116
23016	-1481.161	-1577.02	95.85924	0.6306545	0.273222	0.726778	5.135639
23022	-1483.017	-1578.952	95.93515	0.5547396	0.53972	0.46028	5.135639
23028	-1476.699	-1572.138	95.43942	0.4679181	0.50558	0.49442	5.457288
23034	-1491.204	-1586.624	95.42015	0.4871877	0.481651	0.518349	5.457288
23040	-1494.077	-1589.535	95.45755	0.4792659	0.50146	0.49854	5.441059
23046	-1481.227	-1576.659	95.43151	0.5053074	0.547882	0.452118	5.441059
23052	-1481.564	-1578.421	96.85678	0.6496122	0.465263	0.534737	4.568925
23058	-1490.91	-1589.094	98.18393	1.167581	0.429603	0.570397	3.515286
23064	-1491.618	-1588.926	97.30817	0.8789563	0.535908	0.464092	4.18463
23070	-1485.972	-1582.77	96.79805	0.7874704	0.504452	0.495548	4.524474
23076	-1491.123	-1586.633	95.5095	0.6226938	0.336648	0.663352	5.333378
23082	-1486.001	-1584.185	98.18346	0.9535766	0.518529	0.481471	3.63995
23088	-1478.305	-1574.737	96.43192	0.9417583	0.436527	0.563473	4.643361
23094	-1473.563	-1570.504	96.9409	0.8162521	0.485151	0.514849	4.427863
23100	-1478.576	-1574.245	95.66937	0.8143533	0.620917	0.379083	5.139055
23106	-1480.738	-1578.391	97.65295	0.7875865	0.620917	0.379083	4.040381
23112	-1483.905	-1580.503	96.59835	0.6061088	0.683355	0.316645	4.738066
23118	-1481.903	-1577.93	96.02717	0.8577649	0.694408	0.305592	4.916291
23124	-1477.776	-1575.289	97.51269	0.8659387	0.381274	0.618726	4.075687
23130	-1476.494	-1574.969	98.47535	0.9009635	0.493215	0.506785	3.500823
23136	-1475.645	-1574.542	98.89688	1.189768	0.384025	0.615975	3.081938
23142	-1480.559	-1578.92	98.36181	0.9713894	0.503207	0.496793	3.525961
23148	-1478.023	-1575.828	97.80513	0.7035192	0.553171	0.446829	4.00149
23154	-1479.588	-1573.744	94.15581	0.6336664	0.564524	0.435476	6.069374
23160	-1475.609	-1569.813	94.20376	0.4614195	0.579816	0.420184	6.137064
23166	-1473.009	-1568.864	95.85486	0.7691745	0.458671	0.541329	5.061274
23172	-1489.018	-1585.298	96.28	0.7912876	0.614744	0.385256	4.812439
23178	-1490.066	-1584.11	94.04377	0.4150142	0.486438	0.513562	6.249328
23184	-1481.753	-1576.244	94.49057	0.5942925	0.438319	0.561681	5.908221
23190	-1499.864	-1595.852	95.98788	0.695197	0.611754	0.388246	5.028503
23196	-1489.198	-1584.62	95.42199	0.5505702	0.497525	0.502475	5.421378
23202	-1489.022	-1582.891	93.86931	0.4377444	0.449068	0.550932	6.331743
23208	-1485.678	-1580.784	95.1054	0.7689616	0.455514	0.544486	5.475435
23214	-1491.765	-1588.778	97.01356	0.744409	0.404418	0.595582	4.427406
23220	-1488.189	-1584.101	95.91185	0.5816258	0.404418	0.595582	5.133652
23226	-1474.509	-1570.893	96.38449	0.7073786	0.452116	0.547884	4.800953
23232	-1478.763	-1574.941	96.17866	0.6353035	0.452116	0.547884	4.955779
23238	-1485.205	-1581.078	95.87305	0.6246421	0.376843	0.623157	5.131315
23244	-1484.938	-1578.994	94.05586	0.8777122	0.393998	0.606002	5.990811
23250	-1482.898	-1577.583	94.68487	0.4511182	0.493733	0.506267	5.880288
23256	-1488.636	-1584.799	96.16285	0.3170273	0.454244	0.545756	5.141185
23262	-1491.025	-1587.925	96.89908	0.587159	0.46966	0.53034	4.58024
23268	-1491.258	-1588.396	97.13833	0.8170676	0.47276	0.52724	4.31594
23274	-1497.92	-1596.723	98.80228	0.8582861	0.495569	0.504431	3.334334
23280	-1487.309	-1585.296	97.98769	0.7162663	0.552959	0.447041	3.889663
23286	-1494.654	-1592.1	97.44648	0.6763786	0.558288	0.441712	4.221098
23292	-1485.427	-1582.298	96.87086	0.6703043	0.60641	0.39359	4.549396
23298	-1479.224	-1575.202	95.97758	0.5736224	0.461394	0.538606	5.101666
23304	-1490.139	-1585.343	95.2045	0.3925251	0.47961	0.52039	5.627832
23310	-1487.837	-1583.138	95.3009	0.4128572	0.404691	0.595309	5.563737
23316	-1485.687	-1583.734	98.04688	0.9935149	0.392123	0.607877	3.695893
23322	-1484.552	-1582.795	98.2436	0.9113385	0.588543	0.411457	3.629567
23328	-1490.343	-1587.131	96.788	0.9113385	0.545738	0.454262	4.460437
23334	-1492.711	-1589.766	97.05521	0.9949382	0.362372	0.637628	4.262316
23340	-1486.279	-1581.422	95.14217	0.6697279	0.344795	0.655205	5.509797
23346	-1489.278	-1586.326	97.04807	0.9310138	0.494904	0.505096	4.302543
23352	-1497.465	-1595.04	97.57469	0.9310138	0.471923	0.528077	4.003174
23358	-1481.191	-1577.014	95.8223	0.7676213	0.482795	0.517205	5.080197
23364	-1478.775	-1574.093	95.31809	0.6486222	0.599417	0.400583	5.424597
23370	-1475.645	-1569.747	94.10152	0.6672909	0.485476	0.514524	6.080629
23376	-1480.444	-1577.574	97.13094	0.764382	0.451422	0.548578	4.349898
23382	-1473.096	-1569.893	96.79612	0.472337	0.440508	0.559492	4.702278
23388	-1474.775	-1569.789	95.01421	0.5639741	0.440054	0.559946	5.638169
23394	-1485.035	-1580.139	95.10382	0.4170883	0.478622	0.521378	5.669586
23400	-1479.09	-1576.009	96.91894	0.6509889	0.641992	0.358008	4.533233
23406	-1476.695	-1572.422	95.7271	0.7141399	0.423738	0.576262	5.162579
23412	-1472.938	-1569.395	96.45694	0.7141399	0.378615	0.621385	4.756722
23418	-1479.345	-1575.871	96.52603	0.4535072	0.440495	0.559505	4.863603
23424	-1482.615	-1579.931	97.31547	0.6740195	0.537896	0.462104	4.296657
23430	-1468.642	-1566.291	97.64845	0.7800994	0.517431	0.482569	4.047224
23436	-1470.591	-1566.804	96.21313	0.5027967	0.394673	0.605327	5.010263
23442	-1477.003	-1573.588	96.58513	0.4879435	0.442651	0.557349	4.811445
23448	-1470.671	-1566.947	96.27663	0.6915166	0.442651	0.557349	4.869952
23454	-1471.295	-1567.449	96.15389	0.6568183	0.378613	0.621387	4.957587
23460	-1470.046	-1566.263	96.21735	0.5933613	0.64487	0.35513	4.957587
23466	-1479.2	-1574.716	95.51545	0.6238579	0.457431	0.542569	5.32945
23472	-1488.588	-1586.024	97.43581	0.3523757	0.627228	0.372772	4.410366
23478	-1482.834	-1579.571	96.73669	0.6407692	0.522316	0.477684	4.641246
23484	-1479.314	-1576.037	96.72324	0.6774758	0.530877	0.469123	4.628209
23490	-1486.64	-1583.676	97.03648	0.7570695	0.405588	0.594412	4.407344
23496	-1482.824	-1580.031	97.20731	0.6807875	0.582065	0.417935	4.353976
23502	-1483.658	-1581.3	97.64261	0.8703217	0.476627	0.523373	3.999041
23508	-1481.48	-1579.351	97.87084	0.8112075	0.460233	0.539767	3.902231
23514	-1485.311	-1583.645	98.33417	1.114029	0.514078	0.485922	3.458853
23520	-1494.861	-1591.041	96.18002	0.7949362	0.443613	0.556387	4.866155
23526	-1493.257	-1589.991	96.73407	0.8469012	0.471152	0.528848	4.527029
23532	-1492.752	-1587.551	94.79871	0.9348816	0.474469	0.525531	5.552843
23538	-1493.921	-1589.57	95.64871	0.7369064	0.48438	0.51562	5.193365
23544	-1496.171	-1592.063	95.89148	0.6742604	0.384211	0.615789	5.093607
23550	-1492.773	-1589.103	96.33012	0.6967256	0.415542	0.584458	4.837232
23556	-1499.427	-1598.222	98.7943	1.066692	0.571871	0.428129	3.216063
23562	-1500.688	-1599.447	98.75923	1.096704	0.575948	0.424052	3.219061
23568	-1492.625	-1591.496	98.87171	1.208509	0.429196	0.570804	3.085772
23574	-1495.511	-1591.694	96.18245	0.5362966	0.566952	0.433048	5.008694
23580	-1479.107	-1575.556	96.44916	0.6334275	0.569554	0.430446	4.806137
23586	-1483.747	-1579.598	95.8513	0.5988347	0.55192	0.44808	5.157657
23592	-1488.401	-1585.102	96.70007	0.558783	0.469667	0.530333	4.707649
23598	-1487.854	-1582.663	94.80879	0.8507579	0.332933	0.667067	5.593512
23604	-1479.441	-1575.694	96.25268	0.5821852	0.393963	0.606037	4.944149
23610	-1491.554	-1588.576	97.02199	0.5969454	0.520432	0.479568	4.505682
23616	-1485.929	-1581.584	95.65429	0.7571969	0.478738	0.521262	5.179051
23622	-1485.735	-1580.898	95.16289	0.6098547	0.593806	0.406194	5.531325
23628	-1484.57	-1580.403	95.83273	0.4269958	0.50626	0.49374	5.262965
23634	-1486.493	-1581.323	94.82948	0.5884941	0.403541	0.596459	5.726003
23640	-1483.393	-1578.224	94.83135	0.586621	0.500728	0.499272	5.726003
23646	-1493.695	-1589.308	95.61328	0.6832017	0.428889	0.571111	5.242658
23652	-1484.934	-1580.73	95.7968	0.7076866	0.526878	0.473122	5.127551
23658	-1493.782	-1589.149	95.36672	0.6471404	0.449086	0.550914	5.398626
23664	-1500.021	-1594.629	94.60777	0.7951923	0.384839	0.615161	5.734228
23670	-1491.529	-1586.748	95.21884	0.6930742	0.483158	0.516842	5.454769
23676	-1488.528	-1585.5	96.97217	0.8892365	0.479216	0.520784	4.369049
23682	-1482.044	-1579.725	97.68068	0.769325	0.428356	0.571644	4.034981
23688	-1486.255	-1582.689	96.43363	0.6730177	0.503682	0.496318	4.792705
23694	-1483.374	-1578.965	95.59127	0.5032204	0.360095	0.639905	5.354178
23700	-1488.312	-1584.723	96.41066	0.7888563	0.400714	0.599286	4.740827
23706	-1490.104	-1587.725	97.62158	0.6970946	0.441649	0.558351	4.109837
23712	-1481.9	-1580.179	98.27843	0.8530356	0.33503	0.66497	3.643176
23718	-1474.325	-1570.166	95.84033	0.7333176	0.576847	0.423153	5.089222
23724	-1481.862	-1577.659	95.79654	0.4620726	0.54966	0.45034	5.263581
23730	-1486.073	-1581.023	94.94957	0.542719	0.446741	0.553259	5.68528
23736	-1476.332	-1572.024	95.69133	0.42379	0.487969	0.512031	5.342798
23742	-1484.426	-1579.724	95.29805	0.5079261	0.434667	0.565333	5.513053
23748	-1494.583	-1590.53	95.94688	0.8465246	0.326609	0.673391	4.967207
23754	-1488.324	-1584.889	96.56479	0.7951922	0.427047	0.572953	4.651035
23760	-1490.767	-1586.953	96.18578	0.5357283	0.474746	0.525254	5.007162
23766	-1492.289	-1587.67	95.38077	0.7733617	0.389292	0.610708	5.321271
23772	-1495.585	-1593.146	97.5611	0.8846481	0.468843	0.531157	4.037407
23778	-1491.027	-1589.204	98.17624	1.074409	0.465118	0.534882	3.574
23784	-1491.808	-1587.032	95.22422	0.7013754	0.490161	0.509839	5.447236
23790	-1489.804	-1588.042	98.2379	1.039469	0.3848	0.6152	3.55846
23796	-1491.113	-1589.37	98.25774	0.9057994	0.411095	0.588905	3.624581
23802	-1488.521	-1587.628	99.10711	0.9016155	0.428555	0.571445	3.128377
23808	-1486.325	-1585.625	99.29997	1.212406	0.55202	0.44798	2.825664
23814	-1479.934	-1580.152	100.2172	1.168069	0.55202	0.44798	2.282462
23820	-1481.77	-1580.884	99.11481	1.021717	0.363735	0.636265	3.052137
23826	-1492.415	-1587.654	95.23912	0.4590114	0.419727	0.580273	5.572322
23832	-1488.065	-1583.666	95.6007	0.6849688	0.474327	0.525673	5.248632
23838	-1500.455	-1598.385	97.93059	0.8708367	0.438934	0.561066	3.833682
23844	-1488.97	-1586.463	97.49296	0.7734777	0.510997	0.489003	4.139558
23850	-1498.077	-1594.696	96.61846	0.7332372	0.439656	0.560344	4.655679
23856	-1487.532	-1583.765	96.23348	0.5785733	0.357786	0.642214	4.956838
23862	-1482.016	-1578.801	96.78494	0.5900552	0.425519	0.574481	4.642627
23868	-1491.374	-1588.924	97.54965	0.9662117	0.392673	0.607327	3.997369
23874	-1494.512	-1591.419	96.90715	0.7987876	0.491183	0.508817	4.456717
23880	-1487.127	-1583.223	96.09564	0.7659857	0.486385	0.513615	4.929261
23886	-1490.539	-1586.212	95.67325	0.6343731	0.504843	0.495157	5.236494
23892	-1477.782	-1571.672	93.88968	0.4196702	0.440918	0.559082	6.330497
23898	-1479.738	-1575.948	96.20976	0.5442387	0.479811	0.520189	4.989109
23904	-1477.926	-1573.951	96.02518	0.7176715	0.560869	0.439131	4.995303
23910	-1473.469	-1569.302	95.83325	0.6130155	0.327022	0.672978	5.1598
23916	-1479.159	-1576.086	96.92647	0.7433816	0.216834	0.783166	4.477037
23922	-1476.57	-1572.175	95.60482	0.7456738	0.333999	0.666001	5.212795
23928	-1478.346	-1573.538	95.19222	0.6032942	0.468392	0.531608	5.518804
23934	-1485.351	-1580.977	95.62627	0.6538571	0.588504	0.411496	5.251693
23940	-1487.484	-1584.918	97.43383	0.9322648	0.480574	0.519426	4.082832
23946	-1477.523	-1576.021	98.49768	1.131278	0.44805	0.55195	3.352918
23952	-1489.427	-1587.9	98.47269	0.9273857	0.540296	0.459704	3.486962
23958	-1488.705	-1585.334	96.6283	0.6260936	0.471874	0.528126	4.710145
23964	-1482.735	-1578.573	95.83799	0.6788723	0.405547	0.594453	5.120695
23970	-1489.863	-1585.686	95.82233	0.6945293	0.405547	0.594453	5.120695
23976	-1481.704	-1578.277	96.57241	0.9050077	0.374126	0.625874	4.58519
23982	-1480.104	-1577.353	97.24947	0.9071908	0.423126	0.576874	4.201925
23988	-1472.097	-1568.46	96.36285	0.790956	0.422176	0.577824	4.76637
23994	-1474.204	-1571.427	97.22331	0.914761	0.525373	0.474627	4.212468
24000	-1482.348	-1579.648	97.29999	1.07437	0.481966	0.518034	4.078119
24006	-1479.919	-1577.647	97.72755	1.14876	0.369382	0.630618	3.790587
24012	-1478.272	-1576.83	98.55819	1.014989	0.562415	0.437585	3.385669
24018	-1480.645	-1578.712	98.06681	0.9442996	0.456368	0.543632	3.712824
24024	-1481.101	-1579.231	98.12959	0.9491239	0.579482	0.420518	3.673731
24030	-1476.099	-1571.971	95.87255	0.653606	0.506792	0.493208	5.115546
24036	-1479.42	-1576.126	96.70575	0.5895559	0.315215	0.684785	4.687254
24042	-1478.953	-1573.117	94.16409	0.4361741	0.570224	0.429776	6.172392
24048	-1481.086	-1575.864	94.7785	0.6286297	0.414702	0.585298	5.731946
24054	-1487.098	-1581.273	94.17495	0.5874242	0.374465	0.625535	6.084138
24060	-1477.067	-1573.173	96.1061	0.5906556	0.533574	0.466426	5.02091
24066	-1490.439	-1585.53	95.09063	0.7084829	0.575594	0.424406	5.516829
24072	-1487.769	-1583.817	96.04806	0.478182	0.295567	0.704433	5.115497
24078	-1499.118	-1594.403	95.2856	0.3274486	0.480985	0.519015	5.619039
24084	-1484.504	-1578.339	93.83477	0.417269	0.461775	0.538225	6.361604
24090	-1478.121	-1573.601	95.4803	0.5300368	0.515709	0.484291	5.400563
24096	-1475.759	-1571.971	96.21145	0.6537528	0.314798	0.685202	4.927274
24102	-1489.005	-1585.814	96.80883	0.8073023	0.43011	0.56989	4.507258
24108	-1483.094	-1579.493	96.39937	0.8062322	0.399545	0.600455	4.737427
24114	-1477.703	-1573.587	95.88371	0.6491241	0.416843	0.583157	5.111843
24120	-1484.047	-1582.051	98.00433	0.8167753	0.523162	0.476838	3.822366
24126	-1483.261	-1579.277	96.01633	0.6529905	0.407514	0.592486	5.036139
24132	-1482.573	-1579.617	97.04375	0.8295815	0.456075	0.543925	4.362317
24138	-1489.848	-1585.914	96.06665	0.6077356	0.388298	0.611702	5.033329
24144	-1482.032	-1576.447	94.41564	0.3740802	0.433935	0.566065	6.06924
24150	-1477.872	-1572.554	94.68193	0.7531694	0.45804	0.54196	5.716619
24156	-1484.571	-1580.413	95.84259	0.6259565	0.471635	0.528365	5.147463
24162	-1481.347	-1577.509	96.16175	0.6453936	0.498401	0.501599	4.959568
24168	-1487.807	-1585.012	97.20537	0.7704851	0.423331	0.576669	4.304371
24174	-1481.103	-1578.605	97.5019	0.833198	0.67939	0.32061	4.100485
24180	-1473.776	-1569.48	95.70433	0.7074121	0.502939	0.497061	5.178908
24186	-1476.306	-1572.445	96.13917	0.4621036	0.461412	0.538588	5.0739
24192	-1478.655	-1574.854	96.19849	0.6667079	0.485355	0.514645	4.927273
24198	-1478.647	-1575.327	96.67947	0.5313448	0.513494	0.486506	4.734516
24204	-1483.086	-1580.357	97.27108	0.9297002	0.49528	0.50472	4.176873
24210	-1486.997	-1584.264	97.26757	0.7881713	0.440871	0.559129	4.259145
24216	-1483.835	-1581.371	97.53586	0.9201328	0.499545	0.500455	4.031561
24222	-1475.265	-1572.577	97.31295	0.7974337	0.48518	0.51482	4.228177
24228	-1469.157	-1566.474	97.31647	0.755987	0.408203	0.591797	4.249677
24234	-1469.21	-1565.911	96.70117	0.669938	0.325445	0.674555	4.644803
24240	-1473.947	-1568.244	94.29699	0.5236668	0.535506	0.464494	6.052381
24246	-1476.42	-1570.795	94.3751	0.445555	0.544549	0.455451	6.052381
24252	-1476.544	-1572.164	95.62023	0.6632134	0.591827	0.408173	5.249859
24258	-1475.956	-1571.274	95.31787	0.6398234	0.431437	0.568563	5.429566
24264	-1472.903	-1569.518	96.61463	0.7632528	0.56168	0.43832	4.641006
24270	-1490.721	-1586.286	95.56588	0.4024393	0.479499	0.520501	5.423712
24276	-1482.817	-1577.759	94.94186	0.6399717	0.479499	0.520501	5.636171
24282	-1480.994	-1575.486	94.49216	0.6917041	0.535051	0.464949	5.854123
24288	-1480.065	-1576.187	96.12179	0.5786799	0.555469	0.444531	5.018847
24294	-1481.422	-1578.031	96.60907	0.8192113	0.432223	0.567777	4.612753
24300	-1479.009	-1575.498	96.48882	0.9121033	0.445413	0.554587	4.628094
24306	-1476.566	-1573.416	96.85007	0.9039859	0.448012	0.551988	4.429609
24312	-1476.713	-1573.401	96.68781	0.8322721	0.583939	0.416061	4.561239
24318	-1483.053	-1579.123	96.06946	0.5161859	0.583939	0.416061	5.082568
24324	-1482.917	-1580.074	97.15658	0.750974	0.425892	0.574108	4.342984
24330	-1479.579	-1574.534	94.95496	0.5371742	0.540342	0.459658	5.685362
24336	-1489.946	-1584.81	94.86369	0.6284471	0.430027	0.569973	5.685362
24342	-1478.52	-1576.187	97.66671	0.9009314	0.485713	0.514287	3.967763
24348	-1481.746	-1580.426	98.6798	0.9773507	0.463173	0.536827	3.336344
24354	-1485.59	-1580.403	94.81271	0.5513588	0.484192	0.515808	5.755527
24360	-1487.066	-1583.715	96.64927	0.5707193	0.503912	0.496088	4.729382
24366	-1479.234	-1577.174	97.93959	0.8271083	0.516981	0.483019	3.853642
24372	-1483.105	-1579.547	96.44277	0.7294604	0.404793	0.595207	4.756078
24378	-1482.52	-1578.885	96.36484	0.570791	0.549104	0.450896	4.888065
24384	-1485.999	-1582.181	96.18158	0.3569002	0.384159	0.615841	5.108715
24390	-1495.948	-1594.017	98.06914	1.010616	0.464301	0.535699	3.673126
24396	-1490.07	-1587.489	97.41904	0.8962684	0.581204	0.418796	4.111751
24402	-1485.739	-1580.728	94.98885	0.5172985	0.451957	0.548043	5.677677
24408	-1475.528	-1570.485	94.95762	0.5485356	0.451957	0.548043	5.677677
24414	-1482.111	-1577.982	95.87075	0.4998179	0.387682	0.612318	5.20169
24420	-1475.28	-1571.3	96.01959	0.6640882	0.48057	0.51943	5.028171
24426	-1476.561	-1573.526	96.96474	0.7395404	0.419897	0.580103	4.457655
24432	-1490.508	-1585.868	95.35949	0.296285	0.513674	0.486326	5.595581
24438	-1484.776	-1580.603	95.82717	0.5785544	0.386565	0.613435	5.182237
24444	-1482.644	-1576.856	94.21141	0.409066	0.4924	0.5076	6.161397
24450	-1480.043	-1577.03	96.98718	0.7974615	0.457113	0.542887	4.412365
24456	-1487.318	-1584.336	97.01786	0.7974615	0.41251	0.58749	4.39506
24462	-1487.645	-1583.351	95.70649	0.6042779	0.450494	0.549506	5.234758
24468	-1491.601	-1586.707	95.10586	0.6025438	0.637229	0.362771	5.56668
24474	-1487.023	-1582.024	95.00034	0.5119578	0.313356	0.686644	5.674308
24480	-1502.465	-1599.985	97.52071	0.7786113	0.474591	0.525409	4.120852
24486	-1481.014	-1577.607	96.59274	0.7551537	0.422726	0.577274	4.657807
24492	-1488.166	-1585.085	96.91874	0.6674249	0.44484	0.55516	4.524111
24498	-1488.9	-1586.657	97.75734	0.7405929	0.574676	0.425324	4.007616
24504	-1492.566	-1590.563	97.99703	1.087789	0.429367	0.570633	3.670196
24510	-1482.705	-1580.711	98.00516	0.8273026	0.429367	0.570633	3.815828
24516	-1478.056	-1574.17	96.11343	0.731431	0.505775	0.494225	4.93859
24522	-1493.013	-1590.346	97.33292	0.7442911	0.445938	0.554062	4.24698
24528	-1501.238	-1598.556	97.31766	0.7595552	0.702342	0.297658	4.24698
24534	-1491.505	-1588.251	96.74536	0.8607234	0.336869	0.663131	4.512914
24540	-1482.971	-1579.971	96.99951	0.6068099	0.40338	0.59662	4.512779
24546	-1473.465	-1569.563	96.09744	0.5893625	0.47677	0.52323	5.026437
24552	-1482.689	-1578.553	95.86379	0.6694123	0.419389	0.580611	5.111639
24558	-1484.62	-1581.876	97.25608	0.5848634	0.403363	0.596637	4.380602
24564	-1488.404	-1585.294	96.89018	0.7581307	0.378222	0.621778	4.489161
24570	-1493.862	-1590.162	96.29908	0.687714	0.470919	0.529081	4.859556
24576	-1482.98	-1578.251	95.27086	0.6396728	0.512631	0.487369	5.455532
24582	-1489.174	-1584.203	95.02917	0.3774147	0.383148	0.616852	5.732241
24588	-1483.911	-1579.153	95.24213	0.5431506	0.349929	0.650071	5.524429
24594	-1489.126	-1584.624	95.49857	0.671743	0.489822	0.510178	5.312339
24600	-1475.436	-1573.394	97.95814	0.7008703	0.402952	0.597048	3.915443
24606	-1474.049	-1572.293	98.24445	0.9347848	0.549893	0.450107	3.615476
24612	-1481.437	-1578.406	96.96922	0.768146	0.541925	0.458075	4.439014
24618	-1489.736	-1584.116	94.37976	0.5846313	0.567973	0.432027	5.973994
24624	-1480.836	-1578.6	97.76336	0.8369591	0.485402	0.514598	3.949059
24630	-1475.443	-1571.773	96.32957	0.8133622	0.545602	0.454398	4.772446
24636	-1484.813	-1583.036	98.22349	1.12359	0.394738	0.605262	3.517867
24642	-1480.412	-1577.329	96.91643	0.8700655	0.553756	0.446244	4.411322
24648	-1479.231	-1577.183	97.95182	0.9729717	0.39273	0.60727	3.762645
24654	-1479.275	-1576.41	97.1341	0.7095628	0.462737	0.537263	4.379068
24660	-1490.448	-1587.569	97.1213	0.7223644	0.637147	0.362853	4.379068
24666	-1479.756	-1576.798	97.04147	0.7456907	0.294846	0.705154	4.410944
24672	-1483.948	-1581.038	97.08971	0.6974577	0.324792	0.675208	4.410944
24678	-1484.347	-1580.362	96.015	0.709779	0.467999	0.532001	5.005345
24684	-1481.89	-1578.261	96.3706	0.8142071	0.375345	0.624655	4.749051
24690	-1481.544	-1577.543	95.99957	0.6171946	0.499068	0.500932	5.065307
24696	-1475.447	-1571.139	95.69205	0.6708316	0.513757	0.486243	5.205939
24702	-1475.745	-1570.296	94.55121	0.5113665	0.467393	0.532607	5.920395
24708	-1467.269	-1563.55	96.2818	0.7552605	0.394409	0.605591	4.831532
24714	-1471.416	-1569.674	98.25784	0.8244385	0.559735	0.440265	3.671667
24720	-1477.142	-1573.574	96.43176	0.8471512	0.461694	0.538306	4.696425
24726	-1476.649	-1573.184	96.53461	0.5604307	0.520801	0.479199	4.799187
24732	-1479.844	-1575.893	96.04891	0.6953218	0.521104	0.478896	4.994536
24738	-1487.437	-1583.362	95.92504	0.5835962	0.439277	0.560723	5.125251
24744	-1477.982	-1574.773	96.79078	0.7216856	0.544293	0.455707	4.565514
24750	-1493.165	-1590.338	97.17299	0.9043572	0.451232	0.548768	4.246905
24756	-1478.186	-1574.541	96.35491	0.8577413	0.451232	0.548768	4.733486
24762	-1484.296	-1579.108	94.81198	0.6462761	0.451232	0.548768	5.703932
24768	-1483.027	-1579.241	96.21407	0.5288477	0.537405	0.462595	4.995268
24774	-1480.25	-1576.563	96.31314	0.6367036	0.540358	0.459642	4.88015
24780	-1478.521	-1574.983	96.4614	0.7267663	0.480389	0.519611	4.747172
24786	-1481.617	-1576.988	95.3706	0.6917186	0.326518	0.673482	5.371913
24792	-1483.479	-1580.263	96.78439	0.6708261	0.416118	0.583882	4.597649
24798	-1484.763	-1580.871	96.10731	0.803942	0.488872	0.511128	4.901641
24804	-1480.175	-1577.393	97.21876	0.7300088	0.488872	0.511128	4.31969
24810	-1485.693	-1580.803	95.11068	0.6215738	0.439839	0.560161	5.553578
24816	-1497.123	-1592.675	95.55135	0.5857166	0.435611	0.564389	5.330686
24822	-1485.892	-1580.605	94.71305	0.5172495	0.435611	0.564389	5.828733
24828	-1481.945	-1577.324	95.3792	0.5914609	0.443959	0.556041	5.422423
24834	-1483.468	-1580.348	96.88036	0.6463961	0.40629	0.59371	4.557492
24840	-1485.15	-1581.405	96.25514	0.4420363	0.3517	0.6483	5.020674
24846	-1498.374	-1594.087	95.71292	0.4806478	0.326733	0.673267	5.299507
24852	-1492.168	-1588.495	96.32708	0.727361	0.493787	0.506213	4.821841
24858	-1490.662	-1587.088	96.42522	0.6292189	0.495719	0.504281	4.821841
24864	-1492.653	-1589.582	96.92952	0.8482273	0.396067	0.603933	4.416253
24870	-1479.931	-1576.49	96.55932	0.7355637	0.405179	0.594821	4.687491
24876	-1489.392	-1585.683	96.29031	0.5231971	0.426437	0.573563	4.956032
24882	-1500.086	-1598.221	98.13519	0.9342145	0.491025	0.508975	3.679116
24888	-1498.438	-1595.488	97.0501	0.9577683	0.491025	0.508975	4.286257
24894	-1487.066	-1584.167	97.1007	0.9071662	0.345853	0.654147	4.286257
24900	-1486.673	-1583.9	97.22713	0.8156383	0.413935	0.586065	4.266491
24906	-1490.385	-1585.98	95.59495	0.7902561	0.413935	0.586065	5.193592
24912	-1484.937	-1582.156	97.21966	0.3140962	0.577495	0.422505	4.55356
24918	-1490.809	-1587.251	96.44228	0.5926082	0.436981	0.563019	4.832743
24924	-1484.849	-1581.378	96.52899	0.6615189	0.614966	0.385034	4.745863
24930	-1494.465	-1589.579	95.11374	0.4436513	0.452819	0.547181	5.649577
24936	-1486.13	-1580.543	94.41238	0.5793243	0.457917	0.542083	5.959087
24942	-1484.448	-1580.706	96.25821	0.7192907	0.403934	0.596066	4.864735
24948	-1486.207	-1584.94	98.7325	0.8826024	0.55858	0.44142	3.361056
24954	-1479.373	-1575.599	96.22671	0.5450079	0.468418	0.531582	4.979265
24960	-1489.394	-1586.876	97.48265	0.7221411	0.55214	0.44786	4.174593
24966	-1492.163	-1589.044	96.88044	0.7054916	0.54843	0.45157	4.524243
24972	-1481.365	-1574.742	93.37676	0.4950853	0.536291	0.463709	6.567637
24978	-1487.206	-1583.403	96.19701	0.7774969	0.542617	0.457383	4.866407
24984	-1488.109	-1583.355	95.24545	0.6025222	0.432328	0.567672	5.489955
24990	-1477.977	-1573.246	95.26863	0.5104783	0.454518	0.545482	5.527824
24996	-1485.345	-1580.52	95.17483	0.60428	0.479323	0.520677	5.527824
25002	-1489.549	-1586.578	97.02863	0.7083569	0.535971	0.464029	4.439231
25008	-1488.959	-1585.445	96.48602	0.7083569	0.496823	0.503177	4.743703
25014	-1482.784	-1579.596	96.81184	0.6652883	0.496823	0.503177	4.585349
25020	-1491.364	-1586.783	95.41844	0.635482	0.476506	0.523494	5.376544
25026	-1503.171	-1598.231	95.05969	0.5354995	0.434039	0.565961	5.628839
25032	-1487.176	-1581.838	94.66196	0.5686895	0.427071	0.572929	5.828541
25038	-1484.899	-1578.725	93.82681	0.4997227	0.439176	0.560824	6.321166
25044	-1481.368	-1576.428	95.05952	0.6520657	0.557805	0.442195	5.564934
25050	-1492.672	-1588.954	96.28238	0.7304138	0.418304	0.581696	4.845063
25056	-1490.033	-1586.904	96.8716	0.654806	0.540588	0.459412	4.557686
25062	-1486.935	-1582.29	95.35492	0.6846286	0.520312	0.479688	5.384465
25068	-1489.711	-1586.475	96.7637	0.602868	0.44396	0.55604	4.647346
25074	-1492.819	-1589.074	96.25511	0.7728845	0.531674	0.468326	4.836588
25080	-1485.963	-1583.107	97.14421	0.8489012	0.464071	0.535929	4.294606
25086	-1479.17	-1575.829	96.65922	0.7108743	0.40515	0.59485	4.645371
25092	-1480.397	-1577.179	96.78161	0.7171846	0.428726	0.571274	4.573192
25098	-1491.729	-1588.223	96.49419	0.6619593	0.457289	0.542711	4.765063
25104	-1490.017	-1586.876	96.85854	0.6267004	0.526293	0.473707	4.580801
25110	-1491.173	-1588.391	97.21813	0.4466705	0.393432	0.606568	4.47988
25116	-1481.027	-1576.469	95.44129	0.4946516	0.518632	0.481368	5.441541
25122	-1481.909	-1578.144	96.23439	0.7151138	0.406617	0.593383	4.88034
25128	-1480.752	-1577.048	96.29566	0.6538366	0.513407	0.486593	4.88034
25134	-1490.021	-1583.927	93.90579	0.4196195	0.368227	0.631773	6.321778
25140	-1488.954	-1584.275	95.32142	0.7635752	0.411587	0.588413	5.359413
25146	-1478.527	-1574.891	96.364	0.9522512	0.39808	0.60192	4.675529
25152	-1480.278	-1576.839	96.56108	0.6109862	0.431277	0.568723	4.756171
25158	-1482.584	-1577.147	94.56261	0.6006577	0.494645	0.505355	5.865383
25164	-1495.575	-1592.146	96.5717	0.567485	0.416643	0.583357	4.774539
25170	-1483.595	-1579.009	95.41418	0.5874989	0.319437	0.680563	5.405337
25176	-1477.536	-1573.44	95.90347	0.569978	0.573472	0.426528	5.144745
25182	-1478.452	-1574.404	95.95162	0.5218273	0.494842	0.505158	5.144745
25188	-1476.168	-1572.913	96.74502	0.7121114	0.39678	0.60322	4.59657
25194	-1479.095	-1575.707	96.61272	0.6935168	0.494373	0.505627	4.681134
25200	-1477.91	-1575.013	97.10272	0.7782152	0.373342	0.626658	4.358022
25206	-1488.695	-1584.595	95.90043	0.7065233	0.563592	0.436408	5.070751
25212	-1488.686	-1584.818	96.13193	0.7300839	0.411071	0.588929	4.929046
25218	-1485.882	-1581.897	96.01454	0.7486041	0.478112	0.521888	4.984027
25224	-1480.413	-1577.42	97.00694	0.8863657	0.44272	0.55728	4.351036
25230	-1480.637	-1575.742	95.10521	0.7202919	0.453051	0.546949	5.502313
25236	-1476.635	-1572.957	96.3215	0.7027135	0.453051	0.546949	4.838695
25242	-1477.108	-1575.773	98.66519	0.9784996	0.498893	0.501107	3.344259
25248	-1474.24	-1572.414	98.17443	0.9034415	0.573676	0.426324	3.674218
25254	-1492.137	-1590.388	98.2512	0.9322739	0.43173	0.56827	3.613014
25260	-1490.994	-1589.323	98.32906	0.8544137	0.603241	0.396759	3.613014
25266	-1483.62	-1582.737	99.11773	1.06411	0.480663	0.519337	3.025021
25272	-1488.353	-1585.673	97.31981	0.9373547	0.59557	0.40443	4.144829
25278	-1490.776	-1587.283	96.50741	0.6626501	0.484486	0.515514	4.757289
25284	-1498.34	-1595.646	97.30596	0.6260377	0.36937	0.63063	4.32917
25290	-1482.981	-1580.708	97.72711	1.003711	0.483442	0.516558	3.874244
25296	-1476.067	-1573.564	97.49739	0.8061396	0.475167	0.524833	4.118456
25302	-1480.608	-1575.623	95.01558	0.5436618	0.472125	0.527875	5.648559
25308	-1480.526	-1575.542	95.01558	0.5436618	0.450881	0.549119	5.648559
25314	-1484.329	-1579.844	95.51523	0.7643439	0.405444	0.594556	5.251999
25320	-1489.091	-1584.559	95.46731	0.5219896	0.359071	0.640929	5.412158
25326	-1489.533	-1585.594	96.0603	0.6974639	0.377478	0.622522	4.987021
25332	-1480.732	-1575.742	95.00995	0.5492991	0.448429	0.551571	5.648559
25338	-1480.257	-1574.042	93.78542	0.6507886	0.448429	0.551571	6.261594
25344	-1495.88	-1593.228	97.34786	0.7737715	0.307304	0.692696	4.221796
25350	-1482.991	-1579.482	96.49088	0.5807575	0.502832	0.497168	4.812247
25356	-1490.951	-1587.81	96.85949	0.7613815	0.502832	0.497168	4.504595
25362	-1489.307	-1586.161	96.85368	0.6501344	0.582452	0.417548	4.570371
25368	-1480.791	-1577.038	96.24674	0.5953293	0.328299	0.671701	4.940143
25374	-1485.075	-1580.36	95.28555	0.6807373	0.657588	0.342412	5.424829
25380	-1485.976	-1582.88	96.9031	0.6964989	0.43333	0.56667	4.516559
25386	-1478.604	-1573.439	94.83505	0.4345511	0.434852	0.565148	5.807233
25392	-1479.988	-1577.347	97.35898	0.6556662	0.572523	0.427477	4.282417
25398	-1478.507	-1575.831	97.32376	0.6908838	0.380915	0.619085	4.282417
25404	-1480.166	-1576.103	95.93645	0.493238	0.467042	0.532958	5.168975
25410	-1478.476	-1574.062	95.5865	0.6996751	0.467042	0.532958	5.24835
25416	-1477.048	-1573.062	96.01443	0.5901567	0.467042	0.532958	5.072063
25422	-1498.977	-1594.22	95.24314	0.5084531	0.446004	0.553996	5.542947
25428	-1488.635	-1583	94.36515	0.4513795	0.466217	0.533783	6.054631
25434	-1478.124	-1573.787	95.66258	0.4250835	0.495164	0.504836	5.357941
25440	-1478.261	-1573.808	95.54718	0.5404786	0.477257	0.522743	5.357941
25446	-1501.441	-1597.729	96.28768	0.6318665	0.390077	0.609923	4.897021
25452	-1478.997	-1575.903	96.90606	0.5665956	0.489851	0.510149	4.587859
25458	-1480.005	-1576.299	96.29447	0.8360539	0.52132	0.47868	4.779376
25464	-1490.844	-1586.387	95.54309	0.8198395	0.339271	0.660729	5.205917
25470	-1489.699	-1585.954	96.25465	0.5839204	0.424906	0.575094	4.942089
25476	-1481.546	-1577.381	95.83506	0.4420502	0.53981	0.46019	5.253361
25482	-1488.556	-1584.667	96.11058	0.8103514	0.546365	0.453635	4.89625
25488	-1484.762	-1580.797	96.03544	0.8854901	0.564579	0.435421	4.89625
25494	-1487.533	-1583.482	95.94875	0.6126237	0.512948	0.487052	5.096024
25500	-1486.82	-1581.15	94.3295	0.4842665	0.484656	0.515344	6.056136
25506	-1485.742	-1580.141	94.39886	0.4149082	0.484656	0.515344	6.056136
25512	-1480.736	-1577.602	96.86612	0.894357	0.481393	0.518607	4.42599
25518	-1476.716	-1574.145	97.42892	0.7536341	0.487502	0.512498	4.187224
25524	-1473.925	-1569.55	95.6257	0.6067941	0.472853	0.527147	5.278007
25530	-1480.578	-1575.761	95.18241	0.514824	0.447334	0.552666	5.572813
25536	-1471.448	-1567.708	96.2605	0.6156936	0.510284	0.489716	4.921157
25542	-1487.831	-1582.851	95.02	0.3863206	0.443587	0.556413	5.732388
25548	-1483.984	-1578.567	94.5824	0.3176911	0.56071	0.43929	6.009069
25554	-1480.943	-1575.178	94.23475	0.3501612	0.509904	0.490096	6.180744
25560	-1484.503	-1579.531	95.02783	0.2752554	0.436858	0.563142	5.788914
25566	-1484.26	-1579.081	94.82127	0.4818133	0.411818	0.588182	5.788914
25572	-1480.945	-1575.227	94.2826	0.4149592	0.478156	0.521844	6.119438
25578	-1486.4	-1581.566	95.16663	0.470482	0.478156	0.521844	5.605827
25584	-1482.058	-1577.677	95.61919	0.5562214	0.458039	0.541961	5.30953
25590	-1479.028	-1574.908	95.88036	0.5661357	0.382536	0.617464	5.15967
25596	-1490.409	-1586.196	95.78732	0.6318843	0.496356	0.503644	5.17478
25602	-1476.76	-1572.401	95.64117	0.5324535	0.49979	0.50021	5.310514
25608	-1477.715	-1573.492	95.77682	0.642865	0.501068	0.498932	5.174512
25614	-1493.675	-1590.831	97.15633	0.6935055	0.399557	0.600443	4.375587
25620	-1473.33	-1570.429	97.09829	0.7515415	0.458905	0.541095	4.375587
25626	-1482.239	-1575.718	93.4787	0.710505	0.440054	0.559946	6.395694
25632	-1478.045	-1573.673	95.6278	0.5158713	0.478687	0.521313	5.327042
25638	-1478.222	-1575.189	96.96684	0.7258282	0.419312	0.580688	4.464191
25644	-1478.306	-1574.285	95.97934	0.5299533	0.409405	0.590595	5.124889
25650	-1473.568	-1569.546	95.97809	0.5312034	0.438046	0.561954	5.124889
25656	-1474.331	-1570.464	96.13302	0.6825472	0.419445	0.580555	4.954883
25662	-1478.053	-1574.781	96.72835	0.9651888	0.34688	0.65312	4.463699
25668	-1486.089	-1583.332	97.24341	0.7857449	0.464966	0.535034	4.274206
25674	-1492.377	-1589.607	97.22991	0.8175257	0.420028	0.579972	4.263851
25680	-1487.855	-1585.966	98.11147	0.9892334	0.460277	0.539723	3.660997
25686	-1493.729	-1590.929	97.19992	0.8214922	0.466773	0.533227	4.278589
25692	-1496.437	-1593.67	97.23265	0.6965875	0.413241	0.586759	4.330733
25698	-1502.776	-1599.641	96.86524	0.6101713	0.45058	0.54942	4.586317
25704	-1476.678	-1571.735	95.05697	0.4446333	0.436129	0.563871	5.680173
25710	-1501.81	-1597.799	95.98949	0.4359686	0.45058	0.54942	5.171319
25716	-1490.427	-1586.163	95.73618	0.654962	0.362012	0.637988	5.190309
25722	-1494.002	-1591.559	97.55662	0.8676192	0.492062	0.507938	4.049683
25728	-1490.628	-1587.44	96.81262	0.6774786	0.562019	0.437981	4.578071
25734	-1478.239	-1575.044	96.80496	0.7830284	0.548964	0.451036	4.523086
25740	-1474.637	-1571.376	96.73962	0.4940486	0.491802	0.508198	4.721735
25746	-1483.675	-1580.398	96.72285	0.466682	0.47821	0.52179	4.746409
25752	-1496.529	-1592.346	95.81686	0.642857	0.424231	0.575769	5.152349
25758	-1481.378	-1575.551	94.17288	0.4702746	0.474391	0.525609	6.149056
25764	-1481.981	-1577.213	95.23164	0.5588927	0.474391	0.525609	5.521542
25770	-1479.58	-1574.852	95.27143	0.6086279	0.430914	0.569086	5.472302
25776	-1485.267	-1581.335	96.06759	0.6103855	0.55507	0.44493	5.031334
25782	-1481.763	-1576.912	95.1487	0.6283666	0.576541	0.423459	5.528947
25788	-1476.338	-1572.75	96.41208	0.7859707	0.4278	0.5722	4.741648
25794	-1479.493	-1576.039	96.54576	0.6522921	0.4278	0.5722	4.741648
25800	-1476.871	-1572.61	95.73839	0.5023527	0.426173	0.573827	5.273453
25806	-1480.328	-1577.656	97.32735	0.7314941	0.392874	0.607126	4.257385
25812	-1485.032	-1580.194	95.16204	0.3747143	0.328042	0.671958	5.660896
25818	-1477.861	-1572.841	94.98024	0.5565097	0.456127	0.543873	5.660896
25824	-1472.556	-1569.441	96.88403	0.7126013	0.493964	0.506036	4.518223
25830	-1474.509	-1571.545	97.03618	0.5604584	0.427109	0.572891	4.518223
25836	-1482.935	-1579.13	96.19485	0.6806391	0.427109	0.572891	4.921551
25842	-1475.789	-1571.76	95.97102	0.6862187	0.411044	0.588956	5.042846
25848	-1486.273	-1583.012	96.73905	0.6450272	0.526353	0.473647	4.637535
25854	-1481.758	-1577.415	95.65647	0.6482172	0.422221	0.577779	5.238118
25860	-1478.185	-1574.376	96.19099	0.7380832	0.562768	0.437232	4.891718
25866	-1480.341	-1576.929	96.58878	1.016098	0.503605	0.496395	4.513589
25872	-1497.34	-1593.886	96.54518	0.7270665	0.52904	0.47096	4.700158
25878	-1484.551	-1580.729	96.17785	0.5651169	0.429367	0.570633	4.995241
25884	-1481.524	-1578.25	96.7264	0.6733474	0.417366	0.582634	4.62875
25890	-1484.114	-1579.184	95.07001	0.5889454	0.399911	0.600089	5.593834
25896	-1487.264	-1581.532	94.26875	0.7289155	0.484267	0.515733	5.955834
25902	-1485.475	-1581.241	95.76575	0.8341244	0.484267	0.515733	5.074675
25908	-1488.697	-1585.327	96.63004	0.6950298	0.388824	0.611176	4.670591
25914	-1484.745	-1581.067	96.32219	0.7171912	0.58247	0.41753	4.830239
25920	-1477.768	-1574.909	97.14043	0.7171912	0.58247	0.41753	4.371189
25926	-1475.599	-1573.238	97.63846	0.8046315	0.510963	0.489037	4.038928
25932	-1479.081	-1575.043	95.96288	0.4942614	0.576606	0.423394	5.153779
25938	-1478.288	-1572.534	94.24583	0.5272299	0.538482	0.461518	6.078314
25944	-1472.77	-1568.414	95.64444	0.6003338	0.538482	0.461518	5.271227
25950	-1476.431	-1570.807	94.37577	0.5556818	0.423843	0.576157	5.991964
25956	-1478.42	-1574.565	96.14564	0.8430474	0.471257	0.528743	4.858503
25962	-1474.182	-1571.697	97.51476	0.6690921	0.487465	0.512535	4.18649
25968	-1484.62	-1580.768	96.14838	0.6129964	0.430554	0.569446	4.98501
25974	-1489.989	-1585.414	95.42494	0.6168338	0.506033	0.493967	5.38324
25980	-1484.12	-1578.311	94.19074	0.5372174	0.485428	0.514572	6.102883
25986	-1482.375	-1578.662	96.28731	0.5349942	0.378802	0.621198	4.951139
25992	-1482.501	-1579.049	96.54766	0.5793115	0.522031	0.477969	4.78136
25998	-1487.624	-1583.947	96.3234	0.5849805	0.556069	0.443931	4.903237
26004	-1472.138	-1568.511	96.37302	0.8203734	0.50873	0.49127	4.74425
26010	-1488.413	-1586.733	98.31922	0.9640419	0.337922	0.662078	3.555033
26016	-1489.194	-1587.388	98.19368	1.089583	0.441001	0.558999	3.555033
26022	-1480.063	-1575.025	94.96244	0.4707526	0.476687	0.523313	5.717665
26028	-1490.404	-1585.653	95.24903	0.3025746	0.503649	0.496351	5.652753
26034	-1492.038	-1589.415	97.37738	0.8618985	0.439677	0.560323	4.154996
26040	-1485.662	-1580.605	94.94368	0.607923	0.420003	0.579997	5.652753
26046	-1492.197	-1587.505	95.30803	0.5629544	0.536565	0.463435	5.477296
26052	-1479.903	-1575.976	96.07337	0.416891	0.525789	0.474211	5.135433
26058	-1475.792	-1571.372	95.5794	0.434832	0.576742	0.423258	5.398417
26064	-1487.995	-1583.625	95.62968	0.384557	0.422389	0.577611	5.398417
26070	-1487.965	-1586.803	98.83801	0.7937658	0.358028	0.641972	3.351261
26076	-1485.121	-1582.853	97.73201	0.8832238	0.3957	0.6043	3.940522
26082	-1483.092	-1579.279	96.18728	0.6181531	0.365445	0.634555	4.960522
26088	-1477.749	-1572.583	94.83419	0.6721867	0.372254	0.627746	5.677554
26094	-1483.973	-1579.575	95.60277	0.5349041	0.382574	0.617426	5.330351
26100	-1485.166	-1580.591	95.42503	0.7126461	0.369645	0.630355	5.330351
26106	-1483.282	-1578.743	95.46125	0.8186217	0.403296	0.596704	5.251836
26112	-1488.579	-1585.191	96.61156	0.7115883	0.36243	0.63757	4.671667
26118	-1481.929	-1577.723	95.794	0.6253593	0.410467	0.589533	5.17469
26124	-1505.449	-1601.418	95.96934	0.4138169	0.586569	0.413431	5.194724
26130	-1487.694	-1582.34	94.64641	0.5559553	0.357349	0.642651	5.844007
26136	-1488.442	-1583.812	95.3699	0.6253499	0.493238	0.506762	5.408876
26142	-1480.94	-1577.223	96.28264	0.6061227	0.46767	0.53233	4.914162
26148	-1490.54	-1585.426	94.88596	0.5259617	0.55893	0.44107	5.729322
26154	-1481.006	-1577.808	96.80197	0.7033552	0.604931	0.395069	4.569522
26160	-1494.61	-1588.996	94.38662	0.5488515	0.389973	0.610027	5.989774
26166	-1494.111	-1590.774	96.66365	0.7907734	0.389973	0.610027	4.598089
26172	-1485.595	-1582.234	96.63876	0.6592156	0.438411	0.561589	4.685756
26178	-1478.879	-1573.961	95.08211	0.5597375	0.390311	0.609689	5.603227
26184	-1489.111	-1585.683	96.5725	0.6829692	0.432921	0.567079	4.709544
26190	-1479.91	-1577.571	97.66089	0.7973595	0.503076	0.496924	4.030274
26196	-1474.407	-1571.121	96.71338	0.710693	0.503076	0.496924	4.615114
26202	-1481.637	-1576.002	94.36438	0.6076155	0.487522	0.512478	5.969846
26208	-1497.748	-1590.689	92.94043	0.4748841	0.615531	0.384469	6.814338
26214	-1487.565	-1584.813	97.24754	0.7512586	0.392343	0.607657	4.291386
26220	-1483.123	-1579.091	95.96799	0.6266399	0.391756	0.608244	5.077586
26226	-1473.372	-1569.624	96.25287	0.5712827	0.491174	0.508826	4.95011
26232	-1478.608	-1573.248	94.63985	0.4952874	0.512276	0.487724	5.880755
26238	-1487.197	-1582.97	95.77314	0.3595622	0.445868	0.554132	5.333097
26244	-1491.137	-1587.904	96.76719	0.6484633	0.435146	0.564854	4.619836
26250	-1477.851	-1573.58	95.72892	0.4037796	0.527425	0.472575	5.333097
26256	-1476.81	-1572.09	95.28014	0.4261876	0.39882	0.60118	5.567821
26262	-1491.808	-1587.631	95.82263	0.3842619	0.491092	0.508908	5.29215
26268	-1487.23	-1583.226	95.99667	0.6651662	0.607095	0.392905	5.040299
26274	-1475.761	-1571.412	95.65127	0.6118005	0.46698	0.53302	5.261117
26280	-1485.24	-1581.643	96.40334	0.5399462	0.462109	0.537891	4.883798
26286	-1481.467	-1578.084	96.61757	0.6204181	0.508691	0.491309	4.719318
26292	-1481.511	-1578.033	96.52128	0.6722222	0.493216	0.506784	4.744191
26298	-1486.225	-1581.964	95.73942	0.4778813	0.47961	0.52039	5.286401
26304	-1485.938	-1581.545	95.60708	0.6102215	0.474228	0.525772	5.286401
26310	-1500.057	-1595.613	95.55622	0.356554	0.418559	0.581441	5.454296
26316	-1487.72	-1582.751	95.03084	0.6578204	0.381809	0.618191	5.577524
26322	-1489.058	-1583.055	93.99682	0.771373	0.337342	0.662658	6.080969
26328	-1482.425	-1578.45	96.02509	0.6907035	0.45708	0.54292	5.010336
26334	-1494.206	-1590.771	96.56483	0.5497991	0.402843	0.597157	4.788247
26340	-1496.323	-1594.114	97.79148	0.9984784	0.485677	0.514323	3.840276
26346	-1495.342	-1592.211	96.86882	0.8577494	0.523284	0.476716	4.445096
26352	-1481.422	-1577.239	95.81691	0.4847434	0.391073	0.608927	5.239797
26358	-1481.005	-1577.491	96.48656	0.6210845	0.406891	0.593109	4.792148
26364	-1482.435	-1580.444	98.00926	0.8556381	0.394664	0.605336	3.79716
26370	-1489.39	-1585.59	96.19927	0.8556381	0.420501	0.579499	4.821579
26376	-1488.179	-1582.986	94.80742	0.4466892	0.356857	0.643143	5.81571
26382	-1488.592	-1584.8	96.20821	0.8151919	0.367098	0.632902	4.839148
26388	-1500.612	-1596.937	96.32539	0.6980179	0.425565	0.574435	4.839148
26394	-1481.787	-1578.171	96.3841	0.6345186	0.51956	0.48044	4.841818
26400	-1479.04	-1574.277	95.23756	0.7614384	0.415478	0.584522	5.406812
26406	-1483.886	-1581.557	97.67082	1.089599	0.362353	0.637647	3.857251
26412	-1481.367	-1580.638	99.27011	1.012957	0.417366	0.582634	2.964259
26418	-1480.838	-1580.398	99.55943	1.07611	0.464991	0.535009	2.750627
26424	-1483.803	-1579.5	95.69741	0.7079919	0.400493	0.599507	5.182416
26430	-1482.762	-1578.661	95.89898	0.6575331	0.526768	0.473232	5.098722
26436	-1486.16	-1582.711	96.5504	0.6465398	0.452243	0.547757	4.742268
26442	-1490.827	-1589.41	98.58313	0.9795905	0.503775	0.496225	3.391801
26448	-1485.356	-1580.871	95.51446	0.5013759	0.459626	0.540374	5.397535
26454	-1482.376	-1578.428	96.0527	0.6135334	0.399814	0.600186	5.037855
26460	-1476.344	-1573.183	96.83901	0.7075713	0.573165	0.426835	4.546354
26466	-1485.911	-1583.579	97.66827	0.6540884	0.4817	0.5183	4.107737
26472	-1476.485	-1573.819	97.33413	0.7143791	0.461637	0.538363	4.26324
26478	-1489.081	-1586.15	97.06907	0.7287191	0.402659	0.597341	4.404953
26484	-1477.983	-1575.201	97.21771	0.8236826	0.413034	0.586966	4.267273
26490	-1484.029	-1580.405	96.37588	0.5869166	0.38147	0.61853	4.872934
26496	-1483.524	-1579.874	96.34996	0.6128305	0.38147	0.61853	4.872934
26502	-1483.189	-1580.652	97.46348	0.6731104	0.48642	0.51358	4.21331
26508	-1488.935	-1584.161	95.22578	0.5628967	0.400105	0.599895	5.522565
26514	-1478.797	-1576.247	97.44926	0.8494389	0.659772	0.340228	4.121207
26520	-1478.733	-1576.681	97.94767	0.7997396	0.425512	0.574488	3.864721
26526	-1474.66	-1572.313	97.65262	0.8037009	0.594739	0.405261	4.031374
26532	-1482.72	-1579.553	96.83284	0.8405738	0.497969	0.502031	4.475034
26538	-1492.36	-1587.826	95.46627	0.790227	0.50135	0.49865	5.264749
26544	-1476.172	-1571.842	95.66987	0.533147	0.538517	0.461483	5.294287
26550	-1489.482	-1584.979	95.49685	0.6184126	0.534293	0.465707	5.342716
26556	-1476.496	-1572.827	96.33091	0.5851852	0.444282	0.555718	4.898943
26562	-1484.876	-1579.021	94.1444	0.386036	0.442564	0.557436	6.210376
26568	-1484.095	-1580.337	96.24184	0.6355061	0.453337	0.546663	4.920514
26574	-1492.329	-1587.297	94.96779	0.6328186	0.461952	0.538048	5.625867
26580	-1490.791	-1587.087	96.29617	0.5811824	0.506659	0.493341	4.920514
26586	-1481.786	-1578.315	96.52935	0.655406	0.506659	0.493341	4.749078
26592	-1483.238	-1579.718	96.47986	0.4498025	0.569792	0.430208	4.891388
26598	-1485.365	-1581.817	96.45188	0.4777841	0.438075	0.561925	4.891388
26604	-1485.242	-1582.073	96.83175	0.4161883	0.447857	0.552143	4.713752
26610	-1483.462	-1578.158	94.69606	0.5326707	0.250002	0.749998	5.829592
26616	-1480.838	-1576.393	95.55509	0.727218	0.425367	0.574633	5.250487
26622	-1488.655	-1583.348	94.69251	0.5925086	0.479877	0.520123	5.7988
26628	-1477.173	-1572.684	95.51093	0.6989091	0.39649	0.60351	5.290519
26634	-1477.025	-1574.172	97.14711	0.6989091	0.4633	0.5367	4.377738
26640	-1476.245	-1572.228	95.98222	0.7892721	0.632681	0.367319	4.979387
26646	-1480.555	-1574.685	94.13034	0.6343623	0.560121	0.439879	6.082869
26652	-1478.204	-1572.353	94.14921	0.615497	0.493124	0.506876	6.082869
26658	-1483.083	-1579.066	95.9828	0.5528781	0.426751	0.573249	5.110266
26664	-1474.552	-1570.095	95.54239	0.5936239	0.571074	0.428926	5.33127
26670	-1482.242	-1579.017	96.7746	0.6906054	0.500181	0.499819	4.592041
26676	-1489.06	-1587.37	98.31042	0.8648031	0.539706	0.460294	3.617806
26682	-1480.849	-1577.075	96.22626	0.7037547	0.539883	0.460117	4.891192
26688	-1475.525	-1572.791	97.2661	0.6220453	0.539883	0.460117	4.353949
26694	-1473.72	-1570.893	97.17271	0.8677255	0.456177	0.543823	4.267816
26700	-1471.762	-1566.277	94.5147	0.675538	0.429618	0.570382	5.850639
26706	-1487.062	-1581.823	94.76042	0.4298161	0.619418	0.380582	5.850639
26712	-1486.598	-1583.263	96.66542	0.6520149	0.353682	0.646318	4.674863
26718	-1493.942	-1591.4	97.4577	0.8619528	0.471973	0.528027	4.109279
26724	-1484.557	-1579.37	94.81275	0.6051004	0.536459	0.463541	5.726074
26730	-1487.632	-1583.41	95.77853	0.422793	0.365849	0.634151	5.295221
26736	-1490.298	-1585.937	95.63925	0.5620719	0.512084	0.487916	5.295221
26742	-1479.908	-1576.262	96.35398	0.6358703	0.384462	0.615538	4.857857
26748	-1487.391	-1584.58	97.1886	0.6345436	0.389443	0.610557	4.39065
26754	-1488.3	-1583.301	95.00116	0.4509752	0.510358	0.489642	5.707286
26760	-1477.575	-1574.709	97.13456	0.6885778	0.552398	0.447602	4.39065
26766	-1481.655	-1576.802	95.14674	0.6425605	0.370488	0.629512	5.522223
26772	-1477.219	-1573.048	95.82962	0.6763635	0.54006	0.45994	5.126724
26778	-1482.215	-1579.632	97.41714	0.6922235	0.513599	0.486401	4.228753
26784	-1486.708	-1583.25	96.54189	0.614504	0.556699	0.443301	4.764923
26790	-1485.136	-1580.87	95.73493	0.4943028	0.356714	0.643286	5.279811
26796	-1490.033	-1586.583	96.55025	0.5593242	0.393249	0.606751	4.79107
26802	-1490.341	-1589.649	99.30772	1.055451	0.402634	0.597366	2.916003
26808	-1482.909	-1581.862	98.95314	1.012842	0.469775	0.530225	3.153792
26814	-1481.52	-1579.466	97.9461	0.8755352	0.543668	0.456332	3.822062
26820	-1490.903	-1589.783	98.87935	0.8755352	0.437056	0.562944	3.278772
26826	-1498.661	-1594.369	95.70714	0.7162371	0.282549	0.717451	5.172468
26832	-1493.827	-1590.435	96.6084	0.5450237	0.469282	0.530718	4.766585
26838	-1489.471	-1584.152	94.68052	0.5338876	0.502666	0.497334	5.83742
26844	-1505.402	-1603.371	97.96896	0.9221333	0.421474	0.578526	3.782069
26850	-1500.761	-1599.01	98.24938	0.8691788	0.452238	0.547762	3.650653
26856	-1498.897	-1596.237	97.33944	0.6281636	0.367912	0.632088	4.309036
26862	-1483.641	-1581.402	97.76084	0.796651	0.422357	0.577643	3.973566
26868	-1492.883	-1588.297	95.41384	0.5594845	0.514342	0.485658	5.420955
26874	-1492.569	-1588.218	95.64821	0.5094888	0.481669	0.518331	5.319305
26880	-1487.703	-1583.571	95.86821	0.7142999	0.467886	0.532114	5.084304
26886	-1472.97	-1569.893	96.92315	0.8414384	0.501189	0.498811	4.423672
26892	-1475.546	-1570.986	95.44023	0.5811329	0.510519	0.489481	5.394487
26898	-1482.175	-1577.043	94.86806	0.4709826	0.405079	0.594921	5.76923
26904	-1488.078	-1583.857	95.77966	0.5010315	0.651296	0.348704	5.251383
26910	-1486.736	-1582.599	95.86315	0.4414044	0.52779	0.47221	5.238192
26916	-1494.856	-1591.043	96.18693	0.4586311	0.517163	0.482837	5.049326
26922	-1480.25	-1576.136	95.88584	0.2755294	0.52996	0.47004	5.31728
26928	-1481.673	-1576.804	95.13124	0.5313348	0.499877	0.500123	5.591851
26934	-1478.743	-1574.828	96.08554	0.5428308	0.400448	0.599552	5.058867
26940	-1470.845	-1567.644	96.79854	0.5208576	0.434738	0.565262	4.673766
26946	-1494.015	-1590.533	96.51844	0.6359346	0.40472	0.59528	4.766051
26952	-1486.396	-1581.901	95.50522	0.698956	0.402004	0.597996	5.293647
26958	-1489.261	-1585.904	96.64269	0.7188855	0.402004	0.597996	4.650141
26964	-1482.085	-1578.29	96.20497	0.6408796	0.472663	0.527337	4.93804
26970	-1486.922	-1580.555	93.63295	0.5040748	0.334243	0.665757	6.423987
26976	-1484.248	-1581.403	97.15493	0.6761829	0.610188	0.389812	4.386153
26982	-1483.727	-1580.271	96.54449	0.7747667	0.367553	0.632447	4.673846
26988	-1493.256	-1588.575	95.31872	0.807291	0.599192	0.400808	5.33679
26994	-1489.838	-1588.511	98.67384	0.8403653	0.448619	0.551381	3.420235
27000	-1487.959	-1586.975	99.01623	0.8403653	0.525795	0.474205	3.218668
27006	-1483.903	-1581.126	97.22343	0.6395027	0.525795	0.474205	4.368189
27012	-1482.581	-1577.824	95.24282	0.5493813	0.400033	0.599967	5.520626
27018	-1485.311	-1582.175	96.86374	0.5932322	0.400033	0.599967	4.596658
27024	-1482.829	-1580.019	97.19017	0.7956262	0.400718	0.599282	4.298746
27030	-1482.102	-1579.26	97.1577	0.8655967	0.552171	0.447829	4.277522
27036	-1481.677	-1577.63	95.95254	0.6296952	0.544475	0.455525	5.084457
27042	-1483.499	-1581.22	97.72157	0.7943683	0.43957	0.56043	3.997324
27048	-1479.822	-1576.02	96.19764	0.5926	0.524173	0.475827	4.968965
27054	-1486.126	-1581.009	94.8832	0.4499566	0.541782	0.458218	5.772451
27060	-1477.229	-1572.979	95.75039	0.5484297	0.498534	0.501466	5.241361
27066	-1496.14	-1591.6	95.45961	0.4284458	0.401566	0.598434	5.467901
27072	-1492.121	-1586.134	94.01271	0.4284458	0.401566	0.598434	6.258907
27078	-1484.377	-1580.042	95.66532	0.4911905	0.442244	0.557756	5.31996
27084	-1487.247	-1584.557	97.30948	0.4833242	0.464332	0.535668	4.407765
27090	-1486.283	-1581.811	95.52825	0.5447559	0.453494	0.546506	5.366024
27096	-1497.657	-1593.023	95.36595	0.7070531	0.47214	0.52786	5.366024
27102	-1488.387	-1585.663	97.27615	0.8895823	0.30694	0.69306	4.196772
27108	-1492.853	-1590.872	98.01928	0.8979429	0.490487	0.509513	3.76701
27114	-1486.53	-1583.208	96.67798	0.731062	0.487374	0.512626	4.623544
27120	-1497.117	-1590.682	93.5656	0.6108797	0.576568	0.423432	6.402592
27126	-1489.35	-1584.679	95.32881	0.5377513	0.5711	0.4289	5.479728
27132	-1489.078	-1585.612	96.53387	0.5458963	0.513616	0.486384	4.807708
27138	-1476.517	-1571.821	95.30393	0.6161812	0.513616	0.486384	5.450256
27144	-1486.132	-1582.652	96.52013	0.5495517	0.482881	0.517119	4.813336
27150	-1489.577	-1585.608	96.03179	0.727192	0.473649	0.526351	4.986342
27156	-1485.203	-1580.29	95.08711	0.7292089	0.473649	0.526351	5.507366
27162	-1491.819	-1588.702	96.88367	0.6297643	0.517854	0.482146	4.564973
27168	-1479.119	-1574.586	95.46641	0.6737534	0.485549	0.514451	5.328982
27174	-1484.093	-1577.843	93.74936	0.6585642	0.541768	0.458232	6.276961
27180	-1499.41	-1594.461	95.05145	0.61247	0.51765	0.48235	5.591109
27186	-1482.004	-1579.98	97.97529	0.7274918	0.4006	0.5994	3.890337
27192	-1481.392	-1576.818	95.4259	0.3399305	0.583785	0.416215	5.535126
27198	-1482.736	-1578.164	95.4275	0.547532	0.583785	0.416215	5.420014
27204	-1491.895	-1588.518	96.6232	0.4726953	0.276659	0.723341	4.798708
27210	-1488.966	-1583.574	94.60811	0.4811777	0.455351	0.544649	5.905805
27216	-1479.742	-1575.005	95.26278	0.5940867	0.388902	0.611098	5.485061
27222	-1484.93	-1579.664	94.73385	0.6285942	0.346973	0.653027	5.756417
27228	-1479.96	-1574.715	94.75502	0.5000639	0.548255	0.451745	5.815173
27234	-1474.482	-1569.302	94.81983	0.5979607	0.548255	0.451745	5.726107
27240	-1473.912	-1569.532	95.61945	0.332912	0.532503	0.467497	5.432501
27246	-1474.334	-1568.427	94.09359	0.469288	0.518177	0.481823	6.19273
27252	-1479.644	-1573.101	93.4578	0.2374404	0.518177	0.481823	6.66316
27258	-1484.805	-1581.331	96.5264	0.7520037	0.579958	0.420042	4.696709
27264	-1478.139	-1574.821	96.68244	0.5959632	0.570094	0.429906	4.696709
27270	-1487.845	-1584.552	96.70771	0.7638573	0.504448	0.495552	4.58847
27276	-1487.948	-1582.664	94.71584	0.6420801	0.436384	0.563616	5.758894
27282	-1475.786	-1572.216	96.42978	0.6967915	0.570418	0.429582	4.781579
27288	-1474.188	-1571.333	97.1443	0.7775824	0.468074	0.531926	4.33489
27294	-1473.91	-1570.963	97.0527	0.6981591	0.353934	0.646066	4.43141
27300	-1485.705	-1581.773	96.06879	0.5272905	0.518399	0.481601	5.076781
27306	-1476.704	-1571.139	94.43493	0.6338464	0.497198	0.502802	5.91701
27312	-1476.296	-1572.567	96.27107	0.759779	0.478583	0.521417	4.834997
27318	-1481.304	-1577.48	96.1766	0.5307025	0.478583	0.521417	5.015054
27324	-1482.427	-1578.425	95.99808	0.7092226	0.504969	0.495031	5.015054
27330	-1479.421	-1576.389	96.96796	0.6425077	0.504969	0.495031	4.510448
27336	-1482.621	-1578.164	95.54278	0.4691459	0.376586	0.623414	5.399691
27342	-1485.873	-1581.927	96.05405	0.7137702	0.48104	0.51896	4.981429
27348	-1482.503	-1578.465	95.96243	0.61556	0.496616	0.503384	5.086814
27354	-1483.108	-1579.439	96.33121	0.4893118	0.33255	0.66745	4.952133
27360	-1480.648	-1577.205	96.5571	0.6419337	0.475966	0.524034	4.741098
27366	-1485.083	-1580.912	95.82889	0.6334864	0.44738	0.55262	5.15088
27372	-1488.433	-1584.069	95.63577	0.5187486	0.465552	0.534448	5.321061
27378	-1481.115	-1576.131	95.01632	0.6270912	0.486886	0.513114	5.60237
27384	-1475.215	-1571.027	95.81183	0.7044539	0.461668	0.538332	5.121018
27390	-1471.341	-1567.309	95.96831	0.729789	0.485048	0.514952	5.020161
27396	-1477.604	-1575.164	97.55991	0.6101595	0.453233	0.546767	4.194312
27402	-1483.863	-1579.717	95.85418	0.5005719	0.618998	0.381002	5.210437
27408	-1476.913	-1572.571	95.65751	0.6531436	0.513746	0.486254	5.234823
27414	-1472.37	-1569.328	96.95787	0.797455	0.513746	0.486254	4.428894
27420	-1483.356	-1579.366	96.01002	0.5463513	0.375746	0.624254	5.098796
27426	-1488.794	-1585.216	96.42211	0.7032125	0.538845	0.461155	4.782281
27432	-1484.467	-1580.698	96.23057	0.8947488	0.394353	0.605647	4.782281
27438	-1488.815	-1585.45	96.63445	0.6447139	0.476086	0.523914	4.696287
27444	-1482.376	-1579.135	96.75836	0.7673721	0.540622	0.459378	4.558067
27450	-1478.189	-1574.121	95.93148	0.8327471	0.466888	0.533112	4.983425
27456	-1480.621	-1577.481	96.85997	0.7845976	0.533163	0.466837	4.491265
27462	-1478.197	-1572.31	94.11386	0.3336732	0.483103	0.516897	6.255439
27468	-1474.057	-1569.443	95.3865	0.5667567	0.475085	0.524915	5.432006
27474	-1475.239	-1571.442	96.20332	0.7418091	0.437461	0.562539	4.882775
27480	-1476.819	-1573.551	96.73233	0.6917078	0.448408	0.551592	4.615132
27486	-1478.602	-1574.648	96.04562	0.5704485	0.368284	0.631716	5.06569
27492	-1478.293	-1574.123	95.83024	0.6217097	0.445304	0.554696	5.156649
27498	-1493.318	-1589.427	96.1089	0.4469212	0.511184	0.488816	5.099105
27504	-1489.824	-1585.127	95.30351	0.5264075	0.559867	0.440133	5.499889
27510	-1490.082	-1585.438	95.35619	0.4737189	0.48179	0.51821	5.499889
27516	-1482.105	-1577.54	95.43513	0.5114047	0.558704	0.441296	5.435711
27522	-1483.174	-1578.198	95.02432	0.4260205	0.558704	0.441296	5.708267
27528	-1476.31	-1571.427	95.11715	0.3646132	0.448769	0.551231	5.691049
27534	-1477.823	-1572.962	95.13844	0.3995227	0.523054	0.476946	5.66023
27540	-1482.696	-1576.926	94.23025	0.3451709	0.465082	0.534918	6.185907
27546	-1488.703	-1584.261	95.5587	0.5115423	0.277102	0.722898	5.367547
27552	-1485.336	-1582.257	96.92097	0.7535699	0.420932	0.579068	4.474399
27558	-1484.902	-1581.748	96.84608	0.7412846	0.601473	0.398527	4.523433
27564	-1481.7	-1578.486	96.78608	0.8521779	0.472231	0.527769	4.494814
27570	-1491.544	-1586.213	94.66935	0.5053022	0.437237	0.562763	5.859161
27576	-1495	-1589.378	94.37739	0.5962283	0.469862	0.530138	5.968959
27582	-1473.188	-1568.659	95.47095	0.6023134	0.468087	0.531913	5.365879
27588	-1489.734	-1583.976	94.24231	0.4358081	0.392084	0.607916	6.130022
27594	-1489.124	-1584.464	95.34007	0.4908873	0.410792	0.589208	5.499316
27600	-1486.702	-1581.855	95.15279	0.678163	0.329518	0.670482	5.499316
27606	-1486.229	-1582.651	96.42198	0.3190182	0.604678	0.395322	4.996333
27612	-1483.751	-1579.858	96.10756	0.6334426	0.347674	0.652326	4.996333
27618	-1479.216	-1574.043	94.82658	0.6566397	0.402506	0.597494	5.69025
27624	-1479.682	-1575.435	95.75303	0.5329261	0.350425	0.649575	5.248471
27630	-1475.815	-1572.042	96.22689	0.6393452	0.549984	0.450016	4.926699
27636	-1480.094	-1576.505	96.41101	0.5181973	0.547839	0.452161	4.891644
27642	-1479.789	-1576.193	96.4047	0.5245061	0.547839	0.452161	4.891644
27648	-1488.13	-1584.278	96.14838	0.7423747	0.547839	0.452161	4.913053
27654	-1485.075	-1581.413	96.33864	0.6750198	0.527538	0.472462	4.844583
27660	-1494.189	-1590.774	96.58471	0.6896297	0.536918	0.463082	4.698986
27666	-1485.659	-1582.524	96.86457	0.7300264	0.379569	0.620431	4.519372
27672	-1497.976	-1594.559	96.58299	0.6372436	0.345663	0.654337	4.729247
27678	-1491.921	-1588.505	96.58382	0.6011101	0.548606	0.451394	4.748981
27684	-1477.531	-1574.508	96.97645	0.685359	0.550447	0.449553	4.481566
27690	-1476.676	-1573.881	97.20532	0.6065218	0.352902	0.647098	4.397026
27696	-1474.427	-1571.018	96.59122	0.8095094	0.418778	0.581222	4.628199
27702	-1478.958	-1576.256	97.29814	0.8166365	0.607229	0.392771	4.225683
27708	-1479.132	-1575.841	96.70917	0.8036244	0.479065	0.520935	4.56533
27714	-1474.221	-1570.228	96.00696	0.4462716	0.543978	0.456022	5.15594
27720	-1489.823	-1585.422	95.59907	0.8546861	0.512799	0.487201	5.15565
27726	-1486.749	-1581.741	94.99183	0.5398763	0.405292	0.594708	5.663666
27732	-1495.001	-1591.298	96.29787	0.4716462	0.405292	0.594708	4.980485
27738	-1478.382	-1576.684	98.30143	0.783304	0.405292	0.594708	3.670242
27744	-1476.528	-1574.842	98.31456	0.9386141	0.530477	0.469523	3.572534
27750	-1479.465	-1575.477	96.01253	0.44001	0.550329	0.449671	5.156325
27756	-1476.371	-1572.281	95.9099	0.5676904	0.550329	0.449671	5.142449
27762	-1475.578	-1572.449	96.87039	0.7730518	0.409053	0.590947	4.491899
27768	-1478.406	-1573.588	95.18218	0.5470372	0.409053	0.590947	5.555244
27774	-1493.608	-1588.959	95.3509	0.3910548	0.37036	0.62964	5.548247
27780	-1486.158	-1582.018	95.85941	0.6072585	0.426776	0.573224	5.1485
27786	-1484.748	-1580.954	96.20549	0.5788547	0.329549	0.670451	4.972245
27792	-1483.792	-1581.326	97.53314	0.835096	0.471598	0.528402	4.081607
27798	-1477.362	-1574.684	97.32268	0.6732787	0.460051	0.539949	4.292995
27804	-1484.681	-1581.728	97.04712	0.9488385	0.428854	0.571146	4.292995
27810	-1475.562	-1571.791	96.22946	0.6403889	0.451846	0.548154	4.924686
27816	-1487.848	-1584.554	96.70649	0.7777642	0.334725	0.665275	4.581351
27822	-1478.129	-1574.691	96.56173	0.7627616	0.484631	0.515369	4.670912
27828	-1478.585	-1575.757	97.17267	0.7107463	0.335036	0.664964	4.356621
27834	-1482.789	-1578.377	95.58737	0.5914191	0.417002	0.582998	5.307663
27840	-1481.213	-1578.212	96.99855	0.6096211	0.416246	0.583754	4.511738
27846	-1479.893	-1575.656	95.76274	0.6286598	0.579143	0.420857	5.190164
27852	-1481.459	-1576.515	95.05633	0.5057925	0.391588	0.608412	5.646979
27858	-1473.668	-1570.076	96.40787	0.5933771	0.464325	0.535675	4.8515
27864	-1471.497	-1566.601	95.10426	0.6318027	0.396704	0.603296	5.551482
27870	-1477.945	-1573.391	95.44628	0.6184762	0.40736	0.59264	5.370572
27876	-1484.455	-1580.08	95.62541	0.8148189	0.523772	0.476228	5.163137
27882	-1478.98	-1573.873	94.89277	0.6822771	0.415156	0.584844	5.63989
27888	-1481.226	-1577.129	95.90298	0.6133375	0.3489	0.6511	5.120999
27894	-1474.319	-1572.048	97.72889	0.856939	0.587431	0.412569	3.957357
27900	-1478.037	-1573.021	94.98452	0.4325619	0.468295	0.531705	5.726492
27906	-1487.232	-1581.852	94.62011	0.3760943	0.426105	0.573895	5.95663
27912	-1494.437	-1590.53	96.09276	0.4646797	0.437663	0.562337	5.098207
27918	-1487.34	-1584.551	97.21082	1.031138	0.421685	0.578315	4.153475
27924	-1491.863	-1586.473	94.6108	0.6526533	0.537625	0.462375	5.810595
27930	-1496.563	-1593.756	97.19275	0.7634677	0.380085	0.619915	4.315475
27936	-1494.128	-1589.608	95.47993	0.6365987	0.380085	0.619915	5.342017
27942	-1480.028	-1576.454	96.42598	0.5937728	0.399944	0.600056	4.841183
27948	-1483.378	-1579.603	96.22503	0.7947275	0.457105	0.542895	4.841183
27954	-1490.045	-1586.472	96.42736	0.7805181	0.414854	0.585146	4.736153
27960	-1490.983	-1587.66	96.67659	0.7279294	0.549469	0.450531	4.626077
27966	-1484.663	-1582.719	98.05575	0.8441161	0.430009	0.569991	3.777015
27972	-1484.227	-1581.985	97.75752	0.6325148	0.498885	0.501115	4.069185
27978	-1492.278	-1589.76	97.4817	0.9083406	0.392151	0.607849	4.069185
27984	-1483.411	-1581.255	97.8445	0.8945637	0.433352	0.566648	3.869517
27990	-1478.083	-1575.095	97.01171	0.7962311	0.433352	0.566648	4.399224
27996	-1479.178	-1576.129	96.95078	0.7962311	0.49017	0.50983	4.43358
28002	-1482.291	-1578.221	95.92938	0.6609521	0.547661	0.452339	5.079971
28008	-1479.477	-1574.466	94.98893	0.4548411	0.422856	0.577144	5.711872
28014	-1490.232	-1588.474	98.24247	0.9089695	0.524203	0.475797	3.631601
28020	-1492.198	-1590.967	98.76891	1.224086	0.499554	0.500446	3.137732
28026	-1486.955	-1585.906	98.95086	1.224086	0.601866	0.398134	3.029151
28032	-1486.401	-1585.589	99.18813	0.9651079	0.53277	0.46723	3.042144
28038	-1492.124	-1589.516	97.3924	0.790895	0.634192	0.365808	4.186806
28044	-1492.109	-1589.073	96.9636	0.7098282	0.300555	0.699445	4.475026
28050	-1481.82	-1578.494	96.6744	0.790895	0.36552	0.63448	4.591994
28056	-1476.466	-1572.653	96.18718	0.796937	0.370447	0.629553	4.861052
28062	-1479.931	-1576.412	96.4808	0.6428827	0.528756	0.471244	4.783195
28068	-1479.428	-1575.454	96.0256	0.7899117	0.54593	0.45407	4.954915
28074	-1482.807	-1578.814	96.00706	0.8084593	0.448447	0.551553	4.954915
28080	-1474.283	-1572.492	98.20831	0.7475452	0.486837	0.513163	3.744726
28086	-1480.06	-1577.037	96.97651	0.683302	0.486837	0.513163	4.482685
28092	-1488.338	-1585.083	96.7452	0.7885954	0.486837	0.513163	4.553534
28098	-1486.09	-1582.843	96.75303	0.9177641	0.567137	0.432863	4.476509
28104	-1490.075	-1587.101	97.02653	0.7318434	0.571777	0.428223	4.427178
28110	-1482.579	-1579.126	96.54744	0.9234464	0.529967	0.470033	4.588854
28116	-1489.136	-1587.174	98.03836	0.9565009	0.447876	0.552124	3.722211
28122	-1480.922	-1577.32	96.39792	0.7877433	0.431049	0.568951	4.748571
28128	-1484.377	-1580.783	96.40576	0.7831582	0.4816	0.5184	4.746753
28134	-1487.785	-1586.677	98.89112	1.067929	0.352821	0.647179	3.157914
28140	-1480.055	-1577.284	97.22856	0.6388453	0.542572	0.457428	4.365664
28146	-1481.901	-1577.657	95.75548	0.6388453	0.502679	0.497321	5.188544
28152	-1485.82	-1580.944	95.12461	0.5997657	0.40435	0.59565	5.557903
28158	-1478.934	-1574.139	95.20492	0.5194598	0.509765	0.490235	5.557903
28164	-1477.604	-1573.521	95.91628	0.422365	0.371666	0.628334	5.219346
28170	-1490.163	-1587.059	96.89582	0.6166348	0.355804	0.644196	4.565518
28176	-1491.957	-1586.718	94.7614	0.5719535	0.534351	0.465649	5.772343
28182	-1493.299	-1589.76	96.46078	0.7039604	0.390609	0.609391	4.760265
28188	-1481.678	-1577.139	95.46092	0.6101164	0.468596	0.531404	5.367106
28194	-1491.399	-1587.058	95.65908	0.4438463	0.383145	0.616855	5.349523
28200	-1487.787	-1582.696	94.9089	0.6295795	0.558413	0.441587	5.659951
28206	-1480.776	-1576.283	95.50645	0.5708113	0.556319	0.443681	5.363675
28212	-1481.019	-1576.539	95.52003	0.503089	0.422777	0.577223	5.393524
28218	-1475.52	-1568.794	93.27409	0.4462307	0.527797	0.472203	6.649601
28224	-1478.05	-1571.301	93.25094	0.4693775	0.52964	0.47036	6.649601
28230	-1486.981	-1582.604	95.62317	0.5272033	0.31871	0.68129	5.323347
28236	-1481.641	-1577.02	95.37873	0.6260525	0.436305	0.563695	5.403628
28242	-1491.228	-1587.727	96.49878	0.608614	0.452491	0.547509	4.792287
28248	-1485.042	-1579.766	94.72369	0.483415	0.50057	0.49943	5.841414
28254	-1468.942	-1564.653	95.71085	0.5832774	0.407913	0.592087	5.243957
28260	-1475.555	-1571.714	96.15872	0.5601658	0.56025	0.43975	5.008618
28266	-1480.384	-1576.14	95.75589	0.7434465	0.45881	0.54119	5.130404
28272	-1480.327	-1577.382	97.05524	0.7434465	0.448793	0.551207	4.404443
28278	-1481.288	-1578.429	97.14191	0.6567767	0.448793	0.551207	4.404443
28284	-1474.759	-1570.452	95.69296	0.5945179	0.487159	0.512841	5.247631
28290	-1477.021	-1573.55	96.5285	0.5945179	0.416069	0.583931	4.783566
28296	-1482.716	-1577.721	95.00533	0.3822412	0.482558	0.517442	5.742659
28302	-1485.355	-1581.611	96.25646	0.6561443	0.463631	0.536369	4.90089
28308	-1482.372	-1578.293	95.92106	0.7320204	0.463631	0.536369	5.045157
28314	-1481.605	-1576.818	95.21314	0.575226	0.489624	0.510376	5.522738
28320	-1474.736	-1570.701	95.96428	0.6888021	0.457486	0.542514	5.045157
28326	-1475.922	-1571.924	96.00217	0.6509072	0.491795	0.508205	5.045157
28332	-1478.368	-1574.245	95.87634	0.6927331	0.423766	0.576234	5.091759
28338	-1484.898	-1582.14	97.24279	0.7813535	0.42398	0.57602	4.277042
28344	-1487.983	-1582.15	94.16712	0.4404897	0.548911	0.451089	6.168398
28350	-1477.298	-1571.768	94.46994	0.5574648	0.39016	0.60984	5.939599
28356	-1483.439	-1580.273	96.83438	0.5134367	0.39016	0.60984	4.657853
28362	-1475.956	-1572.557	96.60087	0.7469455	0.497027	0.502973	4.657853
28368	-1478.284	-1574.13	95.84681	0.9551685	0.490058	0.509942	4.962442
28374	-1484.046	-1581.424	97.37757	0.9011926	0.558586	0.441414	4.132546
28380	-1489.069	-1585.078	96.00919	0.5660156	0.455509	0.544491	5.088356
28386	-1493.705	-1587.628	93.92343	0.355773	0.405306	0.594694	6.34686
28392	-1478.246	-1572.307	94.06128	0.5091967	0.527143	0.472857	6.188596
28398	-1478.12	-1574.372	96.25183	0.7618735	0.527143	0.472857	4.844556
28404	-1485.511	-1581.797	96.286	0.6864778	0.413336	0.586664	4.867539
28410	-1482.786	-1577.898	95.11216	0.665343	0.443473	0.556527	5.528709
28416	-1478.327	-1575.262	96.93508	0.7693236	0.443111	0.556889	4.457586
28422	-1476.245	-1570.536	94.29072	0.5485633	0.443111	0.556889	6.042229
28428	-1485.399	-1580.676	95.27689	0.6819009	0.443111	0.556889	5.428962
28434	-1478.283	-1573.623	95.34001	0.6187792	0.418691	0.581309	5.428962
28440	-1484.852	-1580.084	95.23183	0.4702358	0.604434	0.395566	5.57016
28446	-1487.196	-1582.426	95.23	0.4720728	0.489675	0.510325	5.57016
28452	-1494.86	-1591.349	96.48916	0.7274928	0.469195	0.530805	4.73125
28458	-1488.66	-1582.708	94.04805	0.5251661	0.442139	0.557861	6.18711
28464	-1485.525	-1582.285	96.7602	0.6752066	0.442139	0.557861	4.60876
28470	-1480.646	-1575.447	94.80164	0.593457	0.619005	0.380995	5.738535
28476	-1476.178	-1572.017	95.83822	0.6624498	0.50383	0.49617	5.129667
28482	-1476.591	-1573.107	96.51651	0.6530364	0.289827	0.710173	4.757578
28488	-1480.807	-1578.165	97.35769	0.6054695	0.403973	0.596027	4.311552
28494	-1477.996	-1572.878	94.88229	0.6596184	0.417387	0.582613	5.658071
28500	-1476.855	-1573.39	96.53477	0.6910249	0.491262	0.508738	4.72614
28506	-1489.755	-1586.184	96.42929	0.5069013	0.296655	0.703345	4.887755
28512	-1496.745	-1594.278	97.53358	0.6971025	0.428933	0.571067	4.159885
28518	-1488.415	-1583.801	95.38674	0.4966805	0.412178	0.587822	5.470454
28524	-1480.417	-1576.849	96.43188	0.6922073	0.509525	0.490475	4.782966
28530	-1482.539	-1579.395	96.85528	0.6503253	0.422289	0.577711	4.569367
28536	-1478.441	-1574.786	96.34572	0.7262143	0.467388	0.532612	4.812081
28542	-1484.192	-1581.321	97.12915	0.7262143	0.467388	0.532612	4.372465
28548	-1482.703	-1579.582	96.87945	0.8443159	0.32061	0.67939	4.446676
28554	-1486.295	-1582.835	96.53977	0.8533265	0.441527	0.558473	4.632482
28560	-1487.305	-1583.965	96.65966	0.570483	0.543944	0.456056	4.723708
28566	-1480.334	-1576.185	95.85065	0.7120894	0.508507	0.491493	5.09527
28572	-1480.494	-1575.762	95.268	0.7232429	0.543124	0.456876	5.411087
28578	-1472.052	-1568.333	96.28075	0.5605848	0.499546	0.500454	4.940551
28584	-1489.879	-1584.524	94.64518	0.5629767	0.395181	0.604819	5.840842
28590	-1488.478	-1583.794	95.31521	0.230411	0.567669	0.432331	5.65603
28596	-1500.659	-1596.586	95.92739	0.3393695	0.483482	0.516518	5.25908
28602	-1496.156	-1590.009	93.85249	0.8098794	0.556111	0.443889	6.138594
28608	-1494.065	-1588.488	94.42249	0.5376941	0.425199	0.574801	5.976289
28614	-1493.982	-1591.26	97.27766	0.6281232	0.425199	0.574801	4.343989
28620	-1495.038	-1590.866	95.82805	0.581116	0.316089	0.683911	5.180333
28626	-1489.976	-1586.117	96.14079	0.6497898	0.45851	0.54149	4.968781
28632	-1488.44	-1583.272	94.83205	0.3431207	0.523954	0.476046	5.858876
28638	-1493.015	-1590.094	97.07821	0.4124096	0.570409	0.429591	4.57778
28644	-1493.441	-1589.004	95.56345	0.4308574	0.43096	0.56904	5.409399
28650	-1490.269	-1585.007	94.73813	0.5786916	0.51453	0.48547	5.781393
28656	-1491.55	-1587.386	95.83547	0.6113118	0.391838	0.608162	5.159511
28662	-1490.609	-1588.526	97.91633	0.6062517	0.385748	0.614252	3.993526
28668	-1493.775	-1593.007	99.23117	0.9594767	0.385748	0.614252	3.019744
28674	-1482.1	-1578.266	96.16565	0.5820727	0.359927	0.640073	4.9926
28680	-1480.845	-1578.651	97.80619	0.7370317	0.513356	0.486644	3.981728
28686	-1484.323	-1581.752	97.42849	0.7370317	0.513356	0.486644	4.196892
28692	-1476.286	-1573.545	97.25894	0.7870112	0.457152	0.542848	4.26469
28698	-1479.191	-1576.619	97.42753	0.793596	0.490773	0.509227	4.165314
28704	-1476.404	-1572.456	96.05228	0.5049901	0.543612	0.456388	5.098301
28710	-1486.7	-1581.857	95.15672	0.5673283	0.433352	0.566648	5.558083
28716	-1486.433	-1583.476	97.04279	0.5681638	0.506335	0.493665	4.510174
28722	-1482.023	-1578.066	96.04322	0.6078139	0.48868	0.51132	5.046294
28728	-1491.378	-1587.643	96.26488	0.6372864	0.512025	0.487975	4.906702
28734	-1487.621	-1584.432	96.81114	0.6055625	0.512025	0.487975	4.619244
28740	-1483.698	-1579.903	96.20541	0.6464122	0.372477	0.627523	4.934719
28746	-1484.315	-1579.613	95.29802	0.5583272	0.35055	0.64945	5.485348
28752	-1490.688	-1586.053	95.36463	0.4917175	0.423033	0.576967	5.485348
28758	-1485.935	-1581.821	95.88543	0.7512383	0.453828	0.546172	5.054263
28764	-1490.452	-1585.883	95.43094	0.5973617	0.625187	0.374813	5.390666
28770	-1487.541	-1583.698	96.15764	0.5856481	0.317504	0.682496	4.995062
28776	-1479.007	-1575.605	96.59761	0.6508351	0.535132	0.464868	4.713474
28782	-1484.643	-1579.876	95.2337	0.5376455	0.415853	0.584147	5.53209
28788	-1483.847	-1580.627	96.78012	0.6555065	0.385906	0.614094	4.608633
28794	-1487.228	-1584.744	97.51592	0.7673369	0.45143	0.54857	4.129994
28800	-1475.905	-1574.46	98.55513	0.9727663	0.382617	0.617383	3.412212
28806	-1475.273	-1572.571	97.2975	0.9500902	0.411947	0.588053	4.150275
28812	-1473.061	-1571.117	98.05623	1.008142	0.406643	0.593357	3.682027
28818	-1469.605	-1567.121	97.51588	0.8884763	0.470089	0.529911	4.061023
28824	-1476.939	-1574.167	97.22774	0.7545091	0.419004	0.580996	4.300751
28830	-1472.058	-1568.563	96.50501	0.676551	0.491428	0.508572	4.750863
28836	-1480.918	-1577.69	96.77152	0.481638	0.377384	0.622616	4.710836
28842	-1487.772	-1585.533	97.76084	0.7184289	0.578001	0.421999	4.018271
28848	-1485.963	-1582.013	96.05062	0.419439	0.550618	0.449382	5.146623
28854	-1489.734	-1583.891	94.15639	0.4161739	0.379101	0.620899	6.187462
28860	-1498.48	-1594.665	96.18484	0.5799113	0.626396	0.373604	4.983135
28866	-1496.718	-1593.152	96.4338	0.5951508	0.420135	0.579865	4.836058
28872	-1478.242	-1574.579	96.33724	0.6917064	0.477042	0.522958	4.836058
28878	-1476.319	-1572.969	96.64965	0.5832639	0.459171	0.540829	4.72216
28884	-1480.485	-1578.387	97.90278	0.9828747	0.379384	0.620616	3.785203
28890	-1476.435	-1573.128	96.69282	0.8918734	0.400308	0.599692	4.524935
28896	-1476.818	-1573.516	96.69833	0.5571501	0.586395	0.413605	4.709537
28902	-1486.92	-1582.065	95.14491	0.550081	0.455894	0.544106	5.574047
28908	-1479.398	-1576.009	96.61089	0.6141059	0.473638	0.526362	4.726587
28914	-1486.547	-1584.218	97.67053	0.8348937	0.635016	0.364984	4.003331
28920	-1483.733	-1579.913	96.17989	0.6215982	0.548833	0.451167	4.962713
28926	-1479.396	-1574.229	94.83267	0.569764	0.40856	0.59144	5.734517
28932	-1484.975	-1580.683	95.7082	0.687115	0.352496	0.647504	5.187997
28938	-1477.497	-1572.918	95.4209	0.5746591	0.386787	0.613213	5.408707
28944	-1481.203	-1577.216	96.01304	0.6734008	0.414644	0.585356	5.026638
28950	-1493.122	-1590.546	97.42379	0.802669	0.48853	0.51147	4.162282
28956	-1489.975	-1587.392	97.41735	0.7733843	0.48853	0.51147	4.182581
28962	-1477.123	-1574.323	97.19991	0.6680611	0.456486	0.543514	4.365347
28968	-1477.716	-1575.827	98.11163	0.7319438	0.487504	0.512496	3.809434
28974	-1467.77	-1563.156	95.38636	0.5608141	0.37268	0.62732	5.435359
28980	-1473.075	-1568.41	95.33468	0.4003728	0.481736	0.518264	5.552036
28986	-1479.319	-1574.869	95.55018	0.6001791	0.422962	0.577038	5.323355
28992	-1477.471	-1572.417	94.9453	0.4948016	0.454004	0.545996	5.713878
28998	-1484.341	-1581.65	97.30826	0.5639113	0.502779	0.497221	4.362973
29004	-1471.52	-1567.106	95.58684	0.4466391	0.468146	0.531854	5.387811
29010	-1475.172	-1570.644	95.47253	0.5609492	0.460408	0.539592	5.387811
29016	-1481.704	-1577.307	95.60338	0.4300966	0.411195	0.588805	5.387811
29022	-1499.189	-1596.42	97.23032	0.8659273	0.451402	0.548598	4.236188
29028	-1501.417	-1599.222	97.80486	0.9192203	0.451402	0.548598	3.878114
29034	-1492.852	-1589.861	97.00845	0.6532563	0.425996	0.574004	4.481619
29040	-1492.244	-1588.599	96.35473	0.6293843	0.425996	0.574004	4.861054
29046	-1486.176	-1582.532	96.35667	0.6274445	0.497713	0.502287	4.861054
29052	-1480.773	-1578.359	97.58594	0.748618	0.468609	0.531391	4.100795
29058	-1490.312	-1588.613	98.3011	0.8951689	0.468609	0.531391	3.60559
29064	-1486.083	-1582.519	96.4353	0.6791047	0.481597	0.518403	4.788375
29070	-1481.992	-1579.251	97.25879	0.7655902	0.48034	0.51966	4.276908
29076	-1480.516	-1576.496	95.97976	0.8600068	0.395266	0.604734	4.941424
29082	-1483.455	-1579.998	96.54255	0.8135586	0.528197	0.471803	4.653204
29088	-1480.51	-1578.977	98.46606	0.7626266	0.478733	0.521267	3.586761
29094	-1486.504	-1584.932	98.42837	1.05808	0.333378	0.666622	3.43648
29100	-1484.875	-1580.758	95.88312	0.6491049	0.406946	0.593054	5.112182
29106	-1478.408	-1574.151	95.74259	0.7359004	0.406946	0.593054	5.141956
29112	-1475.37	-1570.254	94.88399	0.5858278	0.559645	0.440355	5.697593
29118	-1485.033	-1580.771	95.73798	0.6298863	0.392799	0.607201	5.203187
29124	-1484.656	-1581.061	96.40485	0.7403442	0.472869	0.527131	4.77118
29130	-1479.529	-1577.723	98.19452	0.9460947	0.472869	0.527131	3.637873
29136	-1477.844	-1575.745	97.90159	0.8283755	0.498246	0.501754	3.87474
29142	-1483.689	-1581.702	98.01334	0.8084528	0.485338	0.514662	3.82197
29148	-1482.151	-1579.563	97.41192	0.7771748	0.471654	0.528346	4.183507
29154	-1483.743	-1580.609	96.86553	0.7068037	0.387653	0.612347	4.531884
29160	-1487.244	-1581.749	94.505	0.604253	0.368676	0.631324	5.8949
29166	-1493.094	-1587.415	94.3206	0.5490351	0.338401	0.661599	6.02568
29172	-1481.631	-1577.063	95.43154	0.5701233	0.509119	0.490881	5.405342
29178	-1488.61	-1584.888	96.2788	0.5701233	0.511251	0.488749	4.936332
29184	-1485.014	-1579.93	94.91562	0.4458491	0.506287	0.493713	5.756952
29190	-1483.143	-1577.731	94.58792	0.4929487	0.471912	0.528088	5.910407
29196	-1490.933	-1586.139	95.20561	0.6041699	0.368112	0.631888	5.510964
29202	-1485.513	-1580.385	94.87212	0.7247004	0.567553	0.432447	5.627942
29208	-1487.464	-1583.665	96.20019	0.8032634	0.356452	0.643548	4.85027
29214	-1481.357	-1577.884	96.5267	0.8233144	0.356452	0.643548	4.65662
29220	-1477.616	-1573.266	95.64961	0.7649415	0.356452	0.643548	5.17735
29226	-1482.88	-1579.185	96.30451	0.6641016	0.438996	0.561004	4.869689
29232	-1490.114	-1586.768	96.65423	0.6585373	0.44379	0.55621	4.677478
29238	-1494.601	-1589.092	94.49086	0.6631917	0.40272	0.59728	5.870421
29244	-1488.813	-1587.899	99.08551	0.9787268	0.533782	0.466218	3.095306
29250	-1484.998	-1582.314	97.31574	0.4670188	0.576142	0.423858	4.413428
29256	-1476.331	-1571.635	95.30404	0.4031395	0.536724	0.463276	5.56735
29262	-1487.439	-1586.824	99.38565	0.905579	0.390567	0.609433	2.959352
29268	-1486.571	-1585.947	99.37631	1.026264	0.38148	0.61852	2.892204
29274	-1486.469	-1585.15	98.68117	1.066375	0.381385	0.618615	3.283104
29280	-1486.016	-1581.661	95.64531	0.4444846	0.451302	0.548698	5.356764
29286	-1481.262	-1577.71	96.44851	0.8329219	0.451302	0.548698	4.695014
29292	-1481.263	-1577.025	95.76194	0.5801241	0.457632	0.542368	5.217453
29298	-1481.174	-1577.129	95.9552	0.5208361	0.479754	0.520246	5.143314
29304	-1495.728	-1591.75	96.02213	0.5401445	0.689032	0.310968	5.095524
29310	-1482.192	-1578.301	96.10867	0.5214165	0.499025	0.500975	5.057914
29316	-1478.785	-1573.855	95.06911	0.6373048	0.478187	0.521813	5.567772
29322	-1482.97	-1578.753	95.78337	0.7577396	0.469412	0.530588	5.107256
29328	-1489.795	-1584.385	94.5904	0.6023935	0.493871	0.506129	5.849239
29334	-1499.104	-1595.34	96.23621	0.7335807	0.525439	0.474561	4.869034
29340	-1475.003	-1573.126	98.12312	0.845799	0.418886	0.581114	3.73719
29346	-1481.279	-1578.403	97.12386	0.6629863	0.380617	0.619383	4.411123
29352	-1481.664	-1577.355	95.69147	0.6639462	0.486975	0.513025	5.210069
29358	-1486.061	-1584.399	98.33774	0.9585179	0.333104	0.666896	3.547468
29364	-1484.945	-1581.061	96.11575	0.5324509	0.550317	0.449683	5.047865
29370	-1480.176	-1575.738	95.56232	0.5762863	0.395202	0.604798	5.32984
29376	-1485.187	-1581.696	96.50853	0.568896	0.478687	0.521313	4.809015
29382	-1478.343	-1574.978	96.63577	0.6237638	0.377408	0.622592	4.707267
29388	-1478.736	-1575.341	96.60481	0.6547216	0.343769	0.656231	4.707267
29394	-1490.254	-1588.493	98.2394	0.8298781	0.485106	0.514894	3.679189
29400	-1487.705	-1583.458	95.75312	0.8349876	0.383974	0.616026	5.081204
29406	-1483.707	-1581.464	97.75705	0.9509156	0.420315	0.579685	3.887364
29412	-1485.521	-1581.708	96.18757	0.9565847	0.421867	0.578133	4.771762
29418	-1484.132	-1582.581	98.4497	1.133051	0.443122	0.556878	3.380049
29424	-1482.327	-1578.089	95.76148	0.6158936	0.454151	0.545849	5.197926
29430	-1486.625	-1582.112	95.48728	0.5650928	0.53051	0.46949	5.3774
29436	-1478.849	-1576.312	97.46301	0.8615142	0.628557	0.371443	4.106508
29442	-1481.252	-1577.337	96.08426	0.820391	0.472062	0.527938	4.905314
29448	-1477.989	-1574.32	96.33107	0.5735878	0.472062	0.527938	4.905314
29454	-1485.074	-1581.45	96.37619	0.6692259	0.573912	0.426088	4.826874
29460	-1477.79	-1573.438	95.64793	0.588455	0.508621	0.491379	5.275862
29466	-1489.502	-1586.103	96.60011	0.8259286	0.508621	0.491379	4.614011
29472	-1478.46	-1575.71	97.25029	0.7272133	0.418572	0.581428	4.303438
29478	-1480.826	-1576.874	96.04815	0.6042687	0.468431	0.531569	5.045524
29484	-1492.794	-1588.078	95.28407	0.7268788	0.404457	0.595543	5.400228
29490	-1482.624	-1578.669	96.04561	0.6720119	0.402623	0.597377	5.009319
29496	-1480.823	-1577.199	96.37619	0.6130342	0.452673	0.547327	4.858202
29502	-1483.575	-1580.338	96.76269	0.6681655	0.284054	0.715946	4.61131
29508	-1481.677	-1578.734	97.05687	0.6860675	0.354008	0.645992	4.435873
29514	-1471.546	-1567.939	96.39289	0.6067853	0.409621	0.590379	4.852379
29520	-1474.939	-1570.967	96.02787	0.6067853	0.421668	0.578332	5.055383
29526	-1487.844	-1584.082	96.23847	0.5727857	0.495179	0.504821	4.957283
29532	-1475.535	-1571.427	95.89267	0.7318871	0.488975	0.511025	5.060982
29538	-1477.633	-1573.469	95.83568	0.4271764	0.559513	0.440487	5.261237
29544	-1478.28	-1574.473	96.19369	0.3480885	0.572219	0.427781	5.106889
29550	-1470.537	-1567.855	97.31789	0.7402005	0.425052	0.574948	4.257814
29556	-1471.642	-1568.655	97.01276	0.8809147	0.351695	0.648305	4.350829
29562	-1469.318	-1565.326	96.00806	0.6930662	0.519432	0.480568	5.018484
29568	-1466.459	-1563.402	96.94228	0.7453066	0.401246	0.598754	4.467055
29574	-1480.875	-1578.392	97.51729	0.8185652	0.472022	0.527978	4.100057
29580	-1475.606	-1572.363	96.757	0.9571844	0.444825	0.555175	4.452077
29586	-1477.756	-1573.617	95.86061	0.7002627	0.532403	0.467597	5.096303
29592	-1486.603	-1583.086	96.48256	0.6599055	0.480073	0.519927	4.772707
29598	-1481.012	-1577.934	96.92271	0.7390744	0.558135	0.441865	4.481577
29604	-1487.112	-1584.094	96.98192	0.6344376	0.600255	0.399745	4.507132
29610	-1486.86	-1582.618	95.75751	0.422067	0.453439	0.546561	5.30723
29616	-1484.718	-1579.935	95.21733	0.43847	0.512695	0.487305	5.595568
29622	-1476.18	-1572.126	95.94544	0.6322469	0.441039	0.558961	5.086982
29628	-1486.696	-1582.483	95.78667	0.6351991	0.525967	0.474033	5.173301
29634	-1482.545	-1579.085	96.53974	0.7779109	0.609161	0.390839	4.674744
29640	-1489.774	-1586.093	96.31857	0.627033	0.512698	0.487302	4.882512
29646	-1489.622	-1584.373	94.75039	0.6331584	0.493963	0.506037	5.744862
29652	-1486.926	-1584.668	97.7421	0.7230526	0.522717	0.477283	4.026334
29658	-1483.178	-1581.406	98.22829	0.7200834	0.522717	0.477283	3.749048
29664	-1486.339	-1583.964	97.62503	0.7105573	0.436278	0.563722	4.100208
29670	-1481.376	-1576.584	95.20794	0.6970593	0.40891	0.59109	5.458576
29676	-1477.741	-1574.686	96.94478	0.8309993	0.54653	0.45347	4.417363
29682	-1481.923	-1579.367	97.444	0.7939859	0.340802	0.659198	4.155732
29688	-1485.439	-1581.447	96.00754	0.5859805	0.324471	0.675529	5.078199
29694	-1480.338	-1576.261	95.92281	0.6047578	0.45145	0.54855	5.114765
29700	-1487.741	-1586.139	98.39782	0.813493	0.572961	0.427039	3.596853
29706	-1494.34	-1591.654	97.31416	0.9831318	0.468152	0.531848	4.122007
29712	-1491.338	-1588.468	97.12949	0.5624446	0.474917	0.525083	4.464606
29718	-1502.936	-1599.406	96.46934	0.7601008	0.511395	0.488605	4.7241
29724	-1485.936	-1582.085	96.14946	0.611878	0.371912	0.628088	4.98503
29730	-1486.949	-1582.011	95.06124	0.6117406	0.498386	0.501614	5.586136
29736	-1489.337	-1584.629	95.29167	0.7154174	0.52504	0.47496	5.402358
29742	-1487.027	-1582.896	95.86944	0.520252	0.445353	0.554647	5.191111
29748	-1493.749	-1589.672	95.92257	0.4671147	0.551243	0.448757	5.191111
29754	-1485.72	-1581.523	95.80328	0.553174	0.490069	0.509931	5.209497
29760	-1485.968	-1580.274	94.30583	0.6921184	0.432932	0.567068	5.95568
29766	-1483.855	-1578.016	94.16165	0.3956547	0.423388	0.576612	6.19576
29772	-1482.165	-1575.955	93.79041	0.5456804	0.471637	0.528363	6.315979
29778	-1489.9	-1587.355	97.45544	0.5932568	0.471637	0.528363	4.263136
29784	-1477.552	-1573.844	96.29226	0.7501708	0.406236	0.593764	4.828537
29790	-1486.032	-1581.513	95.48058	0.5037874	0.299517	0.700483	5.414872
29796	-1488.106	-1583.508	95.40163	0.5827349	0.461307	0.538693	5.414872
29802	-1484.449	-1579.681	95.23196	0.5552834	0.454148	0.545852	5.523355
29808	-1486.929	-1582.283	95.35328	0.5596975	0.491377	0.508623	5.454186
29814	-1500.977	-1596.236	95.25881	0.6541636	0.444577	0.555423	5.454186
29820	-1484.448	-1579.062	94.61458	0.5830687	0.447179	0.552821	5.846589
29826	-1485.016	-1579.562	94.5458	0.6518421	0.521245	0.478755	5.846589
29832	-1484.513	-1580.361	95.84797	0.6566519	0.485866	0.514134	5.127478
29838	-1485.124	-1581.31	96.18542	0.6127053	0.53676	0.46324	4.964582
29844	-1493.756	-1589.417	95.66133	0.7515797	0.552398	0.447602	5.178261
29850	-1494.638	-1590.589	95.95132	0.5841669	0.391607	0.608393	5.110375
29856	-1497.74	-1594.066	96.32666	0.576246	0.555413	0.444587	4.906287
29862	-1486.105	-1581.697	95.59168	0.4761752	0.514737	0.485263	5.368861
29868	-1483.832	-1580.889	97.05706	0.6792485	0.388381	0.611619	4.43961
29874	-1485.191	-1579.893	94.70129	0.5397777	0.523536	0.476464	5.82284
29880	-1487.156	-1582.538	95.38242	0.6312667	0.524203	0.475797	5.398718
29886	-1475.333	-1571.849	96.51652	0.678059	0.500837	0.499163	4.74359
29892	-1471.957	-1566.682	94.72468	0.4907702	0.500837	0.499163	5.836855
29898	-1485.947	-1582.026	96.07878	0.6940442	0.500837	0.499163	4.978651
29904	-1478.944	-1575.038	96.09418	0.6786381	0.537317	0.462683	4.978651
29910	-1478.195	-1574.651	96.45584	0.8695616	0.537317	0.462683	4.670401
29916	-1480.211	-1577.598	97.38794	1.018193	0.593446	0.406554	4.060007
29922	-1479.735	-1578.114	98.37973	0.8333872	0.516663	0.483337	3.595809
29928	-1487.677	-1584.788	97.11087	0.7608309	0.515294	0.484706	4.363239
29934	-1487.852	-1584.2	96.34791	0.8279796	0.417489	0.582511	4.754032
29940	-1482.876	-1579.633	96.75725	0.6223449	0.417489	0.582511	4.640049
29946	-1485.091	-1580.499	95.40739	0.8600772	0.396538	0.603462	5.258688
29952	-1486.202	-1581.609	95.40667	0.8096676	0.418965	0.581035	5.286931
29958	-1483.506	-1578.913	95.40711	0.6758148	0.549487	0.450513	5.360554
29964	-1487.017	-1584.272	97.25509	0.6758148	0.472065	0.527935	4.329787
29970	-1486.946	-1583.549	96.60261	0.4514647	0.503885	0.496115	4.822041
29976	-1473.765	-1569.968	96.20234	0.6652178	0.503885	0.496115	4.925962
29982	-1481.901	-1576.579	94.67796	0.1778743	0.506187	0.493813	6.033205
29988	-1486.487	-1581.179	94.69204	0.1637929	0.454958	0.545042	6.033205
29994	-1482.787	-1577.534	94.74707	0.1707469	0.397663	0.602337	5.999404
30000	-1489.43	-1585.976	96.54609	0.686879	0.397663	0.602337	4.722128
30006	-1496.18	-1590.805	94.62488	0.6476326	0.397663	0.602337	5.805638
30012	-1486.309	-1582.766	96.45685	0.5593688	0.439471	0.560529	4.843156
30018	-1491.304	-1586.129	94.82538	0.4976667	0.557213	0.442787	5.777984
30024	-1497.359	-1593.864	96.50544	0.6962449	0.501574	0.498426	4.739617
30030	-1490.987	-1587.652	96.66468	0.5785437	0.545683	0.454317	4.71639
30036	-1487.758	-1583.048	95.28988	0.5922332	0.410698	0.589302	5.471174
30042	-1475.726	-1570.905	95.17942	0.7026857	0.502704	0.497296	5.471174
30048	-1483.449	-1578.686	95.2377	0.6444078	0.403588	0.596412	5.471174
30054	-1484.971	-1581.705	96.73396	0.7680428	0.462265	0.537735	4.571389
30060	-1486.508	-1582.675	96.16655	0.6918464	0.494331	0.505669	4.931059
30066	-1484.438	-1580.786	96.34798	0.5104246	0.417517	0.582483	4.931059
30072	-1475.228	-1572.506	97.27795	0.8568953	0.483126	0.516874	4.2143
30078	-1481.614	-1578.616	97.00218	0.6587783	0.485936	0.514064	4.48204
30084	-1483.961	-1581.355	97.39338	0.6578821	0.485684	0.514316	4.261683
30090	-1477.574	-1575.734	98.16048	0.8673695	0.484775	0.515225	3.703147
30096	-1477.574	-1574.907	97.33331	0.7041827	0.461487	0.538513	4.269483
30102	-1488.727	-1584.075	95.34792	0.7269281	0.476669	0.523331	5.365006
30108	-1492.165	-1587.243	95.07881	0.6423276	0.476669	0.523331	5.559683
30114	-1483.357	-1580.534	97.17758	0.8410591	0.594843	0.405157	4.280156
30120	-1488.228	-1584.252	96.02384	0.5034596	0.408765	0.591235	5.114913
30126	-1494.109	-1590.692	96.58253	0.6156783	0.499561	0.500439	4.74156
30132	-1473.417	-1568.945	95.52757	0.664419	0.454345	0.545655	5.300375
30138	-1479.392	-1577.112	97.71958	0.6852068	0.454345	0.545655	4.060773
30144	-1483.645	-1579.149	95.50445	0.6022514	0.454345	0.545655	5.347442
30150	-1481.634	-1577.57	95.93589	0.6881372	0.48411	0.51589	5.061278
30156	-1487.847	-1581.851	94.00428	0.5567276	0.53598	0.46402	6.193746
30162	-1474.459	-1569.523	95.06396	0.6600646	0.413025	0.586975	5.558095
30168	-1474.896	-1570.203	95.30714	0.5355256	0.39001	0.60999	5.492877
30174	-1479.614	-1576.633	97.01918	0.7714238	0.474165	0.525835	4.409003
30180	-1489.656	-1585.189	95.53262	0.4493675	0.546232	0.453768	5.416183
30186	-1484.429	-1578.41	93.9812	0.5809814	0.461728	0.538272	6.193107
30192	-1492.346	-1586.375	94.0294	0.532786	0.461728	0.538272	6.193107
30198	-1499.808	-1593.937	94.12938	0.4328033	0.620175	0.379825	6.193107
30204	-1491.341	-1587.536	96.19467	0.6849701	0.452063	0.547937	4.919238
30210	-1496.518	-1590.605	94.08669	0.4754927	0.405316	0.594684	6.193107
30216	-1491.163	-1586.259	95.09555	0.565656	0.330996	0.669004	5.592601
30222	-1486.27	-1581.599	95.32949	0.3593058	0.562056	0.437944	5.577452
30228	-1494.327	-1589.861	95.5339	0.5961367	0.503583	0.496417	5.33457
30234	-1497.06	-1592.499	95.43903	0.6200152	0.468861	0.531139	5.373721
30240	-1501.829	-1597.272	95.44385	0.6151901	0.494119	0.505881	5.373721
30246	-1500.483	-1595.665	95.1817	0.5218543	0.508494	0.491506	5.569344
30252	-1490.75	-1586.566	95.81594	0.6536565	0.484759	0.515241	5.146877
30258	-1495.184	-1590.846	95.66121	0.6036672	0.541081	0.458919	5.260122
30264	-1491.092	-1586.381	95.28937	0.586252	0.349244	0.650756	5.474744
30270	-1490.961	-1587.362	96.40077	0.7268076	0.521405	0.478595	4.78102
30276	-1483.629	-1580.09	96.46063	0.6796818	0.361711	0.638289	4.773906
30282	-1482.671	-1580.858	98.18729	0.7177302	0.402707	0.597293	3.774048
30288	-1476.096	-1573.167	97.07117	0.6200814	0.495889	0.504111	4.464991
30294	-1484.432	-1582.024	97.59198	0.8207523	0.495889	0.504111	4.056246
30300	-1490.665	-1587.121	96.45665	0.6209509	0.398457	0.601543	4.808916
30306	-1482.162	-1578.645	96.48328	0.5943193	0.488237	0.511763	4.808916
30312	-1488.235	-1583.613	95.37892	0.5865959	0.459469	0.540531	5.425257
30318	-1490.984	-1586.748	95.76443	0.5136247	0.478299	0.521701	5.252839
30324	-1481.033	-1577.84	96.80719	0.518405	0.481823	0.518177	4.670297
30330	-1488.141	-1583.534	95.39326	0.6342425	0.406929	0.593071	5.391106
30336	-1479.928	-1575.871	95.94346	0.689107	0.406929	0.593071	5.056541
30342	-1475.33	-1572.04	96.70992	0.6565253	0.548297	0.451703	4.647412
30348	-1480.669	-1577.077	96.40784	0.6962987	0.548297	0.451703	4.794108
30354	-1484.238	-1581.206	96.96857	0.665532	0.488674	0.511326	4.497155
30360	-1485.229	-1582.375	97.14628	0.5766285	0.487575	0.512425	4.447161
30366	-1488.339	-1585.528	97.18944	0.6976431	0.361122	0.638878	4.354552
30372	-1481.326	-1577.909	96.58303	0.6352029	0.483379	0.516621	4.730369
30378	-1482.528	-1579.08	96.55197	0.6662628	0.483379	0.516621	4.730369
30384	-1485.167	-1581.572	96.40481	0.6662628	0.488666	0.511334	4.812558
30390	-1487.452	-1583.159	95.70702	0.5946472	0.443509	0.556491	5.239789
30396	-1485.075	-1582.258	97.18273	0.7479882	0.404939	0.595061	4.329892
30402	-1492.378	-1589.29	96.9124	0.7410156	0.515897	0.484103	4.486289
30408	-1498.188	-1595.028	96.83988	0.7529583	0.493551	0.506449	4.520359
30414	-1489.8	-1587.146	97.34598	0.9525218	0.496043	0.503957	4.121315
30420	-1490.982	-1588.375	97.39293	0.9055706	0.335041	0.664959	4.121315
30426	-1483.371	-1580.282	96.91128	0.6890288	0.436326	0.563674	4.516161
30432	-1492.422	-1588.989	96.56637	0.8026517	0.558418	0.441582	4.645969
30438	-1483.217	-1580.11	96.89338	0.6059019	0.372497	0.627503	4.572916
30444	-1477.025	-1575.285	98.2597	0.8889198	0.468313	0.531687	3.633232
30450	-1482.893	-1576.117	93.22391	0.5763451	0.485317	0.514683	6.606374
30456	-1481.323	-1576.377	95.05394	0.6745996	0.491747	0.508253	5.555616
30462	-1476.482	-1573.381	96.89911	0.7302201	0.448647	0.551353	4.499837
30468	-1479.85	-1576.516	96.66639	0.6920227	0.433116	0.566884	4.651913
30474	-1483.242	-1578.672	95.43036	0.8649087	0.516343	0.483657	5.243324
30480	-1479.846	-1577.838	97.99254	0.8231391	0.553197	0.446803	3.825482
30486	-1482.478	-1577.47	94.99211	0.7679668	0.553197	0.446803	5.538284
30492	-1484.24	-1580.177	95.93763	0.6832476	0.579228	0.420772	5.063024
30498	-1478.932	-1574.13	95.1978	0.6131982	0.356774	0.643226	5.510293
30504	-1476.407	-1569.204	92.79665	0.4702466	0.560844	0.439156	6.894388
30510	-1480.384	-1574.798	94.41383	0.6824882	0.49399	0.50601	5.901965
30516	-1470.792	-1567.267	96.47467	0.8341091	0.419202	0.580798	4.679712
30522	-1473.447	-1570.821	97.37403	0.9218848	0.521231	0.478769	4.122787
30528	-1484.522	-1582.868	98.34563	1.1556	0.521231	0.478769	3.427829
30534	-1493.148	-1589.443	96.29482	0.8738423	0.370466	0.629534	4.758074
30540	-1479.408	-1574.386	94.97785	0.6641249	0.394511	0.605489	5.60316
30546	-1483.089	-1578.812	95.72383	0.8866322	0.39212	0.60788	5.0688
30552	-1475.845	-1573.129	97.2838	0.89392	0.339939	0.660061	4.18997
30558	-1483.27	-1582.418	99.14749	1.138991	0.564248	0.435752	2.962211
30564	-1483.68	-1580.285	96.60558	0.9325825	0.564248	0.435752	4.551083
30570	-1481.55	-1576.522	94.9712	0.7196997	0.469114	0.530886	5.576295
30576	-1475.375	-1571.253	95.87797	0.6269966	0.469114	0.530886	5.127289
30582	-1468.324	-1565.951	97.62643	0.9247316	0.467844	0.532156	3.977188
30588	-1476.563	-1573.749	97.18601	0.7137167	0.448074	0.551926	4.347409
30594	-1477.808	-1573.961	96.15293	0.6900096	0.562182	0.437818	4.939662
30600	-1484.133	-1580.997	96.86415	0.6589954	0.584145	0.415855	4.559517
30606	-1496.962	-1594.068	97.10591	0.5071475	0.389596	0.610404	4.508987
30612	-1489.683	-1586.448	96.7646	0.6306712	0.406594	0.593406	4.631259
30618	-1487.976	-1583.968	95.99159	0.6136066	0.52996	0.47004	5.071722
30624	-1486.058	-1583.298	97.24074	0.8418264	0.479391	0.520609	4.243948
30630	-1484.565	-1580.583	96.01868	0.9129543	0.479391	0.520609	4.890288
30636	-1483.651	-1581.374	97.72225	0.9129543	0.504292	0.495708	3.929084
30642	-1483.715	-1583.327	99.61222	1.119096	0.410514	0.589486	2.691958
30648	-1484.175	-1582.076	97.90167	1.119096	0.430793	0.569207	3.707241
30654	-1476.606	-1574.734	98.12792	0.8928546	0.565185	0.434815	3.707241
30660	-1483.879	-1578.969	95.08955	0.6020652	0.483553	0.516447	5.575899
30666	-1477.784	-1573.878	96.09415	0.7656546	0.496189	0.503811	4.930277
30672	-1476.519	-1572.4	95.8811	0.4336193	0.447371	0.552629	5.232576
30678	-1491.734	-1587.829	96.09497	0.5632659	0.430686	0.569314	5.042297
30684	-1479.415	-1576.486	97.07105	0.7353891	0.430686	0.569314	4.400073
30690	-1479.574	-1576.193	96.61876	0.7404614	0.449977	0.550023	4.65146
30696	-1482.121	-1579.605	97.48343	0.6585023	0.517549	0.482451	4.210279
30702	-1478.127	-1574.372	96.2449	0.6319952	0.56027	0.43973	4.920767
30708	-1483.03	-1579.3	96.27008	0.6068161	0.428435	0.571565	4.920767
30714	-1485.256	-1581.498	96.24247	0.7399806	0.484165	0.515835	4.861978
30720	-1478.023	-1574.637	96.61429	0.5592627	0.484165	0.515835	4.75534
30726	-1476.835	-1574.008	97.1721	0.8980227	0.468437	0.531563	4.250999
30732	-1489.457	-1586.074	96.61718	0.8183598	0.380783	0.619217	4.608682
30738	-1488.545	-1585.305	96.76079	0.7026778	0.493777	0.506223	4.593017
30744	-1477.282	-1574.042	96.76079	0.7026778	0.370522	0.629478	4.593017
30750	-1475.489	-1571.886	96.39723	0.6311734	0.479231	0.520769	4.83636
30756	-1478.984	-1575.103	96.11918	0.6071647	0.479231	0.520769	5.004475
30762	-1480.335	-1576.441	96.10537	0.6209751	0.493218	0.506782	5.004475
30768	-1494.157	-1592.861	98.70389	0.7368548	0.493218	0.506782	3.463209
30774	-1490.649	-1589.34	98.6912	0.812033	0.410875	0.589125	3.426657
30780	-1489.615	-1585.766	96.15086	0.7697125	0.542684	0.457316	4.896449
30786	-1489.014	-1584.546	95.53256	0.7467828	0.395476	0.604524	5.252128
30792	-1484.118	-1580.23	96.11175	0.4900042	0.541265	0.458735	5.073633
30798	-1482.385	-1578.211	95.82581	0.4969824	0.510122	0.489878	5.22811
30804	-1483.736	-1579.465	95.72861	0.5941812	0.599363	0.400637	5.22811
30810	-1480.694	-1577.876	97.18187	1.008307	0.446826	0.553174	4.182897
30816	-1475.609	-1573.017	97.40808	0.7275007	0.536803	0.463197	4.213885
30822	-1487.893	-1585.549	97.65604	1.018976	0.368428	0.631572	3.906265
30828	-1481.479	-1579.359	97.88012	0.8924221	0.610019	0.389981	3.850286
30834	-1473.417	-1571.77	98.35236	0.9506793	0.416053	0.583947	3.543523
30840	-1479.438	-1578.695	99.25685	0.9506793	0.610515	0.389485	3.009626
30846	-1478.804	-1576.487	97.68258	1.014226	0.461594	0.538406	3.893767
30852	-1473.623	-1571.66	98.03674	1.014226	0.43039	0.56961	3.689785
30858	-1470.776	-1568.031	97.25471	0.8951433	0.436019	0.563981	4.205786
30864	-1477.693	-1571.655	93.96161	0.6497035	0.43783	0.56217	6.16638
30870	-1478.131	-1573.984	95.85304	0.5007748	0.43783	0.56217	5.210956
30876	-1479.952	-1575.617	95.66483	0.5017726	0.406871	0.593129	5.314392
30882	-1486.435	-1582.018	95.58311	0.5834925	0.427259	0.572741	5.314392
30888	-1483.685	-1579.268	95.58311	0.5834925	0.457815	0.542185	5.314392
30894	-1485.048	-1580.726	95.67784	0.4887591	0.569155	0.430845	5.314392
30900	-1485.966	-1580.667	94.70065	0.3324557	0.481395	0.518605	5.936486
30906	-1485.649	-1581.221	95.57155	0.504431	0.49679	0.50321	5.364383
30912	-1486.642	-1582.229	95.58613	0.4898439	0.545396	0.454604	5.364383
30918	-1488.633	-1584.097	95.46436	0.6116175	0.496859	0.503141	5.364383
30924	-1486.449	-1582.599	96.14966	0.7430031	0.57153	0.42847	4.91199
30930	-1488.549	-1583.002	94.45281	0.5820827	0.560281	0.439719	5.935511
30936	-1479.969	-1575.634	95.66532	0.5840095	0.532591	0.467409	5.268712
30942	-1486.288	-1582.09	95.80114	0.5277098	0.454288	0.545712	5.224762
30948	-1483.662	-1579.913	96.2513	0.5627397	0.502442	0.497558	4.955736
30954	-1479.618	-1575.981	96.36329	0.4507504	0.406717	0.593283	4.955736
30960	-1476.163	-1570.895	94.7312	0.5242281	0.584851	0.415149	5.814986
30966	-1477.937	-1573.61	95.67345	0.6690601	0.488651	0.511349	5.21721
30972	-1475.732	-1571.554	95.82126	0.6706829	0.532949	0.467051	5.134504
30978	-1482.096	-1577.334	95.23775	0.3601603	0.471627	0.528373	5.627344
30984	-1484.42	-1579.468	95.04833	0.5837017	0.519968	0.480032	5.608615
30990	-1485.25	-1581.308	96.05812	0.5591239	0.375192	0.624808	5.065042
30996	-1482.533	-1578.424	95.89113	0.7891299	0.471805	0.528195	5.030066
31002	-1487.112	-1583.069	95.95629	0.6768412	0.494552	0.505448	5.056227
31008	-1486.738	-1582.81	96.07157	0.5615635	0.376065	0.623935	5.056227
31014	-1481.708	-1578.033	96.32469	0.7064245	0.40165	0.59835	4.834851
31020	-1486.384	-1583.07	96.68632	0.6668999	0.460949	0.539051	4.654825
31026	-1482.519	-1578.168	95.64946	0.7381886	0.61366	0.38634	5.192242
31032	-1486.398	-1582.354	95.95677	0.7049029	0.36251	0.63749	5.040384
31038	-1483.396	-1579.432	96.03605	0.6256283	0.463992	0.536008	5.040384
31044	-1494.913	-1590.337	95.42353	0.6716686	0.51966	0.48034	5.353785
31050	-1491.785	-1587.445	95.65969	0.3545147	0.56101	0.43899	5.398433
31056	-1487.462	-1584.661	97.19929	0.7113329	0.430331	0.569669	4.341253
31062	-1483.245	-1579.104	95.85815	0.8035287	0.477437	0.522563	5.040384
31068	-1489.704	-1586.04	96.33574	0.6196157	0.477437	0.522563	4.877075
31074	-1495.557	-1590.783	95.22579	0.4829783	0.417025	0.582975	5.566482
31080	-1490.616	-1585.554	94.93865	0.4932965	0.525708	0.474292	5.71835
31086	-1489.573	-1585.874	96.30103	0.8088707	0.572068	0.427932	4.79089
31092	-1478.935	-1575.241	96.30648	0.6473465	0.488664	0.511336	4.877927
31098	-1473.418	-1567.773	94.35481	0.4343556	0.498034	0.501966	6.069543
31104	-1481.882	-1577.015	95.13266	0.6834017	0.511717	0.488283	5.507505
31110	-1493.888	-1590.259	96.37099	0.5255395	0.555047	0.444953	4.909835
31116	-1486.629	-1582.334	95.70515	0.6766442	0.444928	0.555072	5.195478
31122	-1487.563	-1584.809	97.24653	0.6934935	0.407818	0.592182	4.324633
31128	-1487.212	-1584.699	97.48737	0.6793931	0.576895	0.423105	4.196187
31134	-1479.356	-1576.85	97.49404	0.7742131	0.576895	0.423105	4.138527
31140	-1478.595	-1575.645	97.05045	0.7162065	0.511509	0.488491	4.422509
31146	-1481.194	-1578.724	97.5303	0.8360061	0.500664	0.499336	4.082709
31152	-1485.278	-1580.783	95.50478	0.3981916	0.500664	0.499336	5.459694
31158	-1476.492	-1572.53	96.03755	0.6896004	0.487345	0.512655	5.00403
31164	-1494.922	-1591.187	96.26485	0.5709152	0.468512	0.531488	4.943649
31170	-1483.21	-1579.484	96.27338	0.7299081	0.448639	0.551361	4.850364
31176	-1491.964	-1588.71	96.74623	0.7548938	0.508104	0.491896	4.57188
31182	-1485.91	-1584.24	98.32938	0.7272158	0.492045	0.507955	3.686527
31188	-1484.485	-1582.77	98.28439	0.7722046	0.454253	0.545747	3.686527
31194	-1482.809	-1579.392	96.5832	0.780831	0.488617	0.511383	4.648769
31200	-1489.496	-1586.197	96.70108	0.7277086	0.5392	0.4608	4.612469
31206	-1502.91	-1598.136	95.22615	0.4576944	0.521291	0.478709	5.58017
31212	-1492.152	-1588.556	96.40449	0.483584	0.445771	0.554229	4.914546
31218	-1487.878	-1584.527	96.64934	0.5031463	0.414496	0.585504	4.767106
31224	-1484.399	-1579.833	95.4338	0.5568885	0.407734	0.592266	5.411391
31230	-1476.1	-1572.351	96.25067	0.6645392	0.407734	0.592266	4.899435
31236	-1480.236	-1576.058	95.82275	0.713572	0.599112	0.400888	5.10991
31242	-1476.901	-1572.964	96.06267	0.660202	0.494455	0.505545	5.006405
31248	-1476.703	-1573.582	96.87985	0.660202	0.382559	0.617441	4.55002
31254	-1483.016	-1577.859	94.84281	0.645831	0.48251	0.51749	5.687279
31260	-1490.554	-1587.499	96.94502	0.7302087	0.440288	0.559712	4.474008
31266	-1481.931	-1577.258	95.3264	0.7302087	0.674685	0.325315	5.375065
31272	-1491.082	-1586.688	95.60612	0.450489	0.412052	0.587948	5.375065
31278	-1486.547	-1582.034	95.48754	0.5690595	0.408363	0.591637	5.375065
31284	-1485.563	-1580.931	95.36747	0.5788369	0.420861	0.579139	5.435835
31290	-1486.282	-1582.497	96.21435	0.5380588	0.420861	0.579139	4.989996
31296	-1475.646	-1572.393	96.7463	0.7712038	0.419538	0.580462	4.562688
31302	-1484.346	-1580.92	96.57335	0.6691707	0.57928	0.42072	4.716785
31308	-1491.998	-1589.543	97.54473	0.8420508	0.441293	0.558707	4.071043
31314	-1486.383	-1582.598	96.2157	0.6649887	0.441293	0.558707	4.918657
31320	-1484.059	-1579.937	95.87774	0.6452118	0.423052	0.576948	5.117321
31326	-1476.889	-1574.94	98.05152	0.8506105	0.509979	0.490021	3.775712
31332	-1489.856	-1587.794	97.93809	0.841081	0.509979	0.490021	3.846474
31338	-1487.366	-1585.357	97.99161	0.7709234	0.626309	0.373691	3.856035
31344	-1491.366	-1587.908	96.54234	0.8471259	0.562654	0.437346	4.634514
31350	-1494.703	-1590.833	96.12958	0.5203811	0.469397	0.530603	5.046889
31356	-1478.161	-1574.145	95.98407	0.6658872	0.469397	0.530603	5.046889
31362	-1486.46	-1581.997	95.53781	0.5427926	0.46551	0.53449	5.361836
31368	-1483.029	-1576.742	93.71395	0.3691314	0.419071	0.580929	6.45323
31374	-1492.006	-1586.911	94.90529	0.5467744	0.570111	0.429889	5.707327
31380	-1485.906	-1580.491	94.58475	0.5419416	0.465398	0.534602	5.88537
31386	-1484.762	-1580.827	96.06449	0.6597951	0.465398	0.534602	5.00562
31392	-1488.346	-1584.376	96.03015	0.5774296	0.461021	0.538979	5.070403
31398	-1491.485	-1587.722	96.23657	0.4335488	0.52441	0.47559	5.035697
31404	-1483.101	-1578.824	95.72237	0.6437201	0.481942	0.518058	5.204169
31410	-1483.405	-1579.318	95.91315	0.482776	0.426956	0.573044	5.187661
31416	-1483.211	-1579.998	96.78649	0.7778345	0.419081	0.580919	4.536385
31422	-1480.563	-1576.668	96.10524	0.7737783	0.413264	0.586736	4.919583
31428	-1477.07	-1572.132	95.06193	0.8136575	0.405928	0.594072	5.474764
31434	-1480.586	-1576.664	96.07806	0.621568	0.357493	0.642507	5.019316
31440	-1482.201	-1579.11	96.90938	0.6046493	0.357493	0.642507	4.564637
31446	-1482.608	-1578.665	96.05783	0.7320375	0.374162	0.625838	4.969175
31452	-1484.469	-1579.606	95.13745	0.8362204	0.426092	0.573908	5.420764
31458	-1483.742	-1580.464	96.72197	0.4211371	0.442045	0.557955	4.772347
31464	-1482.249	-1579.213	96.96496	0.5564243	0.442045	0.557955	4.560506
31470	-1478.206	-1573.274	95.0679	0.4880268	0.438667	0.561333	5.650378
31476	-1475.4	-1570.229	94.8292	0.5134017	0.403393	0.596607	5.76728
31482	-1471.392	-1567.294	95.90232	0.6249122	0.457083	0.542917	5.114949
31488	-1482.54	-1578.95	96.4096	0.7175154	0.440568	0.559432	4.781275
31494	-1483.334	-1580.706	97.37188	0.837998	0.437199	0.562801	4.171706
31500	-1472.149	-1568.532	96.38299	0.5758359	0.553859	0.446141	4.875145
31506	-1486.202	-1581.061	94.85852	0.6437731	0.364495	0.635505	5.679794
31512	-1474.513	-1571.116	96.60298	0.6794021	0.436583	0.563417	4.694487
31518	-1478.241	-1574.012	95.77168	0.704964	0.492888	0.507112	5.142973
31524	-1482.849	-1579.235	96.38516	0.5381506	0.52942	0.47058	4.894928
31530	-1471.733	-1567.918	96.18487	0.7384352	0.489221	0.510779	4.894928
31536	-1470.534	-1567.39	96.85552	0.6732907	0.447411	0.552589	4.556335
31542	-1476.76	-1574.428	97.66799	0.7457549	0.559262	0.440738	4.055667
31548	-1474.361	-1570.716	96.35503	0.5511645	0.43331	0.56669	4.904458
31554	-1477.276	-1572.714	95.43789	0.373517	0.532855	0.467145	5.510065
31560	-1477.327	-1574.087	96.75963	0.6340411	0.599719	0.400281	4.632157
31566	-1481.848	-1575.076	93.22872	0.4322906	0.463152	0.536848	6.681658
31572	-1489.157	-1583.621	94.46403	0.3727477	0.609484	0.390516	6.043594
31578	-1487.336	-1582.44	95.10432	0.452293	0.408126	0.591874	5.650001
31584	-1484.73	-1579.382	94.65213	0.4603595	0.477545	0.522455	5.89313
31590	-1487.701	-1583.76	96.05829	0.6777291	0.407904	0.592096	4.999099
31596	-1483.647	-1580.088	96.44187	0.7307939	0.635526	0.364474	4.755836
31602	-1483.037	-1577.717	94.68001	0.2726928	0.465125	0.534875	5.980372
31608	-1477.358	-1573.079	95.72111	0.5985165	0.389047	0.610953	5.229862
31614	-1476.869	-1573.208	96.33912	0.5167966	0.389047	0.610953	4.932441
31620	-1475.129	-1571.864	96.7356	0.5903579	0.494316	0.505684	4.670091
31626	-1469.559	-1566.45	96.89128	0.8086372	0.512052	0.487948	4.460109
31632	-1487.518	-1585.611	98.09314	0.757169	0.482946	0.517054	3.805556
31638	-1486.906	-1584.454	97.54786	0.9659104	0.421996	0.578004	3.998563
31644	-1480.26	-1576.96	96.7	0.8250857	0.504363	0.495637	4.558425
31650	-1485.513	-1581.513	95.99926	0.8472368	0.597193	0.402807	4.937682
31656	-1486.727	-1582.934	96.20746	0.6390342	0.411994	0.588006	4.937682
31662	-1481.993	-1576.094	94.10089	0.4320034	0.471235	0.528765	6.20904
31668	-1483.813	-1579.224	95.41074	0.5714966	0.55863	0.44137	5.416048
31674	-1496.253	-1592.088	95.83495	0.534588	0.394337	0.605663	5.202262
31680	-1492.135	-1588.682	96.54753	0.6573648	0.490525	0.509475	4.737822
31686	-1482.033	-1579.68	97.64661	0.8117415	0.450643	0.549357	4.030216
31692	-1488.679	-1583.545	94.86568	0.5828934	0.544246	0.455754	5.70924
31698	-1492.897	-1589.77	96.87272	0.5553663	0.536007	0.463993	4.612862
31704	-1479.609	-1575.903	96.29423	0.756245	0.484281	0.515719	4.824054
31710	-1476.216	-1572.328	96.11233	0.5917824	0.481361	0.518639	5.016825
31716	-1484.13	-1579.907	95.77627	0.5672181	0.508176	0.491824	5.216668
31722	-1481.403	-1577.163	95.75913	0.5357364	0.431627	0.568373	5.243549
31728	-1487.688	-1582.694	95.0065	0.3434194	0.431627	0.568373	5.763278
31734	-1484.459	-1579.306	94.84726	0.1468609	0.510066	0.489934	5.957772
31740	-1479.135	-1573.873	94.73809	0.2560259	0.422428	0.577572	5.957772
31746	-1479.591	-1574.118	94.52745	0.4666671	0.483778	0.516222	5.957772
31752	-1487.989	-1584.236	96.24642	0.4297382	0.420491	0.579509	5.032348
31758	-1484.567	-1581.448	96.88193	0.5739085	0.466946	0.533054	4.597295
31764	-1487.757	-1582.962	95.20447	0.5204549	0.542513	0.457487	5.557602
31770	-1486.438	-1582.188	95.75041	0.557467	0.542513	0.457487	5.236359
31776	-1478.134	-1573.067	94.93233	0.4302242	0.582851	0.417149	5.756359
31782	-1479.063	-1573.826	94.7628	0.5997504	0.418431	0.581569	5.756359
31788	-1478.336	-1575.246	96.9097	0.8063735	0.416739	0.583261	4.451009
31794	-1486.823	-1582.492	95.66851	0.597162	0.41923	0.58077	5.25968
31800	-1487.353	-1583.061	95.70803	0.5576478	0.41923	0.58077	5.25968
31806	-1491.184	-1586.767	95.58231	0.683368	0.530618	0.469382	5.25968
31812	-1485.439	-1581.398	95.95961	0.4783496	0.623405	0.376595	5.164398
31818	-1479.496	-1574.575	95.07835	0.4783496	0.466645	0.533355	5.649954
31824	-1475.579	-1572.562	96.98286	0.8915003	0.466645	0.533355	4.36174
31830	-1471.232	-1568.441	97.20905	0.7341891	0.58407	0.41593	4.322814
31836	-1476.963	-1574.093	97.13069	0.9273156	0.549608	0.450392	4.257864
31842	-1477.727	-1574.985	97.25733	0.6742753	0.547566	0.452434	4.329391
31848	-1496.159	-1592.365	96.2053	0.747314	0.482428	0.517572	4.878605
31854	-1486.093	-1583.999	97.90629	1.104533	0.499431	0.500569	3.712987
31860	-1487.303	-1586.437	99.13377	0.9597963	0.633465	0.366535	3.07781
31866	-1491.101	-1589.304	98.20271	0.9481937	0.597783	0.402217	3.631912
31872	-1480.053	-1577.65	97.59644	0.7108255	0.470344	0.529656	4.11633
31878	-1487.45	-1586.026	98.5768	0.8584261	0.470344	0.529656	3.466429
31884	-1493.913	-1590.677	96.76389	0.6443914	0.64086	0.35914	4.62397
31890	-1493.07	-1590.093	97.02292	0.8020265	0.497894	0.502106	4.389631
31896	-1486.507	-1582.536	96.02906	0.8008457	0.497894	0.502106	4.946908
31902	-1479.288	-1575.089	95.80123	0.7687006	0.504166	0.495834	5.091281
31908	-1489.203	-1585.485	96.28184	0.7331638	0.556369	0.443631	4.84383
31914	-1491.224	-1587.262	96.03803	0.5297649	0.499246	0.500754	5.092467
31920	-1488.39	-1584.798	96.40801	0.5853032	0.450227	0.549773	4.855923
31926	-1489.7	-1583.981	94.28065	0.5534373	0.555013	0.444987	6.045059
31932	-1500.235	-1595.497	95.26236	0.5413347	0.334718	0.665282	5.514305
31938	-1481.145	-1576.086	94.94081	0.7085823	0.479485	0.520515	5.599088
31944	-1487.576	-1583.339	95.76313	0.6210828	0.523298	0.476702	5.194139
31950	-1488.918	-1583.806	94.8881	0.3963255	0.443845	0.556155	5.799123
31956	-1487.445	-1583.263	95.81726	0.5925733	0.54299	0.45701	5.179967
31962	-1495.573	-1589.346	93.7726	0.3023531	0.420342	0.579658	6.457639
31968	-1484.924	-1582.201	97.27624	0.6855431	0.437109	0.562891	4.312332
31974	-1484.73	-1580.481	95.75189	0.5731512	0.421222	0.578778	5.226868
31980	-1481.811	-1577.729	95.91811	0.4069253	0.401762	0.598238	5.226868
31986	-1498.425	-1593.772	95.34678	0.3534968	0.534032	0.465968	5.571144
31992	-1487.567	-1583.209	95.64147	0.5344919	0.478922	0.521078	5.309225
31998	-1491.279	-1587.129	95.84943	0.5894409	0.490623	0.509377	5.163892
32004	-1493.556	-1588.755	95.19899	0.4888049	0.574999	0.425001	5.577998
32010	-1493.498	-1588.468	94.97012	0.6114864	0.387698	0.612302	5.636289
32016	-1491.966	-1587.242	95.27519	0.6172565	0.316492	0.683508	5.465483
32022	-1496.959	-1593.599	96.6401	0.8286047	0.623091	0.376909	4.590078
32028	-1497.387	-1594.253	96.86599	1.022587	0.446385	0.553615	4.353706
32034	-1490.534	-1585.129	94.59478	0.5415612	0.368129	0.631871	5.880098
32040	-1501.699	-1597.704	96.00514	0.6966551	0.35539	0.64461	5.018112
32046	-1487.481	-1582.653	95.17269	0.5265695	0.345679	0.654321	5.5717
32052	-1485.395	-1581.852	96.45697	0.6299255	0.554645	0.445355	4.80373
32058	-1487.537	-1583.509	95.97148	0.6971369	0.423773	0.576227	5.036532
32064	-1490.292	-1586.572	96.28062	0.5698561	0.460492	0.539508	4.935469
32070	-1479.469	-1573.169	93.7005	0.6072098	0.456232	0.543768	6.331386
32076	-1482.826	-1578.277	95.45085	0.5034584	0.456232	0.543768	5.431431
32082	-1485.994	-1581.433	95.43935	0.5218021	0.517714	0.482286	5.427662
32088	-1482.319	-1576.488	94.16905	0.4321694	0.455092	0.544908	6.171873
32094	-1489.161	-1584.479	95.31737	0.5911364	0.455092	0.544908	5.456647
32100	-1486.174	-1581.478	95.30408	0.4152944	0.437904	0.562096	5.56065
32106	-1477.148	-1574.603	97.45544	0.715114	0.487478	0.512522	4.194034
32112	-1482.637	-1579.394	96.75714	0.730024	0.370421	0.629579	4.579717
32118	-1491.938	-1588.991	97.05313	0.5870058	0.427894	0.572106	4.493757
32124	-1485.503	-1582.087	96.58369	0.6760914	0.520046	0.479954	4.70713
32130	-1477.152	-1575.275	98.12284	0.8787895	0.520046	0.479954	3.718303
32136	-1483.276	-1580.471	97.19466	0.8948521	0.481188	0.518812	4.240006
32142	-1484.392	-1581.08	96.68806	0.8852355	0.618991	0.381009	4.531343
32148	-1476.537	-1572.363	95.82585	0.6467982	0.491445	0.508555	5.145191
32154	-1499.661	-1597.628	97.9675	0.7883346	0.388322	0.611678	3.859886
32160	-1481.761	-1577.879	96.11784	0.5718607	0.481259	0.518741	5.024825
32166	-1492.206	-1587.33	95.12368	0.4574726	0.481259	0.518741	5.636538
32172	-1493.723	-1589.452	95.72928	0.5177036	0.426012	0.573988	5.270008
32178	-1480.859	-1576.247	95.38782	0.5177036	0.466458	0.533542	5.458288
32184	-1491.551	-1587.544	95.99259	0.965042	0.398748	0.601252	4.875806
32190	-1484.931	-1583.113	98.18225	0.9147129	0.468681	0.531319	3.663164
32196	-1482.503	-1580.627	98.12396	1.055072	0.531618	0.468382	3.615594
32202	-1492.481	-1590.604	98.12293	1.055072	0.585553	0.414447	3.616191
32208	-1487.085	-1583.345	96.26036	0.8329107	0.521851	0.478149	4.800173
32214	-1492.415	-1587.295	94.88066	0.8341743	0.395938	0.604062	5.563147
32220	-1486.171	-1581.257	95.08635	0.5051858	0.466251	0.533749	5.630841
32226	-1479.958	-1575.057	95.09935	0.4737469	0.415759	0.584241	5.640961
32232	-1474.101	-1569.058	94.95745	0.6156471	0.494002	0.505998	5.640961
32238	-1477.46	-1572.967	95.50713	0.5652271	0.50914	0.49086	5.366381
32244	-1477.424	-1572.69	95.26621	0.8061448	0.426099	0.573901	5.366381
32250	-1490.858	-1587.914	97.05612	0.5100584	0.536599	0.463401	4.535342
32256	-1489.055	-1584.891	95.83668	0.6300894	0.373384	0.626616	5.148442
32262	-1477.34	-1571.476	94.13631	0.4396611	0.520178	0.479822	6.185611
32268	-1474.749	-1569.761	95.01165	0.5273105	0.42855	0.57145	5.659688
32274	-1478.869	-1573.799	94.92995	0.6335089	0.477743	0.522257	5.64625
32280	-1480.58	-1574.606	94.02643	0.5875546	0.58753	0.41247	6.164928
32286	-1478.793	-1574.961	96.16868	0.7268946	0.462293	0.537707	4.910367
32292	-1481.684	-1577.285	95.60071	0.7803992	0.378295	0.621705	5.19586
32298	-1477.69	-1573.835	96.14496	0.7229013	0.43868	0.56132	4.925792
32304	-1486.063	-1582.16	96.09691	0.770954	0.447475	0.552525	4.925792
32310	-1489.789	-1585.862	96.07277	0.6933794	0.633618	0.366382	4.982357
32316	-1484.361	-1579.28	94.9197	0.7436186	0.537395	0.462605	5.591439
32322	-1476.046	-1572.492	96.44627	0.6489557	0.466599	0.533401	4.799083
32328	-1482.069	-1578.635	96.56571	0.5295176	0.411906	0.588094	4.799083
32334	-1477.978	-1575.226	97.24801	0.719787	0.485679	0.514321	4.308929
32340	-1492.429	-1586.42	93.99104	0.5416778	0.58218	0.41782	6.209135
32346	-1477.352	-1572.566	95.21465	0.4960039	0.45141	0.54859	5.565444
32352	-1481.763	-1578.42	96.65732	0.6937407	0.458346	0.541654	4.656031
32358	-1476.272	-1571.848	95.57623	0.6587905	0.458346	0.541654	5.276612
32364	-1481.083	-1576.857	95.7738	0.4612253	0.445938	0.554062	5.276612
32370	-1483.388	-1579.543	96.15511	0.6702907	0.425619	0.574381	4.949419
32376	-1477.128	-1573.194	96.06547	0.6703163	0.466383	0.533617	4.99923
32382	-1482.157	-1578.264	96.10686	0.6462517	0.504931	0.495069	4.989605
32388	-1480.259	-1576.542	96.28306	0.4700514	0.413056	0.586944	4.989605
32394	-1482.336	-1578.732	96.3956	0.6318162	0.431043	0.568957	4.836911
32400	-1476.955	-1573.306	96.35078	0.8189395	0.531234	0.468766	4.757479
32406	-1471.229	-1567.83	96.60165	0.5080646	0.630297	0.369703	4.790992
32412	-1472.626	-1570.035	97.40978	0.826415	0.370777	0.629223	4.156752
32418	-1478.559	-1575.835	97.27638	0.671686	0.370777	0.629223	4.320088
32424	-1487.858	-1583.598	95.74058	0.6615319	0.358223	0.641777	5.184237
32430	-1476.214	-1572.918	96.70439	0.7293713	0.438054	0.561946	4.609678
32436	-1474.496	-1570.052	95.55634	0.7293713	0.565287	0.434713	5.24861
32442	-1472.676	-1569.662	96.9861	0.7287577	0.483101	0.516899	4.451693
32448	-1473.07	-1569.379	96.30922	0.8081745	0.479723	0.520277	4.786708
32454	-1470.079	-1565.834	95.75419	0.5531909	0.520245	0.479755	5.236629
32460	-1486.943	-1582.429	95.48594	0.6432956	0.570619	0.429381	5.335012
32466	-1485.903	-1582.081	96.17808	0.6362583	0.520863	0.479137	4.955567
32472	-1481.301	-1578.204	96.90292	0.6615922	0.379487	0.620513	4.53628
32478	-1493.036	-1589.401	96.36482	0.6540518	0.638205	0.361795	4.841674
32484	-1488.879	-1583.537	94.65794	0.4761218	0.538613	0.461387	5.881344
32490	-1480.958	-1575.416	94.45739	0.7218987	0.548779	0.451221	5.856622
32496	-1485.126	-1579.84	94.71436	0.6910395	0.506382	0.493618	5.732892
32502	-1483.288	-1578.107	94.819	0.5863975	0.573625	0.426375	5.732892
32508	-1487.757	-1582.793	95.03544	0.6478877	0.421574	0.578426	5.580452
32514	-1490.492	-1585.116	94.62398	0.7532644	0.477451	0.522549	5.748311
32520	-1487.527	-1584.215	96.68801	0.9549123	0.611461	0.388539	4.49219
32526	-1475.153	-1571.434	96.28083	0.6777356	0.41715	0.58285	4.875286
32532	-1488.779	-1582.676	93.89755	0.681982	0.407828	0.592172	6.183671
32538	-1488.028	-1583.7	95.67295	0.7804856	0.567326	0.432674	5.155826
32544	-1479.966	-1574.835	94.86918	0.6154446	0.526335	0.473665	5.689477
32550	-1479.12	-1574.479	95.35855	0.5515376	0.701975	0.298025	5.455773
32556	-1480.345	-1577.02	96.67456	0.6029142	0.437683	0.562317	4.697233
32562	-1486.36	-1584.31	97.94983	0.8155675	0.335319	0.664681	3.854391
32568	-1480.597	-1578.556	97.95865	0.7543617	0.480309	0.519691	3.884469
32574	-1486.946	-1583.086	96.14019	0.6553639	0.579613	0.420387	4.966013
32580	-1486.302	-1582.143	95.84152	0.6222747	0.50941	0.49059	5.150094
32586	-1493.23	-1588.583	95.35286	0.6007339	0.387646	0.612354	5.43182
32592	-1490.664	-1586.571	95.90698	0.4588431	0.39458	0.60542	5.204312
32598	-1488.735	-1584.223	95.48808	0.4998929	0.497536	0.502464	5.412887
32604	-1485.045	-1579.357	94.31167	0.5282958	0.62091	0.37909	6.041857
32610	-1483.794	-1578.254	94.46019	0.3797746	0.50304	0.49696	6.041857
32616	-1490.825	-1586.347	95.52259	0.5829979	0.514469	0.485531	5.348053
32622	-1479.767	-1576.208	96.44063	0.5898964	0.49164	0.50836	4.835179
32628	-1474.005	-1569.827	95.82134	0.5163329	0.511403	0.488597	5.219885
32634	-1475.975	-1571.768	95.79305	0.7151322	0.550425	0.449575	5.125505
32640	-1485.506	-1582.591	97.08444	0.6202701	0.395486	0.604514	4.457413
32646	-1484.605	-1581.44	96.83492	0.6289763	0.561984	0.438016	4.592774
32652	-1485.647	-1582.7	97.05329	0.6187549	0.377	0.623	4.475801
32658	-1476.893	-1573.762	96.86921	0.7838569	0.528435	0.471565	4.486484
32664	-1479.765	-1576.464	96.69932	0.5829162	0.543995	0.456005	4.694564
32670	-1490.829	-1587.456	96.62743	0.6548076	0.448549	0.551451	4.694564
32676	-1483.002	-1578.867	95.8652	0.7188265	0.455994	0.544006	5.083463
32682	-1474.193	-1570.777	96.58335	0.6862607	0.416778	0.583222	4.70163
32688	-1480.313	-1576.353	96.04051	0.6948028	0.382783	0.617217	4.999492
32694	-1481.729	-1577.8	96.07087	0.6644466	0.478134	0.521866	4.999492
32700	-1485.37	-1582.254	96.88416	0.5190135	0.596421	0.403579	4.62683
32706	-1486.532	-1581.172	94.64006	0.5186933	0.602704	0.397296	5.867851
32712	-1484.916	-1582.083	97.167	0.6241842	0.518224	0.481776	4.408676
32718	-1493.648	-1590.825	97.1767	0.5753173	0.518224	0.481776	4.430759
32724	-1471.75	-1566.386	94.6358	0.5539388	0.496363	0.503637	5.850912
32730	-1488.421	-1583.801	95.38043	0.3811958	0.378331	0.621669	5.537435
32736	-1482.769	-1579.196	96.42708	0.7145177	0.402126	0.597874	4.773191
32742	-1475.764	-1572.246	96.48233	0.6872007	0.585858	0.414142	4.757588
32748	-1470.029	-1566.594	96.56466	0.7483402	0.45075	0.54925	4.67735
32754	-1475.595	-1572.891	97.29588	0.8009398	0.408114	0.591886	4.235868
32760	-1481.359	-1578.56	97.20061	0.7197765	0.493303	0.506697	4.335736
32766	-1486.722	-1582.183	95.46095	0.5112687	0.384334	0.615666	5.421562
32772	-1481.823	-1580.235	98.41127	0.6895029	0.460089	0.539911	3.660957
32778	-1484.052	-1582.625	98.57334	1.031861	0.460089	0.539911	3.366874
32784	-1470.782	-1566.912	96.13096	0.7201012	0.415279	0.584721	4.935144
32790	-1470.096	-1566.227	96.13096	0.7201012	0.474542	0.525458	4.935144
32796	-1485.258	-1580.429	95.17141	0.4465416	0.520111	0.479889	5.616349
32802	-1479.14	-1575.904	96.76365	0.7876026	0.556358	0.443642	4.543729
32808	-1495.037	-1591.675	96.63801	0.8994451	0.529311	0.470689	4.55148
32814	-1496.226	-1593.429	97.20312	0.7335341	0.549046	0.450954	4.326541
32820	-1486.993	-1584.566	97.57385	0.6966537	0.474333	0.525667	4.137246
32826	-1491.969	-1589.128	97.15932	0.8006044	0.455623	0.544377	4.313379
32832	-1490.449	-1587.054	96.60424	0.6392546	0.472642	0.527358	4.716242
32838	-1484.142	-1579.913	95.77123	0.5643134	0.487386	0.512614	5.221063
32844	-1486.9	-1584.172	97.27244	0.8391559	0.532107	0.467893	4.227488
32850	-1479.52	-1577.393	97.87218	0.7219995	0.576771	0.423229	3.952574
32856	-1483.105	-1578.189	95.08444	0.2639221	0.576771	0.423229	5.764129
32862	-1486.517	-1582.957	96.43979	0.7644543	0.481812	0.518188	4.738187
32868	-1487.236	-1583.375	96.13919	0.6465642	0.461029	0.538971	4.971463
32874	-1484.908	-1580.93	96.02263	0.7321498	0.5583	0.4417	4.988677
32880	-1486.823	-1583.437	96.6146	0.7285219	0.607142	0.392858	4.660478
32886	-1484.395	-1579.116	94.72097	0.5745817	0.407455	0.592545	5.793034
32892	-1487.516	-1584.992	97.47666	0.6275801	0.375067	0.624933	4.23166
32898	-1481.822	-1577.664	95.84206	0.5775932	0.416199	0.583801	5.174531
32904	-1478.866	-1574.759	95.89263	0.5270156	0.466768	0.533232	5.174531
32910	-1480.876	-1575.843	94.96697	0.6242165	0.548268	0.451732	5.631036
32916	-1483.177	-1579.949	96.77177	0.7415931	0.419411	0.580589	4.565009
32922	-1496.482	-1590.946	94.4635	0.4639721	0.457076	0.542924	5.994136
32928	-1485	-1579.326	94.32574	0.263236	0.398093	0.601907	6.178537
32934	-1486.681	-1580.966	94.28445	0.4670159	0.50084	0.49916	6.090078
32940	-1489.119	-1582.366	93.24699	0.5004603	0.618798	0.381202	6.63493
32946	-1474.328	-1569.524	95.19555	0.6314572	0.398754	0.601246	5.501488
32952	-1490.333	-1586.212	95.87851	0.7041236	0.472741	0.527259	5.084237
32958	-1474.929	-1570.759	95.82918	0.5262423	0.489665	0.510335	5.210069
32964	-1483.755	-1579.998	96.24367	0.8733688	0.612956	0.387044	4.786906
32970	-1481.875	-1577.315	95.44089	0.8725518	0.474	0.526	5.233279
32976	-1487.67	-1585.809	98.13897	0.7542205	0.365382	0.634618	3.780865
32982	-1478.89	-1576.424	97.53411	0.8994253	0.364016	0.635984	4.044376
32988	-1481.096	-1577.373	96.2772	0.7892108	0.364016	0.635984	4.815158
32994	-1473.058	-1568.841	95.78229	0.6019841	0.419872	0.580128	5.194109
33000	-1482.517	-1577.675	95.1582	0.678148	0.61313	0.38687	5.49635
33006	-1490.206	-1585.476	95.26984	0.5665105	0.456518	0.543482	5.49635
33012	-1486.372	-1582.277	95.90453	0.8141647	0.379091	0.620909	5.008726
33018	-1467.826	-1564.535	96.70936	0.6012311	0.364524	0.635476	4.678697
33024	-1482.123	-1578.652	96.52896	0.7816324	0.535715	0.464285	4.678697
33030	-1485.065	-1580.773	95.70831	0.4792115	0.482674	0.517326	5.302843
33036	-1487.728	-1582.561	94.83304	0.5314017	0.500492	0.499508	5.755322
33042	-1493.473	-1588.092	94.61845	0.5214407	0.350203	0.649797	5.878157
33048	-1491.854	-1589.057	97.20226	0.5267461	0.514314	0.485686	4.443726
33054	-1480.655	-1576.622	95.96683	0.7113838	0.519472	0.480528	5.031207
33060	-1483.622	-1577.93	94.30778	0.5336392	0.611425	0.388575	6.041062
33066	-1484.872	-1580.371	95.49903	0.7198252	0.572354	0.427646	5.285542
33072	-1478.815	-1574.353	95.53816	0.6033593	0.485876	0.514124	5.328231
33078	-1488.799	-1583.805	95.00663	0.629839	0.603775	0.396225	5.606181
33084	-1482.447	-1578.867	96.4197	0.4134212	0.483566	0.516434	4.945124
33090	-1480.438	-1577.946	97.50771	0.7179571	0.581765	0.418235	4.162735
33096	-1478.425	-1574.361	95.93589	0.6271371	0.516578	0.483422	5.095108
33102	-1478.068	-1574.704	96.63648	0.786543	0.498824	0.501176	4.615705
33108	-1485.563	-1583.11	97.54705	0.8154247	0.532032	0.467968	4.084893
33114	-1473.601	-1568.506	94.90461	0.5445508	0.437377	0.562623	5.708916
33120	-1480.773	-1577.076	96.3035	0.5862442	0.437377	0.562623	4.913614
33126	-1473.26	-1569.222	95.96231	0.7300141	0.466898	0.533102	5.023371
33132	-1477.42	-1573.383	95.96231	0.7300141	0.486465	0.513535	5.023371
33138	-1474.69	-1570.373	95.68268	0.6348401	0.473483	0.526517	5.231023
33144	-1480.323	-1575.889	95.56609	0.5684817	0.527126	0.472874	5.332063
33150	-1475.135	-1571.049	95.91425	0.6565487	0.511128	0.488872	5.090797
33156	-1470.374	-1565.502	95.12876	0.7443968	0.444617	0.555383	5.476098
33162	-1468.592	-1565.217	96.62496	0.7456461	0.564103	0.435897	4.645085
33168	-1476.489	-1572.226	95.73702	0.7289575	0.457096	0.542904	5.148885
33174	-1485.443	-1580.592	95.14903	0.6693204	0.575611	0.424389	5.506251
33180	-1491.615	-1586.57	94.95477	0.7836958	0.531796	0.468204	5.550162
33186	-1486.359	-1582.052	95.69253	0.6685794	0.327981	0.672019	5.206922
33192	-1481.774	-1577.403	95.62914	0.7089683	0.536615	0.463385	5.219643
33198	-1478.996	-1576.493	97.49761	0.7955253	0.315782	0.684218	4.12437
33204	-1488.863	-1586.464	97.60014	0.6929925	0.508468	0.491532	4.12437
33210	-1488.71	-1585.457	96.74763	0.8274849	0.595063	0.404937	4.530323
33216	-1481.84	-1577.591	95.75194	0.6423894	0.477661	0.522339	5.188545
33222	-1481.334	-1576.575	95.24083	0.3539061	0.442536	0.557464	5.629089
33228	-1485.231	-1580.269	95.03737	0.6775406	0.381094	0.618906	5.563106
33234	-1477.986	-1575.023	97.03752	0.7724858	0.417097	0.582903	4.398061
33240	-1488.54	-1585.628	97.08722	0.7294812	0.331911	0.668089	4.394285
33246	-1484.829	-1580.96	96.1312	0.7294812	0.576954	0.423046	4.929787
33252	-1491.138	-1586.8	95.66184	0.6335764	0.540375	0.459625	5.243242
33258	-1482.082	-1580.318	98.23595	0.9119494	0.473018	0.526982	3.633651
33264	-1487.154	-1585.352	98.19782	0.7450677	0.463847	0.536153	3.752212
33270	-1483.428	-1580.146	96.71748	0.726931	0.473533	0.526467	4.603709
33276	-1481.1	-1578.59	97.48946	0.652643	0.414607	0.585393	4.210181
33282	-1483.24	-1581.924	98.68349	0.8609854	0.507347	0.492653	3.402496
33288	-1471.856	-1567.699	95.84311	0.7048122	0.485108	0.514892	5.103481
33294	-1469.521	-1566.403	96.88292	0.6932934	0.485108	0.514892	4.529701
33300	-1474.975	-1570.606	95.6317	0.4209359	0.517192	0.482808	5.377253
33306	-1477.694	-1572.185	94.49137	0.4871771	0.442681	0.557319	5.966268
33312	-1480.142	-1576.763	96.62165	0.5598079	0.442681	0.557319	4.75092
33318	-1484.251	-1580.438	96.18754	0.57632	0.442681	0.557319	4.98363
33324	-1489.563	-1584.757	95.1944	0.5178801	0.469427	0.530573	5.564551
33330	-1483.056	-1578.865	95.8095	0.7174048	0.511523	0.488477	5.115129
33336	-1475.837	-1572.087	96.25037	0.6457008	0.508291	0.491709	4.91009
33342	-1477.211	-1574.68	97.46902	0.770743	0.494779	0.505221	4.15472
33348	-1479.139	-1574.942	95.80284	0.8067025	0.47002	0.52998	5.069315
33354	-1483.324	-1580.996	97.67269	0.7839848	0.539343	0.460657	4.031175
33360	-1483.553	-1578.981	95.42725	0.4310959	0.384217	0.615783	5.484251
33366	-1483.068	-1578.058	94.99056	0.7267909	0.390459	0.609541	5.561762
33372	-1489.04	-1584.105	95.06552	0.651839	0.434359	0.565641	5.561762
33378	-1495.091	-1590.688	95.59716	0.5834427	0.46175	0.53825	5.306662
33384	-1493.796	-1590.025	96.22905	0.6991564	0.479646	0.520354	4.8922
33390	-1498.485	-1591.976	93.49051	0.6766229	0.509343	0.490657	6.407661
33396	-1486.34	-1580.51	94.16928	0.561215	0.457982	0.542018	6.101503
33402	-1499.603	-1593.918	94.31479	0.4156985	0.509057	0.490943	6.101503
33408	-1488.998	-1583.299	94.3014	0.7201598	0.420817	0.579183	5.942791
33414	-1485.739	-1582.111	96.37199	0.6933117	0.420817	0.579183	4.815778
33420	-1488.139	-1584.676	96.53675	0.5285557	0.435325	0.564675	4.815778
33426	-1485.795	-1579.371	93.57574	0.5430777	0.545252	0.454748	6.433858
33432	-1484.875	-1580.663	95.78796	0.7281419	0.440307	0.559693	5.121117
33438	-1485.089	-1580.041	94.95253	0.7475698	0.54327	0.45673	5.571242
33444	-1482.818	-1577.806	94.98765	0.6119584	0.54327	0.45673	5.626415
33450	-1476.248	-1571.328	95.08013	0.6119584	0.611681	0.388319	5.575642
33456	-1476.25	-1572.229	95.97865	0.7084602	0.544452	0.455548	5.026264
33462	-1475.367	-1571.942	96.57459	0.7547808	0.544452	0.455548	4.668182
33468	-1491.224	-1588.117	96.89296	0.5020523	0.454239	0.545761	4.631405
33474	-1481.948	-1579.652	97.70429	0.737464	0.636265	0.363735	4.039687
33480	-1491.946	-1589.24	97.29326	0.7581947	0.636265	0.363735	4.261571
33486	-1471.814	-1568.85	97.03617	0.7153036	0.362144	0.637856	4.431063
33492	-1480.644	-1576.164	95.52039	0.415891	0.355236	0.644764	5.441357
33498	-1478.343	-1573.396	95.05347	0.42645	0.57838	0.42162	5.69206
33504	-1481.253	-1578.438	97.18497	0.5229364	0.57838	0.42162	4.455613
33510	-1487.663	-1584.103	96.44021	0.6172723	0.309129	0.690871	4.820144
33516	-1481.06	-1577.357	96.29627	0.6717272	0.503877	0.496123	4.870032
33522	-1478.655	-1575.567	96.91155	0.7963531	0.475554	0.524446	4.455613
33528	-1470.739	-1567.411	96.67179	0.736034	0.475554	0.524446	4.624222
33534	-1482.987	-1579.019	96.0322	0.5756586	0.39857	0.60143	5.070249
33540	-1474.56	-1571.162	96.60179	0.7689934	0.39857	0.60143	4.644984
33546	-1482.564	-1578.828	96.26491	0.669802	0.556	0.444	4.888575
33552	-1478.524	-1574.779	96.25518	0.6795302	0.380563	0.619437	4.888575
33558	-1485.522	-1580.789	95.26671	0.8033437	0.549141	0.450859	5.367652
33564	-1487.114	-1581.513	94.39853	0.5242262	0.588959	0.411041	5.996708
33570	-1479.696	-1577.134	97.43827	0.9128821	0.424475	0.575525	4.091342
33576	-1477.67	-1576.18	98.5105	0.9441479	0.573226	0.426774	3.455079
33582	-1486.375	-1583.281	96.90632	0.9441479	0.464216	0.535784	4.375228
33588	-1486.935	-1585.657	98.72149	0.74474	0.511022	0.488978	3.448306
33594	-1483.339	-1580.814	97.47571	0.8043007	0.46914	0.53086	4.131837
33600	-1490.481	-1587.327	96.84557	0.5841436	0.483085	0.516915	4.611948
33606	-1490.03	-1587.636	97.60567	1.02096	0.566819	0.433181	3.933996
33612	-1485.096	-1583.055	97.95831	0.9200186	0.341449	0.658551	3.789424
33618	-1498.104	-1595.687	97.58337	0.6681919	0.532561	0.467439	4.148017
33624	-1499.182	-1594.372	95.1896	0.3714904	0.379591	0.620409	5.647548
33630	-1486.167	-1580.851	94.68336	0.3335481	0.44547	0.55453	5.945333
33636	-1497.709	-1592.563	94.85357	0.4155629	0.436179	0.563821	5.807489
33642	-1492.919	-1588.813	95.89363	0.6229432	0.483851	0.516149	5.120853
33648	-1492.4	-1588.282	95.8826	0.6078301	0.549181	0.450819	5.135342
33654	-1492.933	-1590.502	97.5691	0.9901126	0.376538	0.623462	3.972585
33660	-1483.076	-1582.437	99.36082	1.211332	0.470394	0.529606	2.789299
33666	-1480.416	-1578.642	98.22568	1.015294	0.480643	0.519357	3.579624
33672	-1478.528	-1576.623	98.09451	0.967694	0.467441	0.532559	3.683282
33678	-1487.081	-1584.674	97.59304	0.9290298	0.442895	0.557105	3.993822
33684	-1479.447	-1574.747	95.30055	0.8639899	0.63455	0.36545	5.31553
33690	-1478.815	-1573.97	95.15511	0.7650972	0.596485	0.403515	5.450204
33696	-1470.477	-1567.115	96.6377	0.7650972	0.402998	0.597002	4.627045
33702	-1482.457	-1579.343	96.88612	0.6896652	0.465713	0.534287	4.529943
33708	-1482.717	-1579.976	97.25946	0.8443134	0.537867	0.462133	4.231924
33714	-1497.697	-1595.307	97.60952	0.834079	0.507012	0.492988	4.038634
33720	-1484.195	-1581.96	97.7648	0.8725367	0.507012	0.492988	3.927863
33726	-1473.958	-1572.106	98.14852	0.9990271	0.43807	0.56193	3.633855
33732	-1475.57	-1572.219	96.64865	0.9990271	0.372581	0.627419	4.489518
33738	-1484.939	-1581.842	96.90323	0.7444466	0.372581	0.627419	4.489518
33744	-1482.307	-1578.928	96.62119	0.7149274	0.486278	0.513722	4.664405
33750	-1482.308	-1577.553	95.24545	0.5894566	0.429938	0.570062	5.497145
33756	-1479.042	-1574.749	95.70671	0.5905864	0.532204	0.467796	5.242207
33762	-1484.566	-1581.333	96.76738	0.5119261	0.532204	0.467796	4.696204
33768	-1492.574	-1589.087	96.51278	0.6780094	0.46508	0.53492	4.745708
33774	-1488.99	-1585.489	96.49942	0.6106865	0.382874	0.617126	4.790773
33780	-1483.956	-1579.246	95.29023	0.544322	0.449415	0.550585	5.49734
33786	-1475.572	-1571.181	95.60913	0.5834169	0.449415	0.550585	5.300066
33792	-1481.312	-1576.978	95.66641	0.5261424	0.43927	0.56073	5.300066
33798	-1476.494	-1572.168	95.67335	0.4783688	0.436545	0.563455	5.322606
33804	-1483.406	-1579.235	95.82932	0.5234954	0.575571	0.424429	5.211507
33810	-1484.459	-1581.946	97.4867	0.8380209	0.545422	0.454578	4.106395
33816	-1481.162	-1577.832	96.66968	0.7310662	0.455247	0.544753	4.628193
33822	-1477.726	-1573.18	95.45436	0.6451687	0.442744	0.557256	5.351394
33828	-1481.169	-1578.036	96.86638	0.7966269	0.3928	0.6072	4.480889
33834	-1482.946	-1580.504	97.55757	0.7876781	0.564513	0.435487	4.094707
33840	-1480.854	-1577.194	96.33961	0.8830357	0.557358	0.442642	4.727897
33846	-1494.421	-1589.15	94.72852	0.2238827	0.526956	0.473044	5.980534
33852	-1484.459	-1578.941	94.48166	0.3298395	0.402661	0.597339	6.057369
33858	-1475.081	-1571.327	96.24536	0.5486149	0.561543	0.438457	4.966891
33864	-1481.481	-1577.546	96.06524	0.4296294	0.508185	0.491815	5.132883
33870	-1471.793	-1568.043	96.24985	0.6535796	0.473078	0.526922	4.905997
33876	-1478.893	-1575.766	96.87325	0.6535796	0.473078	0.526922	4.557446
33882	-1485.438	-1581.409	95.97088	0.5550396	0.444489	0.555511	5.115679
33888	-1489.265	-1586.95	97.68503	0.757728	0.433182	0.566818	4.039118
33894	-1489.863	-1585.252	95.38889	0.757728	0.349996	0.650004	5.325416
33900	-1485.984	-1581.759	95.77426	0.7119621	0.349996	0.650004	5.137669
33906	-1484.338	-1581.239	96.901	0.4772863	0.419184	0.580816	4.640778
33912	-1479.55	-1575.31	95.76007	0.5344934	0.538471	0.461529	5.243717
33918	-1475.6	-1571.788	96.1877	0.7176343	0.541898	0.458102	4.904936
33924	-1483.366	-1578.669	95.30289	0.5295949	0.541898	0.458102	5.498475
33930	-1480.524	-1576.275	95.75174	0.6638069	0.523581	0.476419	5.176801
33936	-1470.41	-1567.005	96.5949	0.5922161	0.466484	0.533516	4.747761
33942	-1493.853	-1589.228	95.37531	0.7220391	0.458842	0.541158	5.352597
33948	-1491.227	-1588.605	97.37862	0.6537279	0.494447	0.505553	4.272394
33954	-1484.403	-1582.559	98.15625	0.9719184	0.499166	0.500834	3.645087
33960	-1482.547	-1580.099	97.55265	0.8701836	0.499166	0.500834	4.050483
33966	-1479.896	-1577.849	97.95306	0.81739	0.499166	0.500834	3.851485
33972	-1483.633	-1581.808	98.17471	0.7693854	0.385566	0.614434	3.751515
33978	-1486.818	-1584.966	98.14798	0.815364	0.363561	0.636439	3.740407
33984	-1486.791	-1582.876	96.085	0.6028311	0.481059	0.518941	5.025866
33990	-1489.468	-1584.977	95.50835	0.4447496	0.491561	0.508439	5.432096
33996	-1489.13	-1583.89	94.76012	0.5190966	0.544291	0.455709	5.801974
34002	-1499.437	-1595.216	95.77986	0.5252031	0.58711	0.41289	5.237913
34008	-1503.56	-1599.229	95.66909	0.6145628	0.343273	0.656727	5.249747
34014	-1484.374	-1580.681	96.30621	0.6241113	0.431611	0.568389	4.891022
34020	-1481.303	-1576.573	95.26919	0.5211072	0.484322	0.515678	5.521674
34026	-1481.39	-1577.141	95.75036	0.6015554	0.49599	0.50401	5.212005
34032	-1494.362	-1590.003	95.64115	0.6820602	0.49599	0.50401	5.227877
34038	-1480.969	-1577.003	96.03469	0.5310533	0.601671	0.398329	5.093605
34044	-1486.411	-1582.643	96.23259	0.7484563	0.442336	0.557664	4.862764
34050	-1485.88	-1582.385	96.50515	0.6500642	0.468413	0.531587	4.765583
34056	-1476.821	-1574.318	97.49709	0.6227916	0.414641	0.585359	4.222787
34062	-1483.53	-1580.613	97.08235	0.7314319	0.356719	0.643281	4.395931
34068	-1477.799	-1575.391	97.59203	0.7456502	0.579987	0.420013	4.099017
34074	-1475.71	-1572.037	96.32665	0.6028004	0.492344	0.507656	4.891506
34080	-1493.544	-1591.008	97.46404	0.6556705	0.457068	0.542932	4.222888
34086	-1484.992	-1582.309	97.3171	0.8026016	0.650079	0.349921	4.222888
34092	-1488.744	-1585.815	97.07148	0.6983975	0.382422	0.617578	4.420693
34098	-1475.515	-1571.427	95.91205	0.5627394	0.305735	0.694265	5.144004
34104	-1477.568	-1572.914	95.34588	0.3350814	0.488917	0.511083	5.581753
34110	-1476.243	-1573.39	97.14711	0.8707635	0.403381	0.596619	4.280592
34116	-1488.672	-1586.792	98.12019	0.8011892	0.403381	0.596619	3.764614
34122	-1474.998	-1571.489	96.49071	0.6359035	0.444597	0.555403	4.781558
34128	-1480.778	-1576.554	95.77628	0.6291768	0.303361	0.696639	5.182384
34134	-1482.519	-1579.19	96.67128	0.5261473	0.586497	0.413503	4.741997
34140	-1479.3	-1575.53	96.22939	0.7095318	0.45478	0.54522	4.886233
34146	-1489.303	-1584.725	95.42198	0.656292	0.525635	0.474365	5.36312
34152	-1491.36	-1586.706	95.34578	0.7324881	0.404083	0.595917	5.36312
34158	-1483.398	-1578.834	95.43539	0.6428752	0.430581	0.569419	5.36312
34164	-1489.27	-1586.111	96.84096	0.8939677	0.430581	0.569419	4.44039
34170	-1474.862	-1570.983	96.12076	0.8132981	0.557566	0.442434	4.888941
34176	-1477.216	-1574.102	96.88627	0.8579893	0.557541	0.442459	4.435128
34182	-1475.697	-1572.629	96.93163	0.8126331	0.499744	0.500256	4.435128
34188	-1472.256	-1567.75	95.49351	0.6493857	0.548422	0.451578	5.327473
34194	-1479.241	-1573.831	94.58938	0.8369632	0.452633	0.547367	5.721417
34200	-1478.827	-1572.723	93.89561	0.7415681	0.382809	0.617191	6.152306
34206	-1484.602	-1580.726	96.12398	0.6120172	0.559836	0.440164	4.999111
34212	-1471.076	-1566.642	95.56542	0.7379669	0.530362	0.469638	5.23884
34218	-1470.753	-1566.592	95.83853	0.5910251	0.498754	0.501246	5.169051
34224	-1477.674	-1573.045	95.3715	0.7036824	0.529397	0.470603	5.36482
34230	-1479.564	-1575.165	95.60118	0.5665765	0.443619	0.556381	5.31375
34236	-1478.559	-1574.633	96.07382	0.8205384	0.485867	0.514133	4.911045
34242	-1475.944	-1571.423	95.47872	0.619331	0.485867	0.514133	5.352213
34248	-1474.126	-1570.99	96.86372	0.779997	0.475398	0.524602	4.491745
34254	-1474.139	-1570.639	96.50038	0.591405	0.415535	0.584465	4.801
34260	-1476.036	-1571.761	95.72488	0.7082859	0.421501	0.578499	5.167049
34266	-1480.053	-1574.801	94.74847	0.6052267	0.480406	0.519594	5.761209
34272	-1475.737	-1570.553	94.81603	0.5376636	0.379133	0.620867	5.761209
34278	-1478.937	-1573.799	94.86175	0.4919452	0.430448	0.569552	5.761209
34284	-1469.658	-1564.058	94.39926	0.3493763	0.418301	0.581699	6.091622
34290	-1478.086	-1573.333	95.24678	0.5711326	0.457029	0.542971	5.50649
34296	-1467.686	-1564.212	96.52615	0.6053695	0.403965	0.596035	4.778821
34302	-1480.175	-1576.799	96.62435	0.7340303	0.405754	0.594246	4.651933
34308	-1484.315	-1580.482	96.16749	0.7878314	0.396422	0.603578	4.877097
34314	-1489.929	-1586.506	96.57706	0.5122636	0.344103	0.655897	4.802378
34320	-1481.641	-1577.071	95.42976	0.591675	0.484272	0.515728	5.394447
34326	-1493.245	-1589.131	95.8863	0.6625934	0.571818	0.428182	5.102945
34332	-1491.183	-1587.028	95.84531	0.6652229	0.462825	0.537175	5.124203
34338	-1483.423	-1579.686	96.26316	0.7543565	0.407358	0.592642	4.842432
34344	-1478.885	-1575.295	96.40968	0.6078384	0.502855	0.497145	4.842432
34350	-1484.723	-1581.745	97.02261	0.5861626	0.386345	0.613655	4.5114
34356	-1485.845	-1583.052	97.20692	0.5701897	0.370135	0.629865	4.416616
34362	-1487.283	-1583.419	96.13585	0.7573264	0.525493	0.474507	4.911701
34368	-1483.741	-1579.887	96.14613	0.7157825	0.340156	0.659844	4.929104
34374	-1491.208	-1587.811	96.60376	0.8046745	0.41489	0.58511	4.623881
34380	-1486.193	-1583.591	97.39719	0.854163	0.480351	0.519649	4.148134
34386	-1490.903	-1587.716	96.8127	0.8075463	0.437555	0.562445	4.504948
34392	-1484.898	-1581.806	96.90737	0.7128774	0.552406	0.447594	4.504948
34398	-1483.831	-1581.971	98.13969	0.8436592	0.552406	0.447594	3.728857
34404	-1480.038	-1576.053	96.01553	0.6135065	0.464671	0.535329	5.058498
34410	-1478.902	-1574.898	95.99565	0.5071907	0.537299	0.462701	5.128463
34416	-1479.61	-1576.123	96.51237	0.6160458	0.511962	0.488038	4.780549
34422	-1484.428	-1581.294	96.86646	0.8403941	0.421759	0.578241	4.456205
34428	-1483.198	-1580.697	97.49902	0.878662	0.421509	0.578491	4.076228
34434	-1484.856	-1583.197	98.34094	0.8776346	0.43236	0.56764	3.592636
34440	-1484.479	-1581.76	97.28141	0.6053349	0.33871	0.66129	4.35474
34446	-1475.166	-1570.528	95.36222	0.6158256	0.579718	0.420282	5.418353
34452	-1481.719	-1578.092	96.37288	0.5616385	0.475095	0.524905	4.888687
34458	-1485.502	-1581.341	95.83917	0.524338	0.586285	0.413715	5.205595
34464	-1479.284	-1575.08	95.79538	0.4473072	0.473607	0.526393	5.272379
34470	-1494.553	-1591.29	96.73725	0.6744853	0.523224	0.476776	4.622031
34476	-1489.002	-1584.649	95.64671	0.5388126	0.538192	0.461808	5.303949
34482	-1481.664	-1577.152	95.48797	0.6082181	0.429199	0.570801	5.353237
34488	-1487.207	-1582.67	95.46353	0.6326612	0.561202	0.438798	5.353237
34494	-1484.392	-1579.292	94.89961	0.6379341	0.361657	0.638343	5.660462
34500	-1479.887	-1575.061	95.17485	0.4042997	0.361437	0.638563	5.637641
34506	-1488.822	-1584.763	95.94047	0.6340125	0.479358	0.520642	5.088757
34512	-1480.885	-1576.06	95.17474	0.5227401	0.437292	0.562708	5.572678
34518	-1491.245	-1585.525	94.27969	0.4818466	0.466911	0.533089	6.084592
34524	-1491.917	-1588.532	96.61501	0.6711702	0.5052	0.4948	4.692361
34530	-1490.447	-1587.613	97.16612	0.7868422	0.49386	0.50614	4.317315
34536	-1490.156	-1586.599	96.44339	0.9390844	0.404182	0.595818	4.638431
34542	-1480.398	-1577.253	96.85489	0.5275911	0.466034	0.533966	4.638431
34548	-1478.089	-1574.261	96.17202	0.7531082	0.466034	0.533966	4.893917
34554	-1478.114	-1574.192	96.0777	0.5086625	0.466034	0.533966	5.082169
34560	-1475.184	-1570.475	95.29147	0.7587512	0.488264	0.511736	5.378582
34566	-1474.166	-1571.499	97.3337	0.7035133	0.488264	0.511736	4.269641
34572	-1495.697	-1592.99	97.29358	0.6806751	0.537348	0.462652	4.305276
34578	-1493.22	-1590.084	96.86378	0.5990128	0.421612	0.578388	4.593394
34584	-1489.449	-1584.933	95.48338	0.5223731	0.517122	0.482878	5.403091
34590	-1485.256	-1579.633	94.37733	0.4625667	0.346836	0.653164	6.04189
34596	-1483.885	-1579.468	95.5837	0.7028962	0.637797	0.362203	5.248117
34602	-1481.204	-1576.947	95.74234	0.5442614	0.572042	0.427958	5.248117
34608	-1478.307	-1575.033	96.72607	0.742636	0.495851	0.504149	4.590076
34614	-1493.63	-1588.654	95.0244	0.3906202	0.495851	0.504149	5.727623
34620	-1489.864	-1584.818	94.95399	0.4610265	0.540151	0.459849	5.727623
34626	-1480.218	-1575.865	95.64699	0.722735	0.501078	0.498922	5.202154
34632	-1484.915	-1580.69	95.77461	0.6584699	0.441045	0.558955	5.167097
34638	-1481.52	-1577.147	95.62702	0.6100551	0.434418	0.565582	5.275481
34644	-1504.838	-1599.034	94.1956	0.6119009	0.400471	0.599529	6.059547
34650	-1492.862	-1589.248	96.386	0.9908455	0.537555	0.462445	4.641586
34656	-1480.245	-1576.931	96.68615	0.6907014	0.461468	0.538532	4.641586
34662	-1483.906	-1580.394	96.48877	0.6104921	0.403795	0.596205	4.796826
34668	-1480.076	-1575.497	95.42187	0.5887921	0.471175	0.528825	5.400386
34674	-1487.254	-1584.472	97.2178	0.8564214	0.569692	0.430308	4.248672
34680	-1478.265	-1573.687	95.42187	0.5887921	0.472633	0.527367	5.400386
34686	-1490.628	-1586.314	95.68673	0.7778489	0.451521	0.548479	5.149659
34692	-1479.802	-1575.643	95.8406	0.6239802	0.502321	0.497679	5.149659
34698	-1483.254	-1579.342	96.08768	0.6248455	0.420796	0.579204	5.012153
34704	-1486.872	-1583.496	96.62408	0.7357526	0.33705	0.66295	4.651118
34710	-1491.072	-1587.999	96.92745	0.6564416	0.336674	0.663326	4.525385
34716	-1483.036	-1579.116	96.08009	0.6401255	0.475766	0.524234	5.007881
34722	-1495.876	-1590.135	94.2587	0.5465176	0.603604	0.396396	6.060795
34728	-1489.006	-1585.354	96.34828	0.5466484	0.506945	0.493055	4.910727
34734	-1492.003	-1587.704	95.70153	0.5523244	0.576221	0.423779	5.26621
34740	-1488.904	-1585.968	97.0638	0.4571621	0.452076	0.547924	4.560743
34746	-1482.32	-1577.917	95.59772	0.6223697	0.417052	0.582948	5.284863
34752	-1485.53	-1583.1	97.5696	0.7992281	0.387507	0.612493	4.081271
34758	-1487.176	-1584.657	97.4814	0.8874331	0.383578	0.616422	4.081271
34764	-1481.679	-1578.519	96.84024	0.61674	0.494587	0.505413	4.596658
34770	-1491.988	-1588.455	96.46695	0.6794187	0.440118	0.559882	4.770527
34776	-1494.958	-1591.544	96.58656	0.6741361	0.453291	0.546709	4.706618
34782	-1478.349	-1574.903	96.55364	0.5115679	0.408944	0.591056	4.815831
34788	-1487.099	-1582.813	95.71418	0.7278222	0.440171	0.559829	5.162156
34794	-1486.298	-1582.476	96.17778	0.7007839	0.528518	0.471482	4.919839
34800	-1484.894	-1582.528	97.63378	0.7007839	0.58101	0.41899	4.100792
34806	-1485.165	-1582.492	97.32688	0.8009814	0.488867	0.511133	4.218261
34812	-1484.627	-1580.858	96.23143	0.7564182	0.452157	0.547843	4.858971
34818	-1490.669	-1585.233	94.56354	0.5057337	0.452157	0.547843	5.916739
34824	-1491.433	-1585.723	94.28996	0.7616003	0.553111	0.446889	5.92641
34830	-1487.955	-1586.006	98.05102	0.8714932	0.417221	0.582779	3.763964
34836	-1485.018	-1582.688	97.66945	1.005583	0.464643	0.535357	3.906254
34842	-1476.891	-1572.261	95.3699	0.7846637	0.556626	0.443374	5.321035
34848	-1482.282	-1577.468	95.18546	0.8182582	0.432614	0.567386	5.40421
34854	-1481.497	-1577.191	95.69388	0.6307749	0.508578	0.491422	5.227081
34860	-1485.3	-1582.813	97.51372	0.8764804	0.414248	0.585752	4.069094
34866	-1489.689	-1586.279	96.58986	0.7596195	0.490789	0.509211	4.656922
34872	-1484.445	-1580.296	95.85052	0.5786263	0.325572	0.674428	5.169274
34878	-1483.491	-1580.145	96.65466	0.8820754	0.560041	0.439959	4.551886
34884	-1475.128	-1571.825	96.6969	0.8398341	0.468057	0.531943	4.551886
34890	-1485.792	-1580.187	94.395	0.6554037	0.468057	0.531943	5.927042
34896	-1487.823	-1582.415	94.59183	0.5840791	0.538907	0.461093	5.858472
34902	-1475.8	-1571.526	95.72589	0.5549992	0.505879	0.494121	5.251274
34908	-1485.057	-1581.749	96.69204	0.6265857	0.396497	0.603503	4.674196
34914	-1481.317	-1576.45	95.13308	0.6994986	0.481799	0.518201	5.498422
34920	-1475.668	-1571.708	96.04012	0.8307114	0.385914	0.614086	4.924139
34926	-1490.203	-1585.334	95.13096	0.2844338	0.335808	0.664192	5.727418
34932	-1489.639	-1585.556	95.91707	0.3095722	0.437726	0.562274	5.281242
34938	-1491.084	-1585.652	94.56792	0.3095722	0.450485	0.549515	6.021398
34944	-1497.219	-1591.285	94.06632	0.3702157	0.457629	0.542371	6.261419
34950	-1494.886	-1591.121	96.23447	0.5461319	0.410141	0.589859	4.974328
34956	-1491.196	-1587.942	96.74544	0.7171509	0.475315	0.524685	4.59351
34962	-1500.621	-1599.371	98.74984	0.7817928	0.589384	0.410616	3.410027
34968	-1493.163	-1589	95.83702	0.5830618	0.461366	0.538634	5.174294
34974	-1489.732	-1583.874	94.1424	0.4200487	0.357794	0.642206	6.192967
34980	-1491.98	-1588.172	96.19225	0.6092305	0.558361	0.441639	4.962719
34986	-1495.299	-1591.464	96.1647	0.6367798	0.522205	0.477795	4.962719
34992	-1480.155	-1578.264	98.10839	1.034467	0.496107	0.503893	3.636573
34998	-1482.436	-1581.317	98.88065	1.013299	0.496107	0.503893	3.196542
35004	-1476.031	-1574.194	98.16379	0.9319177	0.496107	0.503893	3.663888
35010	-1489.845	-1588.348	98.50393	0.959653	0.598249	0.401751	3.449858
35016	-1479.765	-1576.471	96.70611	0.8436072	0.602838	0.397162	4.544592
35022	-1491.007	-1589.796	98.78901	0.9295533	0.453673	0.546327	3.300187
35028	-1486.344	-1584.674	98.32973	0.8703559	0.537784	0.462216	3.603375
35034	-1478.207	-1576.017	97.81032	0.7765668	0.37558	0.62442	3.956748
35040	-1485.838	-1584.219	98.38118	1.061039	0.516741	0.483259	3.462344
35046	-1473.103	-1570.681	97.57871	0.9533065	0.499224	0.500776	3.988138
35052	-1472.457	-1569.862	97.40454	0.9531656	0.499224	0.500776	4.087607
35058	-1485.41	-1581.439	96.02814	0.8456946	0.406172	0.593828	4.922469
35064	-1489.625	-1584.323	94.69767	0.4181428	0.510907	0.489093	5.891318
35070	-1498.31	-1594.497	96.18706	0.5709464	0.234795	0.765205	4.986884
35076	-1486.084	-1581.24	95.15643	0.5447267	0.531612	0.468388	5.57066
35082	-1487.742	-1585.565	97.82258	0.8703003	0.440388	0.559612	3.896018
35088	-1492.75	-1589.773	97.02248	0.7203487	0.555599	0.444401	4.435936
35094	-1486.916	-1583.439	96.52327	0.6251795	0.328111	0.671889	4.769366
35100	-1489.195	-1585.482	96.28686	0.6937654	0.432612	0.567388	4.862995
35106	-1486.584	-1582.442	95.85828	0.5840094	0.432612	0.567388	5.161998
35112	-1487.24	-1583.593	96.35295	0.8551315	0.480831	0.519169	4.736044
35118	-1473.283	-1570.385	97.1019	0.6181742	0.480831	0.519169	4.448758
35124	-1478.752	-1574.92	96.16794	0.5291068	0.470633	0.529367	5.020745
35130	-1480.863	-1577.026	96.1633	0.716293	0.463966	0.536034	4.919267
35136	-1493.303	-1588.001	94.69832	0.8455539	0.399388	0.600612	5.656992
35142	-1499.026	-1595.819	96.79314	0.7029033	0.46197	0.53803	4.574737
35148	-1491.18	-1585.904	94.72488	0.6563381	0.555009	0.444991	5.746134
35154	-1488.519	-1583.347	94.8276	0.5536214	0.606436	0.393564	5.746134
35160	-1491.932	-1587.777	95.84547	0.6377998	0.580195	0.419805	5.139308
35166	-1485.317	-1582.326	97.00883	0.6377998	0.398079	0.601921	4.490103
35172	-1478.606	-1575.791	97.18589	0.5240739	0.517658	0.482342	4.454452
35178	-1480.983	-1576.264	95.28032	0.7247846	0.40646	0.59354	5.403446
35184	-1486.439	-1583.338	96.89873	0.6510731	0.46526	0.53474	4.544543
35190	-1484.037	-1580.64	96.60312	0.5847224	0.605397	0.394603	4.747357
35196	-1474.232	-1570.645	96.41325	0.5756702	0.448901	0.551099	4.858373
35202	-1489.329	-1587.871	98.5414	0.7065373	0.530733	0.469267	3.575574
35208	-1491.197	-1589.662	98.46562	0.8818016	0.530733	0.469267	3.517669
35214	-1484.643	-1580.824	96.18103	0.5970186	0.645121	0.354879	4.975744
35220	-1483.214	-1579.414	96.19978	0.5782748	0.367595	0.632405	4.975744
35226	-1482.863	-1579.315	96.45152	0.5782748	0.451213	0.548787	4.835583
35232	-1483.033	-1579.885	96.85125	0.7129783	0.256299	0.743701	4.536439
35238	-1479.82	-1574.822	95.00222	0.6631861	0.531677	0.468323	5.590294
35244	-1490.574	-1585.92	95.34615	0.5064986	0.378138	0.621862	5.487386
35250	-1484.158	-1581.192	97.03363	0.6856154	0.493153	0.506847	4.449222
35256	-1480.773	-1577.883	97.11035	0.6689813	0.435872	0.564128	4.415363
35262	-1485.068	-1580.132	95.06345	0.5676056	0.380354	0.619646	5.609154
35268	-1477.877	-1572.253	94.37624	0.6572309	0.469641	0.530359	5.936288
35274	-1480.614	-1576.499	95.88532	0.5848629	0.447005	0.552995	5.146552
35280	-1501	-1597.007	96.00751	0.6482598	0.391806	0.608194	5.043665
35286	-1506.822	-1601.812	94.98959	0.6812147	0.611132	0.388868	5.587328
35292	-1490.334	-1585.261	94.92761	0.547517	0.552548	0.447452	5.694686
35298	-1492.695	-1588.381	95.68546	0.6521147	0.552548	0.447452	5.219937
35304	-1499.506	-1595.872	96.36663	0.6021594	0.526673	0.473327	4.869592
35310	-1495.232	-1591.583	96.35108	0.9010491	0.508945	0.491055	4.711409
35316	-1494.823	-1592.479	97.65658	0.7552196	0.396761	0.603239	4.056778
35322	-1501.426	-1598.89	97.4633	0.6689106	0.427946	0.572054	4.215794
35328	-1487.016	-1580.977	93.96141	0.4250603	0.560013	0.439987	6.288619
35334	-1494.967	-1592.265	97.29775	0.6148069	0.509411	0.490589	4.340158
35340	-1489.313	-1586.098	96.78563	0.5624802	0.528364	0.471636	4.657687
35346	-1484.424	-1580.09	95.66579	0.8114526	0.39604	0.60396	5.142646
35352	-1481.579	-1579.132	97.55223	0.9406082	0.341473	0.658527	4.010522
35358	-1486.985	-1583.528	96.54324	0.778558	0.495465	0.504535	4.672422
35364	-1495.674	-1592.202	96.5287	0.5728207	0.31009	0.68991	4.795566
35370	-1488.348	-1583.659	95.31121	0.5706564	0.593087	0.406913	5.471306
35376	-1485.213	-1580.216	95.00281	0.4150692	0.412214	0.587786	5.726055
35382	-1486.2	-1581.469	95.26951	0.7026491	0.558543	0.441457	5.4216
35388	-1499.717	-1596.228	96.51075	0.5246472	0.532716	0.467284	4.832462
35394	-1492.715	-1590.233	97.51808	0.7446057	0.439308	0.560692	4.14169
35400	-1501.195	-1599.167	97.97215	0.813297	0.487679	0.512321	3.842866
35406	-1481.712	-1578.678	96.96612	0.7310416	0.39123	0.60877	4.46166
35412	-1482.873	-1579.56	96.68705	0.4231985	0.338439	0.661561	4.790694
35418	-1496.388	-1593.073	96.6854	0.7287242	0.409349	0.590651	4.62069
35424	-1485.918	-1584.763	98.84499	0.9915514	0.343825	0.656175	3.230535
35430	-1483.573	-1582.499	98.92581	0.9915514	0.535595	0.464405	3.182658
35436	-1486.743	-1585.098	98.35586	0.8367906	0.414018	0.585982	3.607692
35442	-1482.357	-1579.768	97.41135	0.7566844	0.387781	0.612219	4.195464
35448	-1491.281	-1588.656	97.37494	0.7930991	0.40655	0.59345	4.195464
35454	-1479.968	-1575.002	95.03344	0.5093531	0.322709	0.677291	5.657585
35460	-1482.086	-1576.985	94.89946	0.613243	0.418589	0.581411	5.674083
35466	-1472.153	-1567.815	95.66196	0.4713055	0.418589	0.581411	5.332784
35472	-1473.904	-1569.519	95.61484	0.3063374	0.410936	0.589064	5.449669
35478	-1471.321	-1566.027	94.70601	0.4248586	0.53244	0.46756	5.883089
35484	-1479.046	-1575.948	96.90254	0.6404196	0.445666	0.554334	4.548391
35490	-1471.933	-1567.646	95.71357	0.4556458	0.445666	0.554334	5.312945
35496	-1476.534	-1573.143	96.60901	0.6170029	0.635582	0.364418	4.726019
35502	-1473.973	-1569.721	95.74826	0.6233618	0.486707	0.513293	5.201109
35508	-1476.344	-1572.725	96.38164	0.6218525	0.455343	0.544657	4.850249
35514	-1476.51	-1573.411	96.90085	0.7443537	0.455343	0.544657	4.490906
35520	-1471.14	-1568.052	96.91265	0.6562204	0.455343	0.544657	4.533833
35526	-1483.658	-1582.003	98.3459	0.9322809	0.437134	0.562866	3.557987
35532	-1491.378	-1586.616	95.23887	0.5836554	0.426497	0.573503	5.503954
35538	-1493.575	-1588.864	95.28823	0.5706322	0.492991	0.507009	5.483963
35544	-1486.98	-1583.567	96.58756	0.588383	0.50815	0.49185	4.754003
35550	-1490.913	-1589.618	98.70466	0.9294136	0.342985	0.657015	3.349914
35556	-1486.17	-1585.174	99.00433	0.9455528	0.500515	0.499485	3.163359
35562	-1480.901	-1577.948	97.04724	0.881579	0.309012	0.690988	4.330968
35568	-1494.141	-1589.908	95.76708	0.7782632	0.309012	0.690988	5.104913
35574	-1482.465	-1578.609	96.14422	0.5833553	0.522349	0.477651	5.00379
35580	-1491.373	-1586.288	94.91405	0.4671714	0.575197	0.424803	5.746134
35586	-1488.724	-1584.83	96.10582	0.5956119	0.423502	0.576498	5.018312
35592	-1491.906	-1589.211	97.30527	0.9209574	0.534489	0.465511	4.162418
35598	-1489.161	-1584.69	95.52879	0.404341	0.534489	0.465511	5.443091
35604	-1487.072	-1580.188	93.11585	0.5559755	0.400841	0.599159	6.675815
35610	-1487.083	-1582.328	95.24479	0.4780093	0.534888	0.465112	5.558772
35616	-1487.211	-1582.793	95.58172	0.3918152	0.508459	0.491541	5.420841
35622	-1483.964	-1581.218	97.25423	0.7960344	0.495082	0.504918	4.262246
35628	-1485.015	-1582.233	97.21871	0.8262053	0.510038	0.489962	4.26528
35634	-1489.571	-1586.068	96.49643	0.656936	0.461506	0.538494	4.766617
35640	-1481.017	-1577.79	96.77335	0.4177694	0.452523	0.547477	4.745521
35646	-1489.899	-1584.608	94.70913	0.4605429	0.478853	0.521147	5.861879
35652	-1489.963	-1586.53	96.56719	0.5557862	0.507296	0.492704	4.783591
35658	-1485.158	-1580.183	95.02545	0.5054818	0.452183	0.547817	5.66409
35664	-1486.27	-1581.37	95.10019	0.4307384	0.479224	0.520776	5.66409
35670	-1485.579	-1581.368	95.7888	0.7249703	0.33192	0.66808	5.122407
35676	-1485.113	-1581.077	95.96462	0.549152	0.392568	0.607432	5.122407
35682	-1488.296	-1585.255	96.95921	0.6632258	0.38842	0.61158	4.503718
35688	-1492.12	-1585.633	93.51322	0.4590981	0.352959	0.647041	6.51324
35694	-1496.05	-1593.565	97.51478	0.7029517	0.403474	0.596526	4.167243
35700	-1495.327	-1589.666	94.33925	0.6001887	0.502525	0.497475	5.98761
35706	-1481.603	-1577.859	96.25668	0.8459847	0.373813	0.626187	4.79493
35712	-1484.016	-1582.693	98.67749	1.004232	0.517093	0.482907	3.321886
35718	-1487.969	-1586.697	98.728	0.8888968	0.494424	0.505576	3.360005
35724	-1483.306	-1579.436	96.13018	0.579114	0.371855	0.628145	5.013946
35730	-1479.145	-1574.997	95.8526	0.6844614	0.419149	0.580851	5.109501
35736	-1486.127	-1580.82	94.69361	0.3840636	0.481467	0.518533	5.912149
35742	-1484.913	-1579.765	94.85168	0.4501236	0.403827	0.596173	5.789611
35748	-1479.808	-1576.278	96.46968	0.490612	0.480486	0.519514	4.874325
35754	-1486.998	-1583.001	96.00243	0.4481297	0.470623	0.529377	5.157422
35760	-1481.552	-1577.278	95.72618	0.7243752	0.45829	0.54171	5.157422
35766	-1484.007	-1581.105	97.09753	0.7243752	0.49399	0.50601	4.391345
35772	-1487.24	-1582.383	95.14249	0.8581732	0.40577	0.59423	5.405893
35778	-1477.233	-1573.344	96.11111	0.5118648	0.501254	0.498746	5.06186
35784	-1477.58	-1574.932	97.35209	0.8585866	0.52991	0.47009	4.17125
35790	-1474.624	-1572.163	97.53948	0.6711992	0.478629	0.521371	4.17125
35796	-1483.118	-1580.442	97.32393	0.6711992	0.526909	0.473091	4.293466
35802	-1493.849	-1589.263	95.41352	0.4466747	0.478907	0.521093	5.483234
35808	-1478.099	-1574.043	95.94411	0.7692607	0.493343	0.506657	5.011685
35814	-1472.081	-1567.091	95.01042	0.7318269	0.405424	0.594576	5.548083
35820	-1473.847	-1569.164	95.31748	0.8324098	0.451356	0.548644	5.323611
35826	-1476.305	-1571.3	94.99469	0.4037466	0.492201	0.507799	5.736708
35832	-1480.987	-1575.87	94.88309	0.5153421	0.492201	0.507799	5.736708
35838	-1480.605	-1575.872	95.26767	0.6422324	0.389787	0.610213	5.455879
35844	-1478.056	-1574.538	96.48189	0.8344768	0.433302	0.566698	4.675464
35850	-1484.191	-1581.006	96.81494	0.5014257	0.507265	0.492735	4.675464
35856	-1487.279	-1582.2	94.92123	0.6196507	0.423506	0.576494	5.658631
35862	-1479.616	-1575.266	95.65003	0.4980767	0.390851	0.609149	5.324598
35868	-1484.408	-1579.296	94.88771	0.7262927	0.497445	0.502555	5.618513
35874	-1481.979	-1578.541	96.56209	0.6746405	0.458543	0.541457	4.720025
35880	-1477.877	-1574.695	96.8182	0.6307039	0.451607	0.548393	4.601187
35886	-1480.429	-1576.375	95.94617	0.7990853	0.451607	0.548393	4.993969
35892	-1483.473	-1579.844	96.37189	0.7177183	0.549156	0.450844	4.802219
35898	-1484.239	-1579.77	95.53115	0.597831	0.549156	0.450844	5.335152
35904	-1478.316	-1573.878	95.56202	0.5780239	0.509579	0.490421	5.329047
35910	-1487.134	-1582.645	95.51065	0.6017403	0.453956	0.546044	5.344301
35916	-1488.302	-1583.846	95.54429	0.5816116	0.427999	0.572001	5.336847
35922	-1492.344	-1587.438	95.09365	0.5423809	0.440604	0.559396	5.606423
35928	-1499.53	-1595.709	96.17808	0.6697006	0.473056	0.526944	4.936965
35934	-1496.232	-1592.547	96.31563	0.5321582	0.531923	0.468077	4.936965
35940	-1478.126	-1573.585	95.45865	0.6908317	0.532952	0.467048	5.32384
35946	-1473.26	-1568.908	95.64803	0.5014477	0.481996	0.518004	5.32384
35952	-1479.593	-1575.145	95.55182	0.4933706	0.500509	0.499491	5.381358
35958	-1478.983	-1574.516	95.53287	0.5123222	0.583217	0.416783	5.381358
35964	-1481.32	-1577.577	96.25742	0.4772925	0.467069	0.532931	4.999827
35970	-1489.094	-1584.365	95.27165	0.5321816	0.492152	0.507848	5.514233
35976	-1489.836	-1586.037	96.20043	0.5572414	0.492152	0.507848	4.987072
35982	-1480.706	-1577.527	96.82076	0.710063	0.384566	0.615434	4.555204
35988	-1478.823	-1575.371	96.54836	0.7642169	0.466302	0.533698	4.677583
35994	-1477.309	-1574.505	97.19572	0.6699185	0.466302	0.533698	4.366664
36000	-1481.909	-1578.152	96.24288	0.5839642	0.611594	0.388406	4.948611
36006	-1478.888	-1574.087	95.19915	0.7257011	0.396762	0.603238	5.447651
36012	-1487.198	-1583.266	96.06777	0.4313587	0.505034	0.494966	5.130522
36018	-1483.826	-1580.145	96.31815	0.6239124	0.505034	0.494966	4.884484
36024	-1477.529	-1572.445	94.91606	0.5286319	0.525379	0.474621	5.711368
36030	-1477.555	-1572.52	94.96472	0.480347	0.419017	0.580983	5.711158
36036	-1485.518	-1580.718	95.20033	0.6922394	0.466548	0.533452	5.465416
36042	-1478.898	-1575.612	96.71433	0.6803231	0.466548	0.533452	4.631605
36048	-1483.223	-1580.819	97.59599	0.8030367	0.345867	0.654133	4.064061
36054	-1474.515	-1572.079	97.5631	0.712888	0.571588	0.428412	4.134125
36060	-1476.138	-1572.545	96.40694	0.6044727	0.571588	0.428412	4.845838
36066	-1480.92	-1576.365	95.44475	0.6058628	0.533318	0.466682	5.378369
36072	-1477.827	-1573.831	96.00475	0.5574761	0.536451	0.463549	5.095554
36078	-1488.551	-1584.713	96.16189	0.4003284	0.516123	0.483877	5.095554
36084	-1482.428	-1578.388	95.96087	0.5551112	0.46306	0.53694	5.121184
36090	-1481.967	-1578.905	96.93774	0.6101591	0.504692	0.495308	4.545611
36096	-1489.545	-1585.933	96.38867	0.7982408	0.504692	0.495308	4.747874
36102	-1482.152	-1578.371	96.21894	0.738561	0.504692	0.495308	4.875884
36108	-1502.184	-1598.826	96.64154	0.6454899	0.514002	0.485998	4.691885
36114	-1492.326	-1587.645	95.31913	0.6291605	0.520023	0.479977	5.434742
36120	-1491.594	-1587.427	95.8332	0.6173949	0.347621	0.652379	5.157398
36126	-1490.857	-1586.893	96.03548	0.8428635	0.347621	0.652379	4.919962
36132	-1483.132	-1577.648	94.51563	0.4935251	0.318876	0.681124	5.949562
36138	-1486.937	-1582.126	95.18981	0.4915086	0.566654	0.433346	5.581556
36144	-1487.074	-1581.285	94.21108	0.5745212	0.469626	0.530374	6.07148
36150	-1496.126	-1591.395	95.26901	0.5514459	0.57572	0.42428	5.505089
36156	-1480.823	-1576.565	95.74234	0.704597	0.451346	0.548654	5.159428
36162	-1486.861	-1581.058	94.19653	0.5205241	0.628839	0.371161	6.108822
36168	-1485.375	-1580.558	95.18272	0.6082007	0.57849	0.42151	5.521332
36174	-1482.86	-1580.097	97.237	0.8474186	0.530561	0.469439	4.242898
36180	-1484.45	-1580.52	96.07046	0.5600249	0.493185	0.506815	5.057693
36186	-1498.82	-1594.846	96.02583	0.6046619	0.545242	0.454758	5.057693
36192	-1487.117	-1584.907	97.78976	0.7614051	0.564633	0.435367	3.977184
36198	-1490.713	-1587.624	96.91122	0.9138857	0.55878	0.44122	4.389542
36204	-1493.671	-1589.247	95.57615	0.4750377	0.493909	0.506091	5.378053
36210	-1485.237	-1580.059	94.82263	0.5301695	0.493909	0.506091	5.761699
36216	-1484.903	-1580.055	95.15192	0.594199	0.39957	0.60043	5.545954
36222	-1488.14	-1584.646	96.50624	0.7116442	0.545803	0.454197	4.730561
36228	-1485.649	-1583.232	97.58323	0.9022585	0.481806	0.518194	4.01472
36234	-1483.5	-1580.607	97.1076	0.6470818	0.481806	0.518194	4.429257
36240	-1477.745	-1575.685	97.93957	0.7789662	0.440419	0.559581	3.881301
36246	-1492.413	-1588.895	96.48292	0.71415	0.408861	0.591139	4.742194
36252	-1486.943	-1581.851	94.90807	0.6719487	0.43472	0.56528	5.637163
36258	-1489.432	-1586.726	97.29381	0.8567647	0.509391	0.490609	4.205378
36264	-1486.192	-1582.519	96.32709	0.6884202	0.451322	0.548678	4.843553
36270	-1483.205	-1580.464	97.25872	0.5618867	0.45098	0.54902	4.392078
36276	-1481.211	-1578.673	97.46163	0.6435242	0.544082	0.455918	4.231139
36282	-1480.716	-1577.351	96.63505	0.8589977	0.458676	0.541324	4.575856
36288	-1479.806	-1576.456	96.64933	0.8447143	0.429272	0.570728	4.575856
36294	-1481.287	-1578.382	97.09539	0.7031714	0.535813	0.464187	4.404515
36300	-1494.781	-1590.348	95.56666	0.4380401	0.406202	0.593798	5.403671
36306	-1501.317	-1597.072	95.75534	0.6311831	0.465735	0.534265	5.192862
36312	-1474.062	-1568.838	94.77661	0.6047306	0.45207	0.54793	5.746067
36318	-1482.661	-1577.614	94.9535	0.5362004	0.417681	0.582319	5.686696
36324	-1486.248	-1581.17	94.92186	0.567842	0.450438	0.549562	5.686696
36330	-1480.04	-1575.635	95.5949	0.7625588	0.364942	0.635058	5.20894
36336	-1481.47	-1576.012	94.54247	0.5505152	0.478046	0.521954	5.903784
36342	-1483.068	-1577.07	94.002	0.3638676	0.394594	0.605406	6.299807
36348	-1481.811	-1578.306	96.49466	0.8206312	0.483225	0.516775	4.676066
36354	-1486.841	-1583.667	96.82592	0.8212448	0.489275	0.510725	4.489803
36360	-1487.111	-1582.408	95.2971	0.7383292	0.36803	0.63197	5.386735
36366	-1484.474	-1581.978	97.50416	0.917313	0.366987	0.633013	4.051257
36372	-1498.113	-1597.508	99.39494	0.9628584	0.53719	0.46281	2.919246
36378	-1491.43	-1589.722	98.29193	0.8639381	0.53719	0.46281	3.62903
36384	-1497.337	-1596.405	99.06815	0.9416306	0.559203	0.440797	3.127745
36390	-1498.308	-1594.954	96.64651	0.67759	0.512808	0.487192	4.671134
36396	-1493.847	-1590.465	96.61803	0.6749529	0.519739	0.480261	4.688553
36402	-1478.386	-1575.883	97.497	0.7879471	0.485032	0.514968	4.129032
36408	-1479.295	-1576.792	97.497	0.7879471	0.451188	0.548812	4.129032
36414	-1480.18	-1575.91	95.73	0.7109074	0.588515	0.411485	5.162765
36420	-1478.186	-1574.348	96.16182	0.542226	0.512759	0.487241	5.016863
36426	-1483.291	-1579.312	96.02056	0.6723566	0.391986	0.608014	5.023039
36432	-1477.932	-1575.092	97.16039	0.7994787	0.602592	0.397408	4.313412
36438	-1474.914	-1570.883	95.96921	0.6564545	0.419141	0.580859	5.060371
36444	-1482.63	-1577.906	95.27578	0.5773206	0.552715	0.447285	5.487134
36450	-1493.748	-1589.555	95.80688	0.9400416	0.34685	0.65315	4.993045
36456	-1476.512	-1574.827	98.31458	0.8877538	0.364832	0.635168	3.602071
36462	-1475.233	-1571.913	96.67986	0.6873417	0.387261	0.612739	4.646989
36468	-1478.159	-1574.215	96.05653	0.6595265	0.480834	0.519166	5.010188
36474	-1477.327	-1575.111	97.78435	0.8627119	0.542991	0.457009	3.922286
36480	-1479.828	-1576.361	96.5333	0.7150182	0.466614	0.533386	4.713543
36486	-1484.99	-1580.733	95.74264	0.7695382	0.466614	0.533386	5.123289
36492	-1484.168	-1578.858	94.69001	0.3461903	0.515953	0.484047	5.934801
36498	-1486.907	-1581.859	94.95151	0.5643661	0.496015	0.503985	5.672343
36504	-1477.774	-1574.104	96.32962	0.7133634	0.496015	0.503985	4.82823
36510	-1482.6	-1579.154	96.55383	0.653021	0.505142	0.494858	4.736728
36516	-1480.389	-1577.429	97.04008	0.8117725	0.437281	0.562719	4.374448
36522	-1481.703	-1578.378	96.67539	0.6474772	0.398173	0.601827	4.671825
36528	-1476.749	-1571.634	94.88431	0.5658556	0.451268	0.548732	5.708367
36534	-1481.551	-1578.088	96.5368	0.6442521	0.542397	0.457603	4.751148
36540	-1481.383	-1577.456	96.07271	0.6012859	0.506424	0.493576	5.033547
36546	-1490.255	-1585.888	95.63238	0.6087253	0.434387	0.565613	5.273253
36552	-1486.093	-1581.558	95.46421	0.5228683	0.486602	0.513398	5.413381
36558	-1495.976	-1591.345	95.36844	0.6186329	0.47357	0.52643	5.413381
36564	-1489.262	-1586.295	97.03287	0.6869422	0.593609	0.406391	4.448905
36570	-1479.314	-1575.885	96.57117	0.6168607	0.552824	0.447176	4.747247
36576	-1477.43	-1573.575	96.14456	0.8138384	0.554214	0.445786	4.875383
36582	-1482.086	-1579.734	97.64837	0.6749935	0.441771	0.558229	4.107165
36588	-1486.608	-1584.361	97.75268	0.7264383	0.441771	0.558229	4.018359
36594	-1483.437	-1582.941	99.50397	1.096937	0.483055	0.516945	2.77177
36600	-1490.14	-1587.144	97.0036	0.6801852	0.447104	0.552896	4.469192
36606	-1488.467	-1583.24	94.77335	0.6664397	0.531904	0.468096	5.714049
36612	-1490.06	-1587.119	97.05976	0.7155488	0.511748	0.488252	4.41763
36618	-1486.224	-1584.818	98.59398	1.039487	0.438915	0.561085	3.350268
36624	-1478.671	-1578.381	99.71084	1.097108	0.433	0.567	2.644807
36630	-1474.968	-1573.204	98.23648	0.7187699	0.46296	0.53704	3.745081
36636	-1475.425	-1573.411	97.98622	1.009123	0.475131	0.524869	3.721933
36642	-1474.192	-1572.156	97.96437	0.8351784	0.475131	0.524869	3.834762
36648	-1475.786	-1573.721	97.93487	0.860702	0.475131	0.524869	3.837048
36654	-1475.095	-1569.961	94.86646	0.6210775	0.525348	0.474652	5.687884
36660	-1481.418	-1576.166	94.74866	0.5795265	0.574793	0.425207	5.775173
36666	-1481.926	-1578.814	96.88805	0.5941617	0.574793	0.425207	4.582496
36672	-1478.402	-1575.608	97.20619	0.7578257	0.337454	0.662546	4.311064
36678	-1485.549	-1580.441	94.89187	0.5554081	0.357555	0.642445	5.70995
36684	-1481.194	-1575.723	94.52941	0.3962703	0.384308	0.615692	5.995114
36690	-1483.928	-1580.627	96.69843	0.642946	0.430403	0.569597	4.66146
36696	-1495.534	-1592	96.46572	0.7601998	0.43417	0.56583	4.726068
36702	-1479.418	-1576.801	97.38274	0.8773568	0.468806	0.531194	4.143161
36708	-1479.357	-1574.471	95.1137	0.6967637	0.541853	0.458147	5.510586
36714	-1480.111	-1575.51	95.39973	0.5327914	0.378161	0.621839	5.443426
36720	-1483.516	-1580.186	96.66942	0.719529	0.371328	0.628672	4.634807
36726	-1493.034	-1588.935	95.90116	0.4926322	0.510763	0.489237	5.188841
36732	-1498.969	-1595.401	96.43222	0.6603186	0.47493	0.52507	4.800579
36738	-1497.286	-1593.718	96.43158	0.6609661	0.47493	0.52507	4.800579
36744	-1488.379	-1585.333	96.95453	0.5191036	0.495217	0.504783	4.587311
36750	-1484.113	-1581.684	97.5703	0.6985901	0.407946	0.592054	4.13816
36756	-1484.401	-1580.369	95.96865	0.6586496	0.494823	0.505177	5.059463
36762	-1481.661	-1578.931	97.27073	0.6327648	0.553446	0.446554	4.345282
36768	-1479.012	-1575.313	96.30047	0.635485	0.63198	0.36802	4.887886
36774	-1481.35	-1577.028	95.6781	0.549069	0.345669	0.654331	5.28095
36780	-1477.113	-1572.468	95.3557	0.549069	0.520188	0.479812	5.458705
36786	-1475.168	-1572.058	96.89035	0.6496342	0.485201	0.514799	4.550061
36792	-1476.443	-1573.335	96.89219	0.6477958	0.433447	0.566553	4.550061
36798	-1480.072	-1577.058	96.98573	0.4743845	0.409815	0.590185	4.594898
36804	-1480.267	-1577.228	96.96102	0.6297456	0.564112	0.435888	4.521523
36810	-1486.954	-1582.256	95.3014	0.6793089	0.466918	0.533082	5.416887
36816	-1479.461	-1575.916	96.45462	0.5527877	0.413655	0.586345	4.848071
36822	-1481.559	-1578.862	97.30275	0.8132317	0.559447	0.440553	4.225003
36828	-1492.885	-1589.564	96.67926	0.7271811	0.466974	0.533026	4.625001
36834	-1484.619	-1582.23	97.61122	0.7556829	0.448414	0.551586	4.082372
36840	-1492.55	-1588.56	96.00943	0.607944	0.564323	0.435677	5.064969
36846	-1486.858	-1583.29	96.4316	0.8095782	0.447059	0.552941	4.717539
36852	-1478.89	-1573.829	94.93832	0.5353958	0.514476	0.485524	5.695461
36858	-1485.234	-1581.944	96.70976	0.812637	0.451966	0.548034	4.559935
36864	-1487.664	-1584.354	96.69038	0.7111706	0.545158	0.454842	4.627743
36870	-1490.996	-1585.531	94.53512	0.02037229	0.33837	0.66163	6.19675
36876	-1496.354	-1590.929	94.57569	0.01126127	0.55853	0.44147	6.179633
36882	-1479.935	-1576.049	96.114	0.424106	0.522374	0.477626	5.108922
36888	-1483.656	-1578.826	95.17018	0.4965299	0.313199	0.686801	5.589578
36894	-1474.172	-1571.463	97.2903	0.6423984	0.394097	0.605903	4.328775
36900	-1483.225	-1579.614	96.38868	0.6375514	0.362396	0.637604	4.837572
36906	-1483.711	-1579.674	95.96305	0.7064654	0.523638	0.476362	5.036034
36912	-1486.898	-1581.81	94.91253	0.5073931	0.523638	0.476362	5.724935
36918	-1493.403	-1590.535	97.13184	0.4624416	0.424788	0.575212	4.519546
36924	-1492.801	-1589.307	96.50531	0.7565182	0.487332	0.512668	4.705983
36930	-1486.173	-1582.074	95.90074	0.7271284	0.493524	0.506476	5.059145
36936	-1493.538	-1590.594	97.05574	0.799735	0.564593	0.435407	4.372401
36942	-1483.559	-1581.013	97.45465	0.6730801	0.464619	0.535381	4.218335
36948	-1477.792	-1575.634	97.84218	0.8012071	0.58936	0.41064	3.924392
36954	-1477.807	-1575.746	97.93867	0.7047213	0.473987	0.526013	3.924392
36960	-1468.952	-1565.729	96.77702	0.7205831	0.473494	0.526506	4.573859
36966	-1481.921	-1577.78	95.85863	0.6830313	0.600218	0.399782	5.106955
36972	-1478.761	-1574.669	95.90758	0.6340786	0.44202	0.55798	5.106955
36978	-1490	-1585.471	95.47125	0.4026687	0.341357	0.658643	5.475683
36984	-1498.652	-1592.233	93.58105	0.5258062	0.466396	0.533604	6.440343
36990	-1490.623	-1590.095	99.47209	0.952329	0.399405	0.600595	2.87899
36996	-1490.551	-1588.647	98.09628	1.312766	0.467798	0.532202	3.481721
37002	-1499.64	-1597.561	97.92155	0.7885025	0.467798	0.532202	3.886166
37008	-1483.068	-1580.893	97.82484	0.8065152	0.527055	0.472945	3.931289
37014	-1481.464	-1578.175	96.71059	0.760167	0.532192	0.467808	4.588928
37020	-1475.362	-1572.317	96.95421	0.7195786	0.477945	0.522055	4.474819
37026	-1480.143	-1577.823	97.68012	0.7605821	0.5865	0.4135	4.040288
37032	-1480.85	-1579.83	98.97985	1.121353	0.406973	0.593027	3.073245
37038	-1488.662	-1588.002	99.33948	1.069572	0.42667	0.57333	2.88829
37044	-1481.679	-1577.958	96.27925	0.5018587	0.412065	0.587935	4.974043
37050	-1484.208	-1579.034	94.82572	0.6187607	0.458999	0.541001	5.711479
37056	-1486.066	-1580.887	94.82156	0.6229264	0.520096	0.479904	5.711479
37062	-1489.61	-1583.354	93.74368	0.6101075	0.350024	0.649976	6.306368
37068	-1488.833	-1582.25	93.41672	0.5560284	0.450309	0.549691	6.513011
37074	-1475.913	-1570.933	95.02002	0.6784211	0.513385	0.486615	5.572154
37080	-1492.301	-1589.61	97.30985	0.8254577	0.543809	0.456191	4.214038
37086	-1487.405	-1583.266	95.86122	0.771086	0.659656	0.340344	5.056682
37092	-1483.161	-1580.678	97.51734	0.8102167	0.360949	0.639051	4.104779
37098	-1491.875	-1589.385	97.50988	0.8176791	0.586466	0.413534	4.104779
37104	-1477.427	-1574.258	96.83086	0.8415113	0.427117	0.572883	4.475616
37110	-1484.551	-1581.834	97.28281	0.8176791	0.561581	0.438419	4.233785
37116	-1484.348	-1580.247	95.89964	0.8394152	0.5102	0.4898	4.997416
37122	-1481.893	-1577.793	95.90002	0.5901532	0.54363	0.45637	5.135484
37128	-1486.202	-1583.851	97.64989	0.684687	0.38377	0.61623	4.100782
37134	-1483.599	-1582.276	98.67627	0.9853634	0.503413	0.496587	3.33371
37140	-1484.167	-1582.053	97.88621	0.9798702	0.341529	0.658471	3.796477
37146	-1473.983	-1570.919	96.93584	0.8040884	0.491937	0.508063	4.437569
37152	-1468.062	-1563.963	95.90124	0.4823673	0.486758	0.513242	5.194474
37158	-1477.679	-1573.749	96.07039	0.5344093	0.628571	0.371429	5.071945
37164	-1479.947	-1575.845	95.89817	0.440363	0.502667	0.497333	5.219408
37170	-1481.124	-1578.017	96.8929	0.6702533	0.534507	0.465493	4.537042
37176	-1474.725	-1569.954	95.22933	0.5389305	0.356678	0.643322	5.533788
37182	-1469.149	-1564.211	95.06214	0.473902	0.501373	0.498627	5.661289
37188	-1477.708	-1574.115	96.40723	0.4957803	0.380105	0.619895	4.906228
37194	-1479.724	-1574.915	95.19094	0.421514	0.400294	0.599706	5.619362
37200	-1478.644	-1573.789	95.14471	0.4677426	0.439797	0.560203	5.619362
37206	-1472.389	-1569.316	96.92664	0.6589066	0.383128	0.616872	4.524457
37212	-1477.744	-1572.719	94.97562	0.4899885	0.48856	0.51144	5.6999
37218	-1477.171	-1572.243	95.07254	0.5831737	0.536617	0.463383	5.595615
37224	-1472.04	-1567.142	95.10231	0.5534048	0.536617	0.463383	5.595615
37230	-1478.365	-1573.441	95.07559	0.5801279	0.402416	0.597584	5.595615
37236	-1467.406	-1562.812	95.40622	0.7189227	0.40377	0.59623	5.337267
37242	-1484.292	-1580.94	96.64774	0.6592639	0.406316	0.593684	4.680702
37248	-1473.796	-1570.856	97.05978	0.7789844	0.3851	0.6149	4.381833
37254	-1481.489	-1578.618	97.12927	0.8653825	0.343401	0.656599	4.293737
37260	-1481.294	-1577.203	95.90816	0.5036485	0.336823	0.663177	5.17887
37266	-1484.068	-1579.991	95.92387	0.7780576	0.531312	0.468688	5.018038
37272	-1477.597	-1573.592	95.99457	0.571136	0.433396	0.566604	5.093621
37278	-1484.536	-1580.455	95.91896	0.6467527	0.517089	0.482911	5.093621
37284	-1474.028	-1570.327	96.29904	0.7452852	0.352252	0.647748	4.827483
37290	-1479.073	-1575.699	96.62581	0.661898	0.516574	0.483426	4.691503
37296	-1485.141	-1581.806	96.66496	0.6227473	0.44606	0.55394	4.691503
37302	-1489.681	-1586.351	96.67001	0.6177042	0.423972	0.576028	4.691503
37308	-1485.946	-1582.742	96.79625	0.6028729	0.461414	0.538586	4.629102
37314	-1479.394	-1577.134	97.74022	0.7333783	0.491434	0.508566	4.021512
37320	-1483.019	-1578.897	95.87785	0.7420974	0.420983	0.579017	5.063542
37326	-1485.117	-1583.852	98.73442	1.035621	0.531048	0.468952	3.26983
37332	-1478.629	-1577.982	99.35307	1.035621	0.30097	0.69903	2.900594
37338	-1480.737	-1579.898	99.16067	0.9835478	0.30097	0.69903	3.047541
37344	-1476.279	-1575.961	99.6822	0.9835478	0.493916	0.506084	2.732156
37350	-1472.986	-1572.277	99.2909	0.9524734	0.476425	0.523575	2.988116
37356	-1475.022	-1572.397	97.37525	0.8816465	0.484496	0.515504	4.144981
37362	-1475.351	-1571.197	95.846	0.5691036	0.484496	0.515504	5.177047
37368	-1479.17	-1574.642	95.4721	0.6922628	0.573491	0.426509	5.315628
37374	-1484.754	-1581.222	96.46728	0.6914643	0.383302	0.616698	4.763614
37380	-1474.54	-1570.569	96.02856	0.5811617	0.467237	0.532763	5.069214
37386	-1471.696	-1568.981	97.28477	0.6486668	0.577967	0.422033	4.328356
37392	-1478.67	-1574.772	96.10252	0.5765571	0.531037	0.468963	5.030723
37398	-1491.216	-1587.302	96.08585	0.5932274	0.489697	0.510303	5.030723
37404	-1485.811	-1582.183	96.37148	0.3075993	0.555837	0.444163	5.030723
37410	-1484.842	-1583.117	98.27515	0.7524527	0.536135	0.463865	3.703292
37416	-1479.218	-1577.209	97.99097	0.8884296	0.469043	0.530957	3.78881
37422	-1481.938	-1579.41	97.47195	0.9222463	0.562241	0.437759	4.066814
37428	-1474.855	-1571.15	96.29569	0.7732596	0.442178	0.557822	4.813745
37434	-1479.26	-1574.762	95.50167	0.6776678	0.521512	0.478488	5.30736
37440	-1487.68	-1582.169	94.48861	0.5497238	0.527477	0.472523	5.933636
37446	-1492.809	-1589.654	96.84584	0.5676724	0.456702	0.543298	4.621037
37452	-1479.997	-1576.711	96.71429	0.6992189	0.580671	0.419329	4.621037
37458	-1484.736	-1581.369	96.6327	0.6992189	0.414609	0.585391	4.666754
37464	-1490.001	-1587.716	97.71484	0.6145024	0.428271	0.571729	4.103763
37470	-1488.754	-1586.468	97.71431	0.8719402	0.371376	0.628624	3.957117
37476	-1482.353	-1581.808	99.45564	1.019649	0.533	0.467	2.848178
37482	-1490.949	-1590.954	100.005	1.037443	0.441375	0.558625	2.49926
37488	-1484.118	-1584.109	99.99104	1.261963	0.503258	0.496742	2.366736
37494	-1492.135	-1591.533	99.39802	1.198864	0.434452	0.565548	2.774227
37500	-1485.995	-1583.656	97.66042	0.8101468	0.299151	0.700849	4.02324
37506	-1490.737	-1589.085	98.3485	0.9279032	0.429241	0.570759	3.559021
37512	-1474.926	-1572.721	97.79412	0.9496671	0.480654	0.519346	3.8668
37518	-1478.4	-1577.274	98.8741	0.9496671	0.480654	0.519346	3.238088
37524	-1475.569	-1574.213	98.64357	0.8226862	0.56519	0.43481	3.448295
37530	-1488.587	-1586.634	98.04739	0.8736093	0.56519	0.43481	3.764833
37536	-1486.208	-1582.743	96.53508	0.5943619	0.521017	0.478983	4.779979
37542	-1486.016	-1583.362	97.34545	0.7095936	0.480114	0.519886	4.259538
37548	-1478.644	-1575.092	96.44785	0.6798383	0.419835	0.580165	4.780959
37554	-1489.016	-1584.565	95.54905	0.5841139	0.320301	0.679699	5.332842
37560	-1492.156	-1586.024	93.868	0.3987271	0.39011	0.60989	6.353631
37566	-1487.503	-1582.982	95.47857	0.5639827	0.426652	0.573348	5.382809
37572	-1497.306	-1593.904	96.59809	0.4365678	0.521752	0.478248	4.832873
37578	-1497.139	-1594.814	97.6746	0.7442725	0.422759	0.577241	4.052744
37584	-1485.838	-1582.972	97.13353	0.8619175	0.47413	0.52587	4.293283
37590	-1493.878	-1590.918	97.04017	0.6331101	0.491493	0.508507	4.475105
37596	-1485.347	-1582.292	96.94527	0.7280169	0.495423	0.504577	4.475105
37602	-1485.671	-1580.504	94.83309	0.5712489	0.39571	0.60429	5.733475
37608	-1492.459	-1588.684	96.22464	0.6413359	0.447273	0.552727	4.926844
37614	-1488.819	-1584.83	96.01079	0.6034051	0.436733	0.563267	5.066734
37620	-1484.659	-1581.447	96.78828	0.7693562	0.547037	0.452963	4.54014
37626	-1490.693	-1585.761	95.06865	0.5455905	0.521391	0.478609	5.618383
37632	-1478.123	-1574.606	96.4827	0.6824243	0.453237	0.546763	4.760049
37638	-1486.53	-1581.354	94.82422	0.5054175	0.469947	0.530053	5.774381
37644	-1476.116	-1572.729	96.61346	0.5599068	0.34336	0.65664	4.755444
37650	-1481.21	-1578.401	97.19076	0.7266029	0.34336	0.65664	4.337444
37656	-1485.205	-1579.817	94.61214	0.4926728	0.461554	0.538446	5.897324
37662	-1473.807	-1570.372	96.565	0.6848907	0.461554	0.538446	4.712664
37668	-1491.213	-1584.397	93.18342	0.4930952	0.495085	0.504915	6.673279
37674	-1479.896	-1575.057	95.16133	0.6056045	0.442613	0.557387	5.534515
37680	-1480.074	-1578.376	98.30203	0.8659316	0.455288	0.544712	3.622015
37686	-1475.761	-1574.375	98.61386	0.9987461	0.4871	0.5129	3.362525
37692	-1479.77	-1576.703	96.93356	0.6304362	0.462798	0.537202	4.536568
37698	-1477.328	-1574.073	96.74483	0.6445038	0.486997	0.513003	4.634589
37704	-1481.99	-1577.324	95.3344	0.5175485	0.613126	0.386874	5.487771
37710	-1474.215	-1571.841	97.62648	0.8428096	0.375652	0.624348	4.02397
37716	-1475.412	-1572.577	97.16486	0.8098614	0.375652	0.624348	4.30501
37722	-1476.934	-1575.01	98.07568	0.8551449	0.476652	0.523348	3.759169
37728	-1484.532	-1580.466	95.93421	0.51019	0.484696	0.515304	5.160829
37734	-1475.512	-1569.659	94.14721	0.5109632	0.548408	0.451592	6.14088
37740	-1478.364	-1574.645	96.28089	0.6404723	0.438493	0.561507	4.89601
37746	-1481.292	-1577.538	96.24627	0.6750925	0.523129	0.476871	4.89601
37752	-1486.874	-1584.494	97.62016	0.7370071	0.556108	0.443892	4.087916
37758	-1500.944	-1596.035	95.09097	0.5243414	0.406816	0.593184	5.617798
37764	-1491.326	-1586.609	95.28398	0.6407449	0.360777	0.639223	5.447715
37770	-1483.584	-1579.694	96.1096	0.7921979	0.41491	0.58509	4.906902
37776	-1484.478	-1580.275	95.79688	0.8637934	0.47294	0.52706	5.040943
37782	-1491.425	-1588.427	97.00203	0.7972816	0.449285	0.550715	4.40409
37788	-1487.66	-1585.066	97.40585	0.9089823	0.486608	0.513392	4.112026
37794	-1496.037	-1593.408	97.37034	0.9444905	0.522333	0.477667	4.112026
37800	-1494.887	-1589.495	94.60755	0.4975211	0.415713	0.584287	5.897184
37806	-1487.476	-1583.28	95.8038	0.4369854	0.524641	0.475359	5.27343
37812	-1486.805	-1583.118	96.31299	0.6097201	0.447341	0.552659	4.895258
37818	-1495.59	-1593.488	97.89832	0.7825635	0.447341	0.552659	3.902899
37824	-1493.058	-1589.698	96.63939	0.5445779	0.395379	0.604621	4.74952
37830	-1490.385	-1587.959	97.574	0.7577849	0.407832	0.592168	4.102371
37836	-1479.14	-1576.391	97.2502	0.7487026	0.440493	0.559507	4.291326
37842	-1483.621	-1580.368	96.74707	0.6865087	0.45424	0.54576	4.609784
37848	-1483.101	-1580.348	97.24709	0.8228118	0.421059	0.578941	4.251122
37854	-1478.322	-1574.867	96.54538	0.6529331	0.438277	0.561723	4.741502
37860	-1479.053	-1576.374	97.32149	0.7845152	0.489037	0.510963	4.230659
37866	-1487.154	-1584.247	97.09248	0.8827544	0.489037	0.510963	4.304721
37872	-1487.922	-1585.363	97.44081	0.8036367	0.553738	0.446262	4.152058
37878	-1486.878	-1585.009	98.13093	0.9171866	0.416732	0.583268	3.691431
37884	-1484.792	-1582.628	97.83591	0.8564373	0.358081	0.641919	3.896324
37890	-1496.6	-1592.237	95.63734	0.7363513	0.427116	0.572884	5.199963
37896	-1490.114	-1585.238	95.12322	0.8064178	0.560159	0.439841	5.445012
37902	-1500.363	-1597.873	97.50974	0.6826367	0.42015	0.57985	4.181644
37908	-1492.265	-1589.403	97.13815	0.6807104	0.567113	0.432887	4.393067
37914	-1490.687	-1587.927	97.24013	0.7956915	0.546803	0.453197	4.27043
37920	-1478.153	-1573.137	94.98423	0.6891569	0.546803	0.453197	5.585911
37926	-1479.817	-1575.088	95.27044	0.530935	0.546803	0.453197	5.515583
37932	-1480.162	-1575.868	95.70564	0.3298616	0.476562	0.523438	5.386699
37938	-1480.17	-1575.476	95.30628	0.4835695	0.476562	0.523438	5.521918
37944	-1488.199	-1583.321	95.12164	0.6682135	0.476562	0.523438	5.521918
37950	-1477.703	-1572.592	94.8885	0.5484964	0.429401	0.570599	5.715579
37956	-1481.795	-1578.422	96.62721	0.6083265	0.480915	0.519085	4.720691
37962	-1478.412	-1574.313	95.9013	0.7018504	0.432119	0.567881	5.072858
37968	-1481.141	-1577.044	95.90304	0.4345234	0.457186	0.542814	5.219942
37974	-1489.82	-1586.645	96.8245	0.7046266	0.346162	0.653838	4.55616
37980	-1478.841	-1575.889	97.04779	0.8515719	0.346162	0.653838	4.347616
37986	-1494.414	-1591.763	97.34902	0.9299703	0.451077	0.548923	4.132415
37992	-1491.484	-1586.597	95.11248	0.5434964	0.497926	0.502074	5.595475
37998	-1480.84	-1576.744	95.90432	0.6813826	0.409132	0.590868	5.082536
38004	-1486.24	-1581.986	95.74519	0.715053	0.507632	0.492368	5.152056
38010	-1492.312	-1589.718	97.40637	0.6961682	0.458686	0.541314	4.232621
38016	-1485.143	-1582.09	96.94674	0.7514925	0.531138	0.468862	4.46106
38022	-1495.838	-1593.863	98.02453	0.9729748	0.521389	0.478611	3.720682
38028	-1492.128	-1590.274	98.14527	1.069108	0.332801	0.667199	3.595076
38034	-1480.374	-1576.481	96.10762	0.6486232	0.526596	0.473404	4.987863
38040	-1487.994	-1584.156	96.1629	0.4935047	0.362711	0.637289	5.04331
38046	-1487.352	-1583.377	96.02491	0.6314993	0.299972	0.700028	5.04331
38052	-1476.183	-1572.403	96.21949	0.6059689	0.502243	0.497757	4.949385
38058	-1476.03	-1571.968	95.93826	0.5871539	0.397272	0.602728	5.115958
38064	-1478.471	-1574.132	95.6609	0.623926	0.397272	0.602728	5.249096
38070	-1482.475	-1579.337	96.86247	0.8166217	0.483437	0.516563	4.471835
38076	-1475.456	-1571.834	96.37809	0.7302618	0.489466	0.510534	4.791755
38082	-1475.51	-1572.858	97.34807	0.7353573	0.496954	0.503046	4.243456
38088	-1478.075	-1573.431	95.35636	0.5942445	0.679591	0.320409	5.43347
38094	-1475.232	-1571.389	96.15702	0.5621519	0.468004	0.531996	5.008462
38100	-1478.695	-1574.064	95.36881	0.5087924	0.470279	0.529721	5.473653
38106	-1472.658	-1569.334	96.67596	0.6346228	0.371087	0.628913	4.678701
38112	-1478.649	-1575.314	96.66487	0.6457097	0.470888	0.529112	4.678701
38118	-1479.375	-1574.755	95.37942	0.6410527	0.621112	0.378888	5.39498
38124	-1481.567	-1577.986	96.41963	0.6872948	0.558533	0.441467	4.792548
38130	-1481.946	-1578.655	96.70873	0.672728	0.477506	0.522494	4.639002
38136	-1477.525	-1574.549	97.02399	0.7527727	0.59584	0.40416	4.416807
38142	-1479.212	-1575.233	96.0205	0.4830262	0.583977	0.416023	5.128085
38148	-1482.196	-1578.06	95.8639	0.6800822	0.630984	0.369016	5.105664
38154	-1484.308	-1580.395	96.08695	0.7468825	0.404511	0.595489	4.944725
38160	-1490.03	-1586.903	96.87233	0.6706397	0.466314	0.533686	4.548385
38166	-1486.079	-1582.156	96.07726	0.5362563	0.432912	0.567088	5.067108
38172	-1477.609	-1575.542	97.93232	0.834155	0.483241	0.516759	3.853769
38178	-1481.139	-1579.304	98.16533	0.8310088	0.483241	0.516759	3.721356
38184	-1492.003	-1588.425	96.42228	0.5997685	0.427001	0.572999	4.839907
38190	-1486.474	-1582.424	95.94998	0.5572187	0.519582	0.480418	5.12605
38196	-1484.69	-1582.04	97.34956	0.6854722	0.4692	0.5308	4.270876
38202	-1481.379	-1578.697	97.31773	0.7173042	0.415137	0.584863	4.270876
38208	-1474.826	-1571.675	96.84915	0.6872738	0.472722	0.527278	4.552061
38214	-1476.003	-1570.915	94.91142	0.7350907	0.462509	0.537491	5.600672
38220	-1478.223	-1575.478	97.25441	0.7350907	0.42774	0.57226	4.296648
38226	-1472.501	-1569.401	96.90016	0.9160433	0.492994	0.507006	4.394563
38232	-1480.598	-1578.447	97.84871	0.8494415	0.270743	0.729257	3.892996
38238	-1473.764	-1571.702	97.93803	0.8784458	0.504379	0.495621	3.825029
38244	-1495.12	-1591.83	96.71023	0.6443406	0.432673	0.567327	4.654067
38250	-1473.985	-1569.719	95.73362	0.7289213	0.571059	0.428941	5.150787
38256	-1477.896	-1573.016	95.12049	0.5458211	0.597809	0.402191	5.589795
38262	-1481.335	-1575.933	94.59753	0.5839107	0.524479	0.475521	5.855446
38268	-1473.377	-1569.292	95.91452	0.7282147	0.532392	0.467608	5.050898
38274	-1488.641	-1583.265	94.6237	0.433749	0.532392	0.467608	5.923195
38280	-1482.59	-1577.349	94.75926	0.4607646	0.480794	0.519206	5.83435
38286	-1487.602	-1583.774	96.17216	0.8254587	0.488357	0.511643	4.853523
38292	-1489.988	-1586.166	96.17788	0.6022962	0.427132	0.572868	4.974564
38298	-1496.692	-1593.232	96.53981	0.4182312	0.427132	0.572868	4.875583
38304	-1498.061	-1592.788	94.72615	0.6539335	0.470428	0.529572	5.74676
38310	-1481.449	-1577.417	95.96781	0.5738673	0.456047	0.543953	5.106942
38316	-1481.482	-1576.433	94.95034	0.4952596	0.360122	0.639878	5.710866
38322	-1480.369	-1575.37	95.00155	0.444057	0.493471	0.506529	5.710866
38328	-1478.164	-1573.271	95.10793	0.2594294	0.540702	0.459298	5.753725
38334	-1492.591	-1587.706	95.11502	0.2735798	0.425966	0.574034	5.742093
38340	-1495.16	-1590.348	95.18802	0.5397602	0.444094	0.555906	5.556034
38346	-1489.158	-1583.282	94.12357	0.5089666	0.384235	0.615765	6.154831
38352	-1489.389	-1586.569	97.17919	0.8018756	0.426808	0.573192	4.301419
38358	-1483.606	-1579.999	96.393	0.6495423	0.350874	0.649126	4.828477
38364	-1474.253	-1570.762	96.5093	0.533242	0.437985	0.562015	4.828477
38370	-1478.702	-1574.55	95.84799	0.6559325	0.437985	0.562015	5.127863
38376	-1475.439	-1571.118	95.67867	0.6300003	0.437985	0.562015	5.23592
38382	-1476.613	-1573.525	96.91268	0.6012343	0.4683	0.5317	4.5647
38388	-1474.96	-1570.332	95.37248	0.5345678	0.549751	0.450249	5.457446
38394	-1496.796	-1590.881	94.08514	0.4804093	0.452215	0.547785	6.191276
38400	-1482.7	-1577.883	95.18301	0.5683101	0.388931	0.611069	5.543101
38406	-1489.148	-1583.209	94.06033	0.4475956	0.432804	0.567196	6.222617
38412	-1491.119	-1585.593	94.47364	0.4816851	0.454705	0.545295	5.978941
38418	-1476.308	-1572.545	96.23622	0.6713341	0.39236	0.60764	4.903701
38424	-1482.877	-1578.596	95.71858	0.6303602	0.465007	0.534993	5.213651
38430	-1484.632	-1581.132	96.50003	0.8661663	0.510164	0.489836	4.647556
38436	-1486.443	-1583.773	97.32996	0.8745392	0.453337	0.546663	4.174761
38442	-1489.401	-1585.814	96.4126	0.6336282	0.434016	0.565984	4.826417
38448	-1480.996	-1577.031	96.03539	0.4309347	0.434016	0.565984	5.148692
38454	-1482.378	-1578.303	95.92457	0.4798155	0.385364	0.614636	5.18298
38460	-1479.061	-1576.772	97.71117	0.6607899	0.425469	0.574531	4.079486
38466	-1478.441	-1573.933	95.49118	0.4515147	0.588786	0.411214	5.437824
38472	-1479.272	-1574.337	95.06514	0.7907298	0.482747	0.517253	5.485613
38478	-1482.099	-1577.497	95.39795	0.7821041	0.482747	0.517253	5.306965
38484	-1474.349	-1571.47	97.12047	0.6246764	0.482747	0.517253	4.434631
38490	-1472.029	-1567.433	95.4043	0.6040106	0.413476	0.586524	5.401682
38496	-1468.73	-1566.277	97.54758	0.6920386	0.547106	0.452894	4.154808
38502	-1494.764	-1588.436	93.6722	0.4561544	0.372691	0.627309	6.428691
38508	-1487.523	-1583.231	95.70805	0.3544041	0.561957	0.438043	5.371838
38514	-1483.157	-1580.817	97.66081	0.8105477	0.314045	0.685955	4.022789
38520	-1480.95	-1576.167	95.21696	0.7894447	0.408644	0.591356	5.402733
38526	-1483.453	-1581.331	97.87784	0.7929198	0.37033	0.62967	3.908702
38532	-1489.516	-1586.385	96.86917	0.6864073	0.483651	0.516349	4.541298
38538	-1476.215	-1573.276	97.06111	0.9414913	0.409385	0.590615	4.289236
38544	-1484.449	-1581.685	97.23601	0.7665877	0.531802	0.468198	4.289236
38550	-1484.771	-1580.086	95.3143	0.6663258	0.500654	0.499346	5.416937
38556	-1473.799	-1571.134	97.33532	0.63883	0.500926	0.499074	4.305334
38562	-1471.69	-1567.87	96.17978	0.6322681	0.533572	0.466428	4.956841
38568	-1473.928	-1570.089	96.16105	0.6510026	0.534831	0.465169	4.956841
38574	-1476.214	-1572.858	96.64409	0.6833403	0.500952	0.499048	4.66927
38580	-1479.21	-1575.213	96.00353	0.7274473	0.608546	0.391454	5.001902
38586	-1492.946	-1588.909	95.96297	0.6177782	0.553847	0.446153	5.085283
38592	-1480.488	-1575.679	95.19037	0.420179	0.393922	0.606078	5.62041
38598	-1487.32	-1584.231	96.91044	0.5875721	0.48152	0.51848	4.573627
38604	-1482.266	-1578.145	95.87918	0.6314845	0.415346	0.584654	5.124131
38610	-1483.275	-1579.267	95.99176	0.7798858	0.49309	0.50691	4.979303
38616	-1498.174	-1596.638	98.46435	0.8245772	0.495428	0.504572	3.551739
38622	-1486.882	-1583.585	96.70294	0.5442212	0.434224	0.565776	4.714192
38628	-1490.41	-1587.007	96.59725	0.7108648	0.431082	0.568918	4.68008
38634	-1497.708	-1596.015	98.30782	1.097628	0.46154	0.53846	3.483822
38640	-1483.715	-1582.418	98.70273	0.9500703	0.507261	0.492739	3.3389
38646	-1486.846	-1585.021	98.17511	0.8054091	0.48106	0.51894	3.73049
38652	-1481.684	-1580.065	98.38184	0.8530894	0.48106	0.51894	3.583137
38658	-1483.223	-1580.175	96.95225	0.6056969	0.528336	0.471664	4.53997
38664	-1486.727	-1584.929	98.20222	0.914199	0.465605	0.534395	3.651896
38670	-1494.425	-1592.833	98.40777	1.004877	0.359979	0.640021	3.479621
38676	-1489.155	-1587.922	98.76688	0.9877511	0.376915	0.623085	3.278926
38682	-1488.354	-1585.74	97.38598	0.7012291	0.532803	0.467197	4.241312
38688	-1486.812	-1584.204	97.39229	0.6949173	0.435204	0.564796	4.241312
38694	-1477.12	-1573.324	96.20388	0.6456334	0.500647	0.499353	4.936001
38700	-1474.729	-1571.537	96.8084	0.7600096	0.566705	0.433295	4.53409
38706	-1480.85	-1576.648	95.7979	0.9042283	0.422549	0.577451	5.017927
38712	-1488.1	-1583.275	95.17498	0.5579902	0.417483	0.582517	5.55318
38718	-1490.226	-1586.134	95.90772	0.5579902	0.458386	0.541614	5.149032
38724	-1485.39	-1582.817	97.42716	0.5793538	0.425633	0.574367	4.287022
38730	-1491.216	-1587.535	96.31873	0.844888	0.523837	0.476163	4.76089
38736	-1485.845	-1581.4	95.55469	0.5600586	0.464661	0.535339	5.343
38742	-1480.827	-1574.679	93.85285	0.4413654	0.419194	0.580806	6.338714
38748	-1485.992	-1582.701	96.7088	0.4903976	0.471918	0.528082	4.741006
38754	-1476.944	-1572.805	95.86115	0.5483687	0.379434	0.620566	5.180139
38760	-1479.594	-1575.375	95.78074	0.628775	0.520205	0.479795	5.180139
38766	-1482.027	-1577.656	95.62913	0.4948675	0.500076	0.499924	5.337898
38772	-1491.959	-1589.253	97.29406	0.6009829	0.500076	0.499924	4.350055
38778	-1475.135	-1569.867	94.73281	0.461961	0.500076	0.499924	5.848162
38784	-1475.243	-1570.649	95.40637	0.6358702	0.465436	0.534564	5.382985
38790	-1476.844	-1572.38	95.53627	0.6080242	0.465436	0.534564	5.326701
38796	-1482.51	-1579.168	96.65737	0.5784781	0.465436	0.534564	4.720519
38802	-1478.107	-1575.201	97.09475	0.5843721	0.461109	0.538891	4.471817
38808	-1490.335	-1585.467	95.13186	0.6007548	0.370548	0.629452	5.553379
38814	-1497.568	-1595.394	97.82642	0.8622876	0.298128	0.701872	3.898413
38820	-1482.346	-1580.093	97.74761	0.8622876	0.469813	0.530187	3.94358
38826	-1494.242	-1591.997	97.75542	0.8454787	0.498658	0.501342	3.948728
38832	-1481.932	-1578.354	96.42218	0.5978016	0.558805	0.441195	4.841055
38838	-1485.903	-1581.728	95.8258	0.5754503	0.381306	0.618694	5.184715
38844	-1483.466	-1579.539	96.07277	0.6744847	0.466803	0.533197	4.992856
38850	-1487.225	-1583.5	96.27518	0.6275185	0.465952	0.534048	4.906404
38856	-1488.316	-1584.004	95.68802	0.7527379	0.412901	0.587099	5.162847
38862	-1491.819	-1585.979	94.15997	0.5787703	0.446968	0.553032	6.097009
38868	-1487.936	-1584.037	96.10183	0.784735	0.446968	0.553032	4.915382
38874	-1489.037	-1586.195	97.15823	0.6321437	0.500324	0.499676	4.409135
38880	-1484.416	-1580.535	96.11934	0.5339903	0.430049	0.569951	5.045018
38886	-1486.309	-1582.415	96.10542	0.671999	0.430049	0.569951	4.976096
38892	-1482.43	-1578.018	95.58821	0.5506783	0.480269	0.519731	5.329683
38898	-1484.568	-1580.562	95.9946	0.8857112	0.439661	0.560339	4.918866
38904	-1488.036	-1585.123	97.08695	0.8857112	0.327411	0.672589	4.306176
38910	-1489.337	-1586.539	97.20283	0.7698337	0.412696	0.587304	4.306176
38916	-1475.978	-1572.67	96.69263	0.5735063	0.380667	0.619333	4.703576
38922	-1482.097	-1579.528	97.43115	0.6334116	0.542911	0.457089	4.254149
38928	-1496.618	-1592.562	95.94386	0.5385165	0.542911	0.457089	5.139803
38934	-1493.098	-1590.75	97.65219	1.123038	0.524957	0.475043	3.848744
38940	-1491.589	-1589.798	98.20928	0.6257816	0.366953	0.633047	3.814334
38946	-1488.482	-1585.808	97.3265	0.7177315	0.366953	0.633047	4.265665
38952	-1491.869	-1586.519	94.64964	0.7525978	0.654085	0.345915	5.734626
38958	-1484.347	-1581.633	97.28566	0.9175966	0.479971	0.520029	4.175465
38964	-1488.034	-1585.831	97.7972	0.8707146	0.479971	0.520029	3.910334
38970	-1484.506	-1582.239	97.73316	0.9945512	0.571867	0.428133	3.876031
38976	-1475.474	-1572.989	97.51459	0.8167287	0.571867	0.428133	4.102637
38982	-1486.362	-1583.287	96.92442	0.7915282	0.578775	0.421225	4.451078
38988	-1484.027	-1581.528	97.5008	0.7836992	0.570784	0.429216	4.129284
38994	-1486.707	-1583.471	96.76399	0.5705498	0.473453	0.526547	4.665284
39000	-1490.433	-1587.054	96.62099	0.7135595	0.473453	0.526547	4.665284
39006	-1488.966	-1585.466	96.49977	0.5070445	0.473453	0.526547	4.848399
39012	-1481.444	-1577.733	96.28867	0.7181422	0.414797	0.585203	4.848399
39018	-1484.774	-1581.194	96.41996	0.5868505	0.494624	0.505376	4.848399
39024	-1489.728	-1587.159	97.4309	0.7078433	0.68539	0.31461	4.21209
39030	-1484.761	-1581.74	96.9792	0.8811576	0.508938	0.491062	4.369642
39036	-1490.015	-1588.469	98.45438	1.000533	0.401813	0.598187	3.454926
39042	-1488.708	-1586.26	97.55162	0.7115907	0.559406	0.440594	4.14139
39048	-1483.265	-1578.964	95.69978	0.7152991	0.279302	0.720698	5.177061
39054	-1490.437	-1586.775	96.33817	0.6204855	0.432012	0.567988	4.875237
39060	-1486.883	-1581.013	94.13031	0.4683051	0.435303	0.564697	6.17329
39066	-1497.135	-1593.5	96.36486	0.4924437	0.332986	0.667014	4.93167
39072	-1483.956	-1580.652	96.69582	0.5307871	0.411509	0.588491	4.725682
39078	-1487.549	-1582.378	94.82877	0.4938497	0.411509	0.588491	5.778221
39084	-1486.93	-1583.063	96.13319	0.5835798	0.411509	0.588491	5.009794
39090	-1487.911	-1585.743	97.83154	0.9450908	0.562736	0.437264	3.847934
39096	-1482.98	-1579.774	96.79364	0.6991126	0.562736	0.437264	4.576581
39102	-1483.949	-1581.17	97.22083	0.9897742	0.419788	0.580212	4.171294
39108	-1481.397	-1577.967	96.56962	0.528695	0.44482	0.55518	4.797359
39114	-1476.022	-1572.453	96.43123	0.5247625	0.569575	0.430425	4.876722
39120	-1478.94	-1574.843	95.90291	0.5012506	0.541588	0.458412	5.183104
39126	-1484.827	-1579.809	94.98164	0.4215753	0.465404	0.534596	5.734091
39132	-1486.468	-1583.345	96.87734	0.7332613	0.567411	0.432589	4.510371
39138	-1489.384	-1587.484	98.1001	0.8989844	0.509927	0.490073	3.719769
39144	-1480.13	-1574.713	94.58263	0.7697432	0.553203	0.446797	5.76193
39150	-1473.195	-1569.302	96.10672	0.6638624	0.551855	0.448145	4.979894
39156	-1475.042	-1570.817	95.77515	0.4796944	0.551855	0.448145	5.26566
39162	-1476.792	-1571.951	95.15898	0.5875863	0.528722	0.471278	5.545711
39168	-1478.091	-1574.149	96.05807	0.4792878	0.363809	0.636191	5.10934
39174	-1480.264	-1577.112	96.84806	0.5721637	0.365449	0.634551	4.617272
39180	-1489.016	-1584.108	95.09138	0.5083513	0.37774	0.62226	5.626349
39186	-1491.953	-1586.747	94.79433	0.4020035	0.457759	0.542241	5.847304
39192	-1493.525	-1589.73	96.20559	0.3317618	0.568559	0.431441	5.10934
39198	-1485.52	-1580.179	94.65934	0.6032755	0.531214	0.468786	5.811054
39204	-1486.638	-1583.877	97.23912	0.6945251	0.461776	0.538224	4.328241
39210	-1480.599	-1578.511	97.91242	0.6950879	0.398021	0.601979	3.944945
39216	-1477.377	-1574.906	97.52832	0.6585698	0.415644	0.584356	4.184761
39222	-1485.798	-1582.296	96.4983	0.6468063	0.465214	0.534786	4.771232
39228	-1471.929	-1567.422	95.49378	0.5194818	0.465214	0.534786	5.398955
39234	-1483.16	-1577.585	94.4247	0.4946805	0.413993	0.586007	5.998549
39240	-1480.901	-1577.735	96.83342	0.5151375	0.382049	0.617951	4.657433
39246	-1480.952	-1577.609	96.65748	0.6910873	0.39802	0.60198	4.657433
39252	-1485.328	-1581.715	96.38707	0.6185111	0.450176	0.549824	4.849089
39258	-1484.35	-1580.609	96.25992	0.7456607	0.645641	0.354359	4.849089
39264	-1487.795	-1585.705	97.91009	0.8624536	0.469394	0.530606	3.850286
39270	-1478.212	-1575.635	97.4227	0.8048244	0.532891	0.467109	4.161677
39276	-1500.651	-1599.142	98.49156	0.9075055	0.474468	0.525532	3.487546
39282	-1482.639	-1579.537	96.89806	0.8672712	0.546249	0.453751	4.423254
39288	-1485.304	-1581.891	96.58742	0.6972355	0.501866	0.498134	4.69321
39294	-1493.895	-1589.835	95.93914	0.6259508	0.548297	0.451703	5.093964
39300	-1491.79	-1588.821	97.03057	0.8669597	0.541279	0.458721	4.348648
39306	-1484.571	-1581.099	96.52788	0.8600791	0.441276	0.558724	4.635358
39312	-1481.476	-1578.626	97.1505	0.8370346	0.543056	0.456944	4.297763
39318	-1485.431	-1582.397	96.96588	0.7241947	0.480124	0.519876	4.46565
39324	-1480.307	-1575.907	95.60001	0.6934158	0.522651	0.477349	5.244345
39330	-1475.831	-1571.978	96.14614	0.6544585	0.478738	0.521262	4.963207
39336	-1476.801	-1573.362	96.56164	0.8374264	0.51537	0.48463	4.629135
39342	-1489.294	-1586.184	96.88943	0.5096371	0.51129	0.48871	4.629135
39348	-1481.341	-1577.515	96.17377	0.7087548	0.357142	0.642858	4.917632
39354	-1478.316	-1574.422	96.1058	0.4405621	0.364772	0.635228	5.104346
39360	-1474.293	-1568.999	94.70592	0.5987743	0.454907	0.545093	5.788032
39366	-1475.767	-1572.121	96.35417	0.5997523	0.454907	0.545093	4.877877
39372	-1480.096	-1575.657	95.56178	0.6630008	0.478158	0.521842	5.282267
39378	-1482.929	-1580.134	97.20498	0.8040473	0.450614	0.549386	4.285598
39384	-1482.111	-1578.943	96.83135	0.8257388	0.491953	0.508047	4.48422
39390	-1474.603	-1571.367	96.76359	0.7678894	0.333641	0.666359	4.554839
39396	-1485.872	-1581.927	96.05516	0.5787103	0.411275	0.588725	5.055815
39402	-1488.187	-1583.122	94.93438	0.5525953	0.460635	0.539365	5.68819
39408	-1498.03	-1593.926	95.89639	0.5722552	0.395351	0.604649	5.147408
39414	-1492.25	-1589.471	97.22026	0.8207232	0.408116	0.591884	4.267504
39420	-1489.197	-1586.841	97.64388	0.9463837	0.393931	0.606069	3.954815
39426	-1496.945	-1593.814	96.86812	0.8637341	0.445727	0.554273	4.442121
39432	-1493.384	-1588.825	95.44063	0.7408642	0.397021	0.602979	5.306169
39438	-1487.095	-1583.617	96.52221	0.7408642	0.435522	0.564478	4.705286
39444	-1487.164	-1582.603	95.4388	0.5914599	0.463637	0.536363	5.389585
39450	-1479.382	-1575.396	96.01405	0.6551601	0.449181	0.550819	5.036202
39456	-1487.017	-1583.157	96.14035	0.533588	0.456882	0.543118	5.033578
39462	-1495.299	-1589.798	94.49971	0.8321987	0.41428	0.58572	5.773137
39468	-1483.691	-1580.313	96.62165	0.9863762	0.556188	0.443812	4.511819
39474	-1498.486	-1593.231	94.74516	0.3329445	0.59352	0.40648	5.911915
39480	-1504.773	-1600.031	95.2587	0.4182001	0.588553	0.411447	5.583982
39486	-1492.236	-1589.341	97.10532	0.6112564	0.543641	0.456359	4.45073
39492	-1490.481	-1587.141	96.65992	0.5800174	0.543641	0.456359	4.71823
39498	-1496.239	-1592.323	96.08463	0.572621	0.48762	0.51238	5.04284
39504	-1498.248	-1595.253	97.00496	0.6007521	0.494678	0.505322	4.513121
39510	-1498.647	-1596.166	97.51937	1.001172	0.456706	0.543294	3.994694
39516	-1486.879	-1583.892	97.01284	0.7812132	0.548741	0.451259	4.407061
39522	-1478.101	-1576.441	98.34017	0.7974496	0.571892	0.428108	3.639612
39528	-1487.224	-1584.132	96.90805	0.9531588	0.601904	0.398096	4.369165
39534	-1499.002	-1594.163	95.16129	0.4357347	0.63549	0.36451	5.627833
39540	-1490.532	-1587.491	96.95918	0.7588027	0.405552	0.594448	4.449933
39546	-1483.624	-1577.8	94.17616	0.6255984	0.405552	0.594448	6.06268
39552	-1504.507	-1600.688	96.18108	0.4587178	0.587186	0.412814	5.052525
39558	-1495.722	-1592.505	96.7833	0.6939755	0.478782	0.521218	4.585266
39564	-1492.409	-1589.048	96.63914	0.5756419	0.507137	0.492863	4.732298
39570	-1481.312	-1578.41	97.09768	0.7240706	0.507137	0.492863	4.391437
39576	-1487.054	-1583.45	96.39611	0.8156182	0.415537	0.584463	4.734003
39582	-1481.537	-1576.897	95.36048	0.6552312	0.452011	0.547989	5.397606
39588	-1482.682	-1579.084	96.40131	0.7589442	0.495973	0.504027	4.762768
39594	-1490.635	-1587.095	96.45993	0.6918018	0.400588	0.599412	4.767529
39600	-1483.415	-1579.681	96.2668	0.5919559	0.568507	0.431493	4.930861
39606	-1477.786	-1573.08	95.29325	0.7416676	0.473682	0.526318	5.387019
39612	-1480.414	-1575.768	95.35355	0.5760664	0.508343	0.491657	5.445027
39618	-1481.761	-1576.571	94.80995	0.5193611	0.420284	0.579716	5.774557
39624	-1479.439	-1574.191	94.75169	0.5776184	0.333465	0.666535	5.774557
39630	-1485.626	-1581.178	95.55177	0.5398451	0.471077	0.528923	5.355762
39636	-1482.332	-1577.768	95.43646	0.8900887	0.471077	0.528923	5.226036
39642	-1480.67	-1576.798	96.12839	0.6140383	0.46279	0.53721	4.995539
39648	-1487.993	-1582.901	94.90821	0.7084528	0.479181	0.520819	5.617054
39654	-1486.32	-1583.931	97.61026	0.8648345	0.513709	0.486291	4.020656
39660	-1497.961	-1593.096	95.13515	0.6307238	0.429339	0.570661	5.535099
39666	-1487.809	-1581.618	93.80897	0.5204076	0.435814	0.564186	6.319624
39672	-1482.445	-1577.894	95.44941	0.6694665	0.499261	0.500739	5.340723
39678	-1492.272	-1587.61	95.33723	0.5287139	0.49218	0.50782	5.480071
39684	-1485.705	-1580.939	95.23422	0.6317162	0.386153	0.613847	5.480071
39690	-1485.185	-1579.631	94.4454	0.5057026	0.426399	0.573601	5.981245
39696	-1488.855	-1585.574	96.71914	0.7182911	0.424913	0.575087	4.607621
39702	-1492.418	-1588.824	96.40545	0.6721463	0.424492	0.575508	4.808922
39708	-1483.353	-1577.066	93.71304	0.3860832	0.424492	0.575508	6.444535
39714	-1482.501	-1578.748	96.24732	0.7974732	0.44977	0.55023	4.827223
39720	-1497.139	-1591.409	94.26909	0.5816182	0.655141	0.344859	6.035997
39726	-1493.353	-1589.037	95.68481	0.563346	0.646927	0.353073	5.26936
39732	-1477.768	-1574.193	96.42501	0.7110826	0.43318	0.56682	4.776267
39738	-1483.597	-1579.903	96.30603	0.8300591	0.490482	0.509518	4.776267
39744	-1485.05	-1580.113	95.06346	0.7767462	0.401231	0.598769	5.494229
39750	-1488.596	-1584.114	95.51824	0.6868751	0.436544	0.563456	5.293127
39756	-1485.768	-1579.809	94.04127	0.5663081	0.48599	0.51401	6.168413
39762	-1483.714	-1578.934	95.21985	0.676925	0.442348	0.557652	5.463104
39768	-1481.046	-1577.204	96.15819	0.5993683	0.495226	0.504774	4.987135
39774	-1488.64	-1586.23	97.59027	0.7115473	0.495226	0.504774	4.119431
39780	-1496.12	-1594.068	97.94791	0.6794569	0.372264	0.627736	3.93357
39786	-1504.328	-1600.942	96.61396	0.8131428	0.45756	0.54244	4.613417
39792	-1478.602	-1575.766	97.16464	0.7476807	0.434467	0.565533	4.340293
39798	-1494.647	-1590.624	95.97703	0.7207351	0.618168	0.381832	5.02035
39804	-1500.744	-1595.922	95.17841	0.6359219	0.539531	0.460469	5.508458
39810	-1489.805	-1584.267	94.46183	0.4316916	0.467151	0.532849	6.012652
39816	-1484.146	-1579.459	95.3129	0.5696557	0.527164	0.472836	5.470928
39822	-1483.124	-1578.494	95.36968	0.7168995	0.433235	0.566765	5.358539
39828	-1487.243	-1583.69	96.44687	0.8350963	0.381403	0.618597	4.694715
39834	-1493.603	-1592.733	99.13063	0.9713169	0.367001	0.632999	3.072802
39840	-1491.769	-1588.744	96.9747	0.7223659	0.567939	0.432061	4.461718
39846	-1488.603	-1587.249	98.6459	0.7038874	0.527856	0.472144	3.516291
39852	-1479.106	-1577.748	98.64218	0.9310808	0.43768	0.56232	3.38562
39858	-1479.816	-1575.626	95.81038	0.6493872	0.489248	0.510752	5.152319
39864	-1498.623	-1594.508	95.88434	0.7175474	0.415611	0.584389	5.073562
39870	-1482.975	-1578.821	95.84592	0.3467732	0.478859	0.521141	5.299988
39876	-1478.289	-1573.705	95.41563	0.6253176	0.422315	0.577685	5.383696
39882	-1494.523	-1592.332	97.80979	0.6314974	0.43128	0.56872	4.039957
39888	-1498.467	-1595.555	97.08761	0.6252992	0.443304	0.556696	4.452791
39894	-1490.531	-1586.199	95.66783	0.6999716	0.550339	0.449661	5.203222
39900	-1480.152	-1576.398	96.24578	0.764988	0.529003	0.470997	4.846197
39906	-1480.609	-1577.453	96.84345	0.7144514	0.4971	0.5029	4.539993
39912	-1478.413	-1574.884	96.47073	0.8194649	0.591533	0.408467	4.690112
39918	-1482.914	-1579.16	96.24673	0.5364353	0.401565	0.598435	4.972899
39924	-1479.111	-1574.153	95.04227	0.5040909	0.374367	0.625633	5.655625
39930	-1481.236	-1576.357	95.12124	0.490202	0.524587	0.475413	5.619919
39936	-1488.487	-1585.68	97.1935	1.005531	0.590024	0.409976	4.177869
39942	-1491.305	-1586.74	95.43453	0.5206819	0.470695	0.529305	5.430929
39948	-1500.016	-1595.497	95.48154	0.4736791	0.536823	0.463177	5.430929
39954	-1498.275	-1598.818	100.5431	1.285103	0.480826	0.519174	1.993268
39960	-1498.922	-1594.891	95.96937	0.5305724	0.565101	0.434899	5.130073
39966	-1502.611	-1598.367	95.75618	0.4820124	0.413159	0.586841	5.27486
39972	-1490.524	-1586.218	95.69394	0.5442512	0.413159	0.586841	5.27486
39978	-1492.935	-1587.358	94.42239	0.6536183	0.630182	0.369818	5.913058
39984	-1474.463	-1570.1	95.63668	0.7076691	0.457036	0.542964	5.21619
39990	-1477.947	-1572.379	94.43187	0.7431121	0.457036	0.542964	5.858976
39996	-1486.559	-1581.408	94.84965	0.6309792	0.456102	0.543898	5.69167
40002	-1484.838	-1581.951	97.11333	0.8241433	0.404934	0.595066	4.326073
40008	-1486.117	-1581.447	95.33047	0.588371	0.481596	0.518404	5.450956
40014	-1489.461	-1583.328	93.8666	0.3920804	0.538246	0.461754	6.357999
40020	-1488.866	-1584.867	96.00109	0.450759	0.49465	0.50535	5.156709
40026	-1477.404	-1573.405	96.00103	0.4508126	0.421593	0.578407	5.156709
40032	-1480.961	-1577.372	96.41145	0.6834609	0.630066	0.369934	4.79926
40038	-1479.441	-1575.752	96.3116	0.6036133	0.56073	0.43927	4.899438
40044	-1488.737	-1585.062	96.32529	0.8656259	0.31022	0.68978	4.745635
40050	-1489.782	-1587.176	97.394	0.7822633	0.350148	0.649852	4.190795
40056	-1492.726	-1589.388	96.66167	0.7269837	0.532833	0.467167	4.634972
40062	-1487.099	-1582.724	95.62572	0.4990504	0.614072	0.385928	5.337471
40068	-1481.497	-1577.022	95.52498	0.4990504	0.457025	0.542975	5.393017
40074	-1484.924	-1581.68	96.75623	0.7822314	0.459644	0.540356	4.550914
40080	-1496.961	-1592.647	95.68602	0.6254176	0.510184	0.489816	5.23439
40086	-1495.785	-1591.562	95.777	0.5650112	0.426729	0.573271	5.217482
40092	-1490.298	-1585.409	95.11189	0.6060705	0.532695	0.467305	5.561428
40098	-1493.787	-1590.943	97.15588	0.7338443	0.507795	0.492205	4.353057
40104	-1485.239	-1583.915	98.6763	0.9648367	0.469515	0.530485	3.345761
40110	-1481.641	-1577.778	96.13703	0.6115941	0.493489	0.506511	4.992099
40116	-1483.181	-1579.165	95.98371	0.7626524	0.495182	0.504818	4.993353
40122	-1488.109	-1585.284	97.17469	0.7626524	0.347105	0.652895	4.326147
40128	-1485.947	-1581.357	95.41075	0.4681008	0.425446	0.574554	5.472967
40134	-1482.222	-1577.665	95.44387	0.3931139	0.382228	0.617772	5.496001
40140	-1487.334	-1584.162	96.82755	0.6375706	0.521846	0.478154	4.592088
40146	-1489.309	-1586.562	97.25312	0.7001208	0.368693	0.631307	4.317159
40152	-1489.904	-1586.353	96.44907	0.6127179	0.454885	0.545115	4.817742
40158	-1481.988	-1578.42	96.43116	0.6729338	0.515091	0.484909	4.794129
40164	-1485.561	-1583.114	97.55256	0.8765368	0.297846	0.702154	4.046908
40170	-1487.101	-1583.371	96.27008	0.5976628	0.329421	0.670579	4.925859
38802	-2172.459	-2257.032	84.57301	0.3835039	0.321418	0.678582	11.29647
38808	-2316.979	-2388.95	71.97058	0.7600624	0.305699	0.694301	17.63202
40206	-1.203094e+132	-2588.762	-1.203094e+132	1.203094e+132	0.299539	0.700461	1.280101e+47
41604	-6.374823e+219	-2588.762	-6.374823e+219	6.374823e+219	0.998875	0.0011246	2.504015e+88
