Iteration	Posterior	Likelihood	Prior	rate_log_sd	root_freqs[1]	root_freqs[2]	tree_length
0	-1483.427	-1580.077	96.65001	0.5710889	0.41913	0.58087	4.728767
6	-1486.649	-1583.317	96.66813	0.5529657	0.44048	0.55952	4.728767
12	-1484.671	-1582.083	97.41223	0.947987	0.549417	0.450583	4.086181
18	-1479.101	-1575.178	96.07646	0.7110859	0.487134	0.512866	4.970464
24	-1482.089	-1578.93	96.84093	0.518386	0.461296	0.538704	4.651407
30	-1487.12	-1583.774	96.65339	0.7059295	0.479589	0.520411	4.651407
36	-1485.157	-1581.948	96.79154	0.5677797	0.41795	0.58205	4.651407
42	-1488.007	-1585.535	97.52878	1.020858	0.453457	0.546543	3.978059
48	-1483.178	-1579.743	96.56527	0.6480974	0.366802	0.633198	4.733086
54	-1487.855	-1584.179	96.32319	0.5788314	0.457162	0.542838	4.906778
60	-1478.696	-1574.553	95.8575	0.6378744	0.475521	0.524479	5.132602
66	-1478.763	-1574.496	95.73279	0.679335	0.475521	0.524479	5.178694
72	-1488.447	-1585.43	96.98313	0.7998286	0.420791	0.579209	4.413315
78	-1487.694	-1583.048	95.3544	0.6068806	0.50922	0.49078	5.427592
84	-1485.146	-1581.328	96.18231	0.923754	0.494935	0.505065	4.79303
90	-1487.992	-1583.297	95.30436	0.7739739	0.477562	0.522438	5.363085
96	-1489.803	-1585.958	96.15436	0.7113288	0.488173	0.511827	4.927003
102	-1489.351	-1585.252	95.90142	0.7625942	0.52559	0.47441	5.039088
108	-1480.281	-1576.187	95.90572	0.7532581	0.52559	0.47441	5.041885
114	-1470.074	-1564.918	94.84366	0.5642659	0.447534	0.552466	5.731507
120	-1471.408	-1567.625	96.21737	0.5243171	0.451333	0.548667	4.995952
126	-1474.388	-1570.505	96.11779	0.5501989	0.451333	0.548667	5.036878
132	-1471.876	-1567.904	96.0282	0.6397963	0.506467	0.493533	5.036878
138	-1473.984	-1570.05	96.06546	0.7735402	0.405165	0.594835	4.941849
144	-1485.156	-1580.705	95.54984	0.7376659	0.442199	0.557801	5.247618
150	-1484.555	-1580.185	95.63008	0.6574207	0.356282	0.643718	5.247618
156	-1486.361	-1581.017	94.65647	0.2457881	0.431716	0.568284	6.007889
162	-1482.393	-1577.319	94.92674	0.5468757	0.606863	0.393137	5.695515
168	-1477.635	-1573.412	95.77735	0.4898493	0.514113	0.485887	5.258836
174	-1474.449	-1571.368	96.91904	0.8717396	0.39655	0.60345	4.408907
180	-1481.781	-1575.917	94.13615	0.4001712	0.431966	0.568034	6.207173
186	-1476.314	-1572.016	95.70197	0.4383128	0.429569	0.570431	5.328913
192	-1483.656	-1579.315	95.65895	0.4813316	0.415619	0.584381	5.328913
198	-1476.704	-1572.265	95.56075	0.2617082	0.415619	0.584381	5.50399
204	-1479.512	-1574.924	95.41124	0.4112153	0.574486	0.425514	5.50399
210	-1483.474	-1579.156	95.68213	0.4074196	0.375383	0.624617	5.356897
216	-1474.812	-1572.4	97.58764	0.6727495	0.426252	0.573748	4.142997
222	-1479.733	-1578.499	98.76591	0.845039	0.496374	0.503626	3.363496
228	-1481.682	-1577.881	96.19962	0.5092878	0.563667	0.436333	5.014159
234	-1478.788	-1574.419	95.63051	0.5455479	0.371851	0.628149	5.30917
240	-1486.975	-1582.474	95.49937	0.2826348	0.342077	0.657923	5.526234
246	-1486.24	-1581.583	95.34315	0.4388519	0.47804	0.52196	5.526234
252	-1481.491	-1576.766	95.2751	0.5068994	0.47804	0.52196	5.526234
258	-1486.059	-1581.427	95.36748	0.4145243	0.35084	0.64916	5.526234
264	-1486.671	-1582.977	96.3059	0.6727837	0.526291	0.473709	4.864079
270	-1490.099	-1588.105	98.00578	0.9733018	0.589007	0.410993	3.731324
276	-1482.175	-1581.162	98.98713	1.059178	0.385576	0.614424	3.105993
282	-1484.701	-1583.157	98.45569	1.123577	0.502054	0.497946	3.382098
288	-1476.975	-1574.36	97.38479	0.8884431	0.422217	0.577783	4.13569
294	-1481.663	-1578.421	96.75831	0.7693192	0.469445	0.530555	4.556998
300	-1476.816	-1573.514	96.69723	0.653463	0.491832	0.508168	4.65624
306	-1474.382	-1571.677	97.29501	0.8063591	0.500262	0.499738	4.233289
312	-1476.805	-1574.703	97.89816	1.040841	0.470152	0.529848	3.754451
318	-1477.109	-1575.708	98.59983	0.8713338	0.519324	0.480676	3.445421
324	-1483.368	-1579.348	95.9799	0.2419402	0.54415	0.45585	5.283892
330	-1485.994	-1582.258	96.26457	0.5831015	0.420916	0.579084	4.937028
336	-1483.837	-1581.468	97.63031	0.65236	0.478327	0.521673	4.130322
342	-1482.222	-1577.959	95.73763	0.4792007	0.478327	0.521673	5.286662
348	-1483.898	-1581.032	97.1339	0.5717944	0.502164	0.497836	4.456857
354	-1479.246	-1578.595	99.34851	1.102137	0.458147	0.541853	2.863111
360	-1487.163	-1587.634	100.4709	1.149046	0.559776	0.440224	2.130749
366	-1481.5	-1580.725	99.22502	1.101346	0.503826	0.496174	2.938195
372	-1483.044	-1583.034	99.99072	1.201008	0.547756	0.452244	2.405493
378	-1484.137	-1583.918	99.78061	1.190565	0.52379	0.47621	2.543704
384	-1489.07	-1588.655	99.58531	1.061491	0.551721	0.448279	2.743744
390	-1488.41	-1588.18	99.76972	1.187002	0.585738	0.414262	2.552699
396	-1489.969	-1587.72	97.75148	0.8896513	0.41705	0.58295	3.925688
402	-1499.913	-1598.04	98.12699	1.055432	0.39257	0.60743	3.613628
408	-1500.242	-1598.895	98.65324	1.035453	0.490595	0.509405	3.317783
414	-1494.884	-1590.291	95.40644	0.7135553	0.486099	0.513901	5.340108
420	-1482.159	-1578.468	96.30873	0.6307447	0.35922	0.64078	4.885921
426	-1482.995	-1579.153	96.15779	0.7816932	0.579415	0.420585	4.885921
432	-1488.132	-1581.763	93.63148	0.5984032	0.577157	0.422843	6.373625
438	-1483.171	-1579.919	96.7476	0.7723405	0.427634	0.572366	4.561317
444	-1491.375	-1589.321	97.9459	0.762512	0.508252	0.491748	3.887108
450	-1495.163	-1593.109	97.94538	0.7630355	0.541403	0.458597	3.887108
456	-1486.148	-1584.427	98.27892	0.8783834	0.562049	0.437951	3.628198
462	-1483.581	-1581.169	97.58765	0.8084172	0.57042	0.42958	4.065747
468	-1478.767	-1574.605	95.83838	0.5164403	0.481252	0.518748	5.210399
474	-1482.414	-1578.232	95.81705	0.6647135	0.488298	0.511702	5.140139
480	-1484.681	-1580.414	95.73291	0.523243	0.479496	0.520504	5.264941
486	-1484.626	-1582.346	97.71925	0.7730068	0.542824	0.457176	4.010857
492	-1483.983	-1581.304	97.32067	0.8322077	0.503109	0.496891	4.204068
498	-1487.483	-1584.494	97.01043	0.728137	0.497811	0.502189	4.438338
504	-1488.356	-1584.562	96.20523	0.5801803	0.586058	0.413942	4.971654
510	-1495.436	-1590.938	95.50119	0.7171719	0.431693	0.568307	5.285813
516	-1495.905	-1590.826	94.9212	0.5639479	0.427476	0.572524	5.68919
522	-1481.471	-1577.233	95.76236	0.5349643	0.427476	0.572524	5.24219
528	-1478.678	-1574.136	95.45768	0.5554881	0.492467	0.507533	5.399005
534	-1474.131	-1570.654	96.52285	0.5961431	0.348969	0.651031	4.785815
540	-1482.603	-1579.821	97.21818	0.7507037	0.398562	0.601438	4.308315
546	-1477.412	-1575.143	97.7311	0.9414001	0.560118	0.439882	3.907707
552	-1470.435	-1566.619	96.18417	0.5760181	0.388002	0.611998	4.98567
558	-1475.177	-1570.359	95.18184	0.7533273	0.398562	0.601438	5.441969
564	-1475.055	-1572.309	97.25436	0.7860562	0.565074	0.434926	4.267828
570	-1480.711	-1578.33	97.61863	0.7315841	0.476295	0.523705	4.091875
576	-1476.457	-1575.102	98.64487	0.8914023	0.488145	0.511855	3.40731
582	-1476.245	-1573.464	97.21853	0.7427467	0.488145	0.511855	4.312617
588	-1472.877	-1570.138	97.26092	0.6985404	0.475693	0.524307	4.313643
594	-1481.626	-1578.71	97.08387	0.6247869	0.513689	0.486311	4.455187
600	-1480.106	-1576.792	96.68625	0.5892763	0.486016	0.513984	4.698321
606	-1486.195	-1582.352	96.15708	0.5914343	0.294213	0.705787	4.992157
612	-1483.838	-1580.164	96.32671	0.6661656	0.315486	0.684514	4.85617
618	-1479.672	-1575.443	95.77101	0.6874228	0.320321	0.679679	5.153063
624	-1491.977	-1588.609	96.63211	0.6907771	0.461342	0.538658	4.671811
630	-1505.173	-1603.104	97.93124	0.6809432	0.442535	0.557465	3.94227
636	-1492.604	-1588.589	95.9853	0.6468383	0.445585	0.554415	5.056779
642	-1505.218	-1600.879	95.66123	0.4797446	0.412194	0.587806	5.32853
648	-1491.457	-1588.283	96.82601	0.8233713	0.387657	0.612343	4.488556
654	-1492.235	-1588.399	96.16364	0.9630461	0.591348	0.408652	4.781517
660	-1489.545	-1586.331	96.78591	0.8093429	0.536457	0.463543	4.519003
666	-1478.782	-1574.584	95.80252	0.6520881	0.455778	0.544222	5.155179
672	-1477.52	-1573.131	95.61121	0.5800989	0.37903	0.62097	5.300753
678	-1482.617	-1578.905	96.28816	0.631795	0.435069	0.564931	4.896797
684	-1485.622	-1579.788	94.16608	0.6917264	0.426564	0.573436	6.03213
690	-1485.54	-1581.825	96.28478	0.5780505	0.298828	0.701172	4.928596
696	-1491.858	-1586.12	94.26128	0.6941534	0.284948	0.715052	5.978882
702	-1485.508	-1581.806	96.2978	0.7101553	0.507148	0.492852	4.847763
708	-1489.114	-1585.462	96.3481	0.6598574	0.373211	0.626789	4.847763
714	-1486.58	-1584.013	97.43259	0.9177364	0.436513	0.563487	4.091811
720	-1477.768	-1575.333	97.56462	0.7607497	0.520253	0.479747	4.106026
726	-1480.841	-1578.385	97.54316	0.7822109	0.571265	0.428735	4.106026
732	-1478.209	-1575.45	97.24144	0.8262174	0.345826	0.654174	4.252396
738	-1471.903	-1567.451	95.54729	0.5649951	0.468783	0.531217	5.34436
744	-1476.303	-1572.443	96.14019	0.799167	0.379329	0.620671	4.885988
750	-1476.026	-1571.759	95.73214	0.8017868	0.44893	0.55107	5.11124
756	-1481.279	-1576.464	95.18487	0.5501627	0.414705	0.585295	5.552048
762	-1481.615	-1576.719	95.10393	0.631103	0.473987	0.526013	5.552048
768	-1482.041	-1577.027	94.98556	0.5950589	0.415246	0.584754	5.636835
774	-1487.414	-1582.1	94.68688	0.6600503	0.305865	0.694135	5.764913
780	-1492.137	-1589.233	97.09613	0.6349652	0.517319	0.482681	4.442549
786	-1494.079	-1590.742	96.66358	0.635149	0.527207	0.472793	4.685337
792	-1492.077	-1588.296	96.21964	0.6673151	0.409958	0.590042	4.915169
798	-1488.737	-1583.641	94.90419	0.6206456	0.62964	0.37036	5.667432
804	-1489.888	-1586.359	96.47022	0.4767155	0.31757	0.68243	4.88177
810	-1479.409	-1576.981	97.5717	0.8684867	0.555616	0.444384	4.040581
816	-1491.483	-1589.638	98.15496	0.8684867	0.485406	0.514594	3.705696
822	-1490.111	-1584.584	94.47274	0.6592624	0.513434	0.486566	5.882471
828	-1478.861	-1576.3	97.43958	0.7579587	0.416826	0.583174	4.178712
834	-1482.795	-1580.259	97.46431	0.8229142	0.44881	0.55119	4.127736
840	-1477.652	-1574.882	97.22992	0.7154015	0.492791	0.507209	4.321637
846	-1490.803	-1587.933	97.13011	0.9861342	0.442431	0.557569	4.224852
852	-1481.796	-1579.938	98.14213	0.922558	0.301086	0.698914	3.681844
858	-1483.927	-1582.065	98.13743	0.9272614	0.399649	0.600351	3.681844
864	-1483.44	-1580.852	97.41177	1.001714	0.497379	0.502621	4.055817
870	-1484.131	-1581.87	97.73851	0.6749746	0.497379	0.502621	4.055817
876	-1485.93	-1583.452	97.52157	0.8919135	0.517498	0.482502	4.055817
882	-1479.219	-1576.853	97.63355	0.7849552	0.465899	0.534101	4.05295
888	-1478.646	-1575.302	96.65606	0.7785958	0.358334	0.641666	4.609177
894	-1491.058	-1589.436	98.37757	0.9188555	0.407445	0.592555	3.547372
900	-1485.033	-1582.361	97.32771	0.8070984	0.498214	0.501786	4.214322
906	-1484.593	-1581.596	97.00242	0.5798448	0.594521	0.405479	4.526305
912	-1487.483	-1583.117	95.63363	0.5270227	0.530623	0.469377	5.317671
918	-1491.924	-1586.515	94.59029	0.4302723	0.482716	0.517284	5.943338
924	-1495.323	-1589.982	94.65984	0.1954843	0.469353	0.530647	6.033484
930	-1479.836	-1574.164	94.32775	0.5733028	0.55923	0.44077	6.008546
936	-1486.358	-1581.476	95.11817	0.5911643	0.382532	0.617468	5.566166
942	-1491.166	-1585.514	94.34802	0.5865498	0.353263	0.646737	5.990263
948	-1484.778	-1579.396	94.61752	0.5241398	0.544315	0.455685	5.877191
954	-1482.278	-1579.121	96.84295	0.7270046	0.372021	0.627979	4.53322
960	-1485.007	-1579.411	94.40374	0.6423427	0.450276	0.549724	5.929401
966	-1493.136	-1589.49	96.3538	0.6404138	0.516754	0.483246	4.855424
972	-1486.527	-1583.71	97.18272	0.7923449	0.416392	0.583608	4.304818
978	-1485.28	-1582.426	97.14575	0.7134443	0.493494	0.506506	4.370303
984	-1491.349	-1587.922	96.57315	0.5949243	0.548993	0.451007	4.758399
990	-1488.3	-1585.339	97.03939	0.6651924	0.567734	0.432266	4.457482
996	-1485.245	-1581.627	96.38171	0.6069293	0.401726	0.598274	4.858531
1002	-1486.173	-1582.509	96.33596	0.6069293	0.563006	0.436994	4.884019
1008	-1488.324	-1584.984	96.65955	0.6145369	0.409393	0.590607	4.699124
1014	-1484.701	-1581.266	96.56494	0.7193839	0.522046	0.477954	4.6934
1020	-1484.513	-1580.162	95.64891	0.5117274	0.426283	0.573717	5.31768
1026	-1484.132	-1581.062	96.93027	0.729537	0.607018	0.392982	4.48269
1032	-1501.602	-1598.898	97.29565	0.7941917	0.43626	0.56374	4.23982
1038	-1493.203	-1590.081	96.8779	0.529989	0.53916	0.46084	4.624188
1044	-1483.572	-1579.028	95.45693	0.4781559	0.45514	0.54486	5.442016
1050	-1486.924	-1581.89	94.96667	0.349135	0.414902	0.585098	5.781952
1056	-1479.528	-1575.143	95.61459	0.5241549	0.487025	0.512975	5.329763
1062	-1479.921	-1578.3	98.37852	0.7851116	0.389079	0.610921	3.624526
1068	-1479.374	-1576.604	97.23047	0.8896224	0.469625	0.530375	4.222669
1074	-1481.061	-1576.551	95.4903	0.5548024	0.494419	0.505581	5.381405
1080	-1481.371	-1576.545	95.17441	0.5279532	0.370539	0.629461	5.569998
1086	-1485.011	-1580.882	95.87138	0.6860209	0.495663	0.504337	5.098227
1092	-1493.983	-1591.255	97.27142	0.596799	0.492501	0.507499	4.365203
1098	-1481.019	-1578.033	97.01414	0.5972843	0.523521	0.476479	4.509905
1104	-1483.627	-1580.571	96.94492	0.4527854	0.482676	0.517324	4.629896
1110	-1485.267	-1581.46	96.19353	0.6503542	0.314141	0.685859	4.939133
1116	-1480.886	-1577.147	96.2609	0.5829904	0.406239	0.593761	4.939133
1122	-1480.91	-1576.701	95.79124	0.6806025	0.586761	0.413239	5.145635
1128	-1486.596	-1582.663	96.06663	0.5493056	0.467041	0.532959	5.065768
1134	-1485.29	-1582.215	96.92462	0.8405729	0.561993	0.438007	4.42333
1140	-1486.984	-1582.822	95.83867	0.8671029	0.566398	0.433602	5.015903
1146	-1487.585	-1585.585	98.00043	0.8363719	0.459217	0.540783	3.813335
1152	-1494.535	-1590.31	95.77592	0.7243987	0.411078	0.588922	5.129864
1158	-1491.26	-1587.488	96.22815	0.4405057	0.482443	0.517557	5.03651
1164	-1483.644	-1579.613	95.96907	0.6995852	0.504124	0.495876	5.03651
1170	-1478.434	-1574.767	96.33297	0.567868	0.45037	0.54963	4.907437
1176	-1486.393	-1580.624	94.23122	0.4876542	0.503467	0.496533	6.107828
1182	-1487.883	-1583.277	95.39347	0.6150635	0.588199	0.411801	5.40156
1188	-1482.475	-1578.138	95.66281	0.5647491	0.460344	0.539656	5.280736
1194	-1492.527	-1587.543	95.01622	0.490284	0.453337	0.546663	5.677483
1200	-1481.391	-1577.418	96.02733	0.7142586	0.505501	0.494499	4.996007
1206	-1481.859	-1577.959	96.09978	0.6270189	0.341608	0.658392	5.004221
1212	-1490.712	-1587.604	96.89185	0.5783915	0.574389	0.425611	4.589216
1218	-1491.288	-1586.645	95.35724	0.6201367	0.505158	0.494842	5.418726
1224	-1475.623	-1571.406	95.78363	0.8088141	0.4532	0.5468	5.078797
1230	-1482.63	-1577.268	94.63765	0.4347279	0.459701	0.540299	5.915043
1236	-1482.08	-1577.299	95.21832	0.671382	0.534988	0.465012	5.466994
1242	-1481.341	-1578.186	96.84477	0.5206722	0.445558	0.554442	4.647978
1248	-1476.622	-1573.295	96.67232	0.7916711	0.378316	0.621684	4.592724
1254	-1475.078	-1572.312	97.23385	0.7304692	0.459401	0.540599	4.310894
1260	-1480.109	-1577.905	97.79596	0.7165336	0.321633	0.678367	3.999295
1266	-1479.592	-1575.8	96.20772	0.5678663	0.561774	0.438226	4.977112
1272	-1481.379	-1579.174	97.79456	0.7541789	0.362661	0.637339	3.978573
1278	-1484.891	-1583.858	98.96747	0.8026536	0.532541	0.467459	3.269781
1284	-1488.164	-1584.938	96.77425	0.9325276	0.567469	0.432531	4.456244
1290	-1478.425	-1575.381	96.95629	0.7155784	0.502907	0.497093	4.475903
1296	-1477.463	-1573.557	96.09373	0.5794697	0.450852	0.549148	5.033986
1302	-1493.956	-1590.254	96.29804	0.6303351	0.399974	0.600026	4.892103
1308	-1485.674	-1583.823	98.14879	0.8449979	0.42247	0.57753	3.722832
1314	-1497.692	-1596.501	98.80838	0.7891435	0.602916	0.397084	3.371379
1320	-1497.681	-1594.989	97.30738	0.6935339	0.495471	0.504529	4.290191
1326	-1482.802	-1579.913	97.11028	0.7046331	0.424914	0.575086	4.395294
1332	-1497.487	-1592.178	94.69075	0.03548784	0.597503	0.402497	6.103822
1338	-1492.261	-1586.859	94.59869	0.1275415	0.548633	0.451367	6.103822
1344	-1481.464	-1578.524	97.05997	0.7798914	0.517823	0.482177	4.381215
1350	-1482.326	-1577.407	95.08131	0.5426045	0.384481	0.615519	5.613075
1356	-1483.077	-1578.257	95.17952	0.444394	0.471713	0.528287	5.613075
1362	-1481.177	-1575.831	94.65437	0.6324926	0.442086	0.557914	5.79779
1368	-1490.711	-1586.54	95.82983	0.4646099	0.593719	0.406281	5.243781
1374	-1488.684	-1583.354	94.67014	0.6980237	0.591314	0.408686	5.753285
1380	-1487.654	-1584.102	96.44779	0.6528239	0.412931	0.587069	4.796074
1386	-1491.644	-1585.541	93.89707	0.4289932	0.410322	0.589678	6.321425
1392	-1492.664	-1590.191	97.52617	0.9092241	0.430323	0.569677	4.043315
1398	-1489.347	-1586.65	97.30327	0.7494396	0.402996	0.597004	4.260863
1404	-1490.206	-1586.676	96.47007	0.8993687	0.319755	0.680245	4.645738
1410	-1495.092	-1591.805	96.71307	0.7806506	0.488422	0.511578	4.576036
1416	-1490.318	-1586.198	95.88023	0.654604	0.410047	0.589953	5.110735
1422	-1481.794	-1576.977	95.18322	0.5458292	0.41697	0.58303	5.555336
1428	-1487.671	-1585.182	97.51136	0.9290576	0.410895	0.589105	4.040453
1434	-1480.72	-1577.123	96.40272	0.6439073	0.387791	0.612209	4.826196
1440	-1482.997	-1578.82	95.82312	0.7219434	0.367263	0.632737	5.105066
1446	-1490.454	-1584.996	94.54189	0.6236157	0.41875	0.58125	5.864157
1452	-1488.445	-1584.684	96.23904	0.7723529	0.438721	0.561279	4.845847
1458	-1484.516	-1581.563	97.04734	0.699187	0.410977	0.589023	4.43385
1464	-1481.775	-1578.151	96.37641	0.7088148	0.496841	0.503159	4.80466
1470	-1477.768	-1574.312	96.54411	0.8387564	0.435485	0.564515	4.638213
1476	-1480.313	-1576.687	96.37445	0.6284234	0.411934	0.588066	4.850598
1482	-1482.136	-1578.793	96.65726	0.8614404	0.593868	0.406132	4.562014
1488	-1488.615	-1584.705	96.09032	0.8819963	0.55996	0.44004	4.867626
1494	-1478.704	-1576.231	97.52708	0.9908489	0.516444	0.483556	3.99619
1500	-1479.56	-1576.907	97.34766	0.770945	0.453111	0.546889	4.223512
1506	-1472.118	-1567.59	95.47151	0.4964339	0.423687	0.576313	5.423919
1512	-1475.216	-1570.607	95.39091	0.5770333	0.55136	0.44864	5.423919
1518	-1480.618	-1575.951	95.33213	0.6358162	0.547236	0.452764	5.423919
1524	-1486.115	-1582.732	96.61701	0.6051035	0.42897	0.57103	4.728199
1530	-1488.913	-1586.499	97.58573	0.8150358	0.401788	0.598212	4.063068
1536	-1485.933	-1584.059	98.12623	0.8501684	0.53527	0.46473	3.732873
1542	-1485.074	-1583.308	98.23345	0.8997495	0.324449	0.675551	3.642169
1548	-1479.413	-1577.178	97.76437	0.9850415	0.314287	0.685713	3.86357
1554	-1476.294	-1572.927	96.63294	0.7177339	0.443259	0.556741	4.65625
1560	-1477.53	-1573.744	96.21399	0.5633668	0.525661	0.474339	4.976127
1566	-1486.119	-1581.823	95.70429	0.6612707	0.521936	0.478064	5.204457
1572	-1486.231	-1580.613	94.38268	0.6261436	0.411646	0.588354	5.949743
1578	-1479.868	-1576.339	96.47117	0.5421037	0.54256	0.45744	4.844797
1584	-1484.025	-1579.268	95.24248	0.8256929	0.434048	0.565952	5.368689
1590	-1480.991	-1577.359	96.36801	0.820233	0.540642	0.459358	4.747129
1596	-1482.801	-1579.383	96.58241	0.7586614	0.387026	0.612974	4.661631
1602	-1484.167	-1580.199	96.03201	0.5880814	0.458422	0.541578	5.063464
1608	-1486.825	-1583.574	96.74847	0.597436	0.428748	0.571252	4.658918
1614	-1484.071	-1581.018	96.94745	0.7097434	0.558971	0.441029	4.484162
1620	-1497.555	-1596.282	98.72673	0.8138372	0.380372	0.619628	3.404789
1626	-1494.447	-1592.971	98.52315	0.807268	0.517719	0.482281	3.527576
1632	-1486.539	-1582.309	95.77064	0.5089689	0.487518	0.512482	5.25198
1638	-1495.667	-1590.319	94.65198	0.4510194	0.438121	0.561879	5.898318
1644	-1494.359	-1588.266	93.90745	0.6957364	0.460018	0.539982	6.170802
1650	-1497.396	-1594.073	96.67728	0.5516738	0.421161	0.578839	4.724371
1656	-1481.506	-1577.331	95.82435	0.685079	0.457518	0.542482	5.124815
1662	-1488.646	-1584.45	95.80319	0.465249	0.500702	0.499298	5.258154
1668	-1485.553	-1581.615	96.06258	0.6476355	0.49678	0.50322	5.013433
1674	-1481.985	-1579.18	97.19496	0.6476355	0.379397	0.620603	4.379671
1680	-1486.383	-1583.368	96.98448	0.6836101	0.43482	0.56518	4.47803
1686	-1479.313	-1574.994	95.68016	0.6723934	0.450065	0.549935	5.211656
1692	-1483.064	-1579.508	96.44445	0.6299207	0.404974	0.595026	4.810721
1698	-1481.436	-1577.102	95.66525	0.5106688	0.527751	0.472249	5.309249
1704	-1484.838	-1582.637	97.79941	0.7409261	0.494204	0.505796	3.983381
1710	-1493.769	-1590.977	97.20826	0.9141615	0.507802	0.492198	4.221347
1716	-1483.925	-1581.009	97.08321	0.7878875	0.517207	0.482793	4.36358
1722	-1482.408	-1579.806	97.39732	0.7871311	0.420673	0.579327	4.186147
1728	-1478.084	-1574.747	96.66294	0.592937	0.564755	0.435245	4.709312
1734	-1480.475	-1575.463	94.98765	0.4844279	0.565574	0.434426	5.696357
1740	-1486.272	-1583.135	96.86291	0.6670611	0.565574	0.434426	4.555681
1746	-1483.492	-1579.039	95.54723	0.5841344	0.405433	0.594567	5.333836
1752	-1483.649	-1578.958	95.30893	0.5336346	0.402515	0.597485	5.492932
1758	-1487.719	-1584.172	96.45298	0.5767355	0.453974	0.546026	4.835631
1764	-1491.057	-1587.429	96.37136	0.7893419	0.514346	0.485654	4.762516
1770	-1477.28	-1573.996	96.71552	0.7015206	0.520288	0.479712	4.619054
1776	-1481.493	-1579.417	97.92441	0.644114	0.470766	0.529234	3.967256
1782	-1487.547	-1583.329	95.78256	0.5956123	0.47063	0.52937	5.197485
1788	-1483.241	-1578.984	95.74233	0.6358357	0.404852	0.595148	5.197485
1794	-1489.04	-1584.828	95.78824	0.5899287	0.374556	0.625444	5.197485
1800	-1490.294	-1586.252	95.95775	0.420418	0.553115	0.446885	5.197485
1806	-1489.443	-1585.2	95.75628	0.5569183	0.461359	0.538641	5.233413
1812	-1489.796	-1586.722	96.92569	0.7105271	0.430832	0.569168	4.495964
1818	-1491.57	-1588.65	97.08043	0.5557908	0.430832	0.569168	4.495964
1824	-1490.946	-1587.231	96.2843	0.8850161	0.402815	0.597185	4.757708
1830	-1483.403	-1581.909	98.50646	0.9563927	0.459409	0.540591	3.450287
1836	-1480.556	-1574.838	94.282	0.6075946	0.386858	0.613142	6.014793
1842	-1493.579	-1589.471	95.89186	0.490211	0.525164	0.474836	5.195328
1848	-1483.73	-1579.755	96.02515	0.5045143	0.525164	0.474836	5.113604
1854	-1478.062	-1574.537	96.47532	0.7538375	0.380662	0.619338	4.724261
1860	-1478.626	-1575.425	96.79854	0.502185	0.618809	0.381191	4.684221
1866	-1477.561	-1571.779	94.21891	0.6139996	0.415785	0.584215	6.045703
1872	-1480.715	-1577.671	96.95594	0.741647	0.443253	0.556747	4.46142
1878	-1473.583	-1569.261	95.678	0.653753	0.572894	0.427106	5.223157
1884	-1485.826	-1580.055	94.22813	0.4565518	0.472751	0.527249	6.126451
1890	-1487.317	-1583.866	96.54927	0.431456	0.427719	0.572281	4.86294
1896	-1495.71	-1590.463	94.75345	0.5846394	0.366	0.634	5.769753
1902	-1498.192	-1593.889	95.69689	0.6130538	0.414761	0.585239	5.235212
1908	-1488.545	-1583.066	94.52101	0.6485694	0.482691	0.517309	5.86193
1914	-1490.262	-1584.793	94.53056	0.6390186	0.359588	0.640412	5.86193
1920	-1477.88	-1573.397	95.51792	0.6834	0.329827	0.670173	5.295227
1926	-1481.433	-1577.804	96.37138	0.4561071	0.547424	0.452576	4.948253
1932	-1481.292	-1576.925	95.63279	0.6590197	0.416548	0.583452	5.24524
1938	-1479.856	-1576.938	97.08242	0.6590197	0.40832	0.59168	4.436718
1944	-1489.017	-1587.058	98.04164	0.9046714	0.495785	0.504215	3.750234
1950	-1492.242	-1590.621	98.37839	0.8329165	0.418342	0.581658	3.596856
1956	-1486.104	-1582.027	95.92344	0.5250274	0.508183	0.491817	5.158577
1962	-1482.438	-1579.453	97.0157	0.509827	0.508183	0.491817	4.558179
1968	-1482.935	-1576.872	93.93732	0.6016579	0.508299	0.491701	6.205729
1974	-1484.891	-1580.224	95.3333	0.6040851	0.450004	0.549996	5.440747
1980	-1488.975	-1584.422	95.44733	0.4900593	0.422682	0.577318	5.440747
1986	-1494.629	-1588.275	93.64601	0.5546943	0.47439	0.52561	6.389453
1992	-1488.931	-1584.113	95.1821	0.5053824	0.47439	0.52561	5.578172
1998	-1489.51	-1584.865	95.35537	0.3321075	0.562778	0.437222	5.578172
2004	-1484.958	-1579.253	94.29469	0.4062221	0.521315	0.478685	6.11761
2010	-1479.213	-1576.597	97.38361	0.527811	0.493057	0.506943	4.3408
2016	-1488.358	-1585.774	97.4163	0.8238193	0.537956	0.462044	4.15452
2022	-1482.56	-1580.101	97.54025	0.7541103	0.492787	0.507213	4.123671
2028	-1484.096	-1579.308	95.21252	0.5732939	0.5477	0.4523	5.52414
2034	-1483.862	-1580.765	96.90364	0.6714448	0.565875	0.434125	4.530338
2040	-1493.041	-1589.252	96.21136	0.6035344	0.457629	0.542371	4.955262
2046	-1489.275	-1585.079	95.80428	0.5731149	0.445789	0.554211	5.197911
2052	-1486.813	-1582.655	95.84159	0.5358091	0.50561	0.49439	5.197911
2058	-1498.028	-1593.038	95.0096	0.526046	0.521033	0.478967	5.661501
2064	-1492.619	-1588.927	96.30814	0.6891263	0.495087	0.504913	4.853719
2070	-1490.624	-1585.673	95.04945	0.523979	0.496795	0.503205	5.640777
2076	-1496.531	-1593.047	96.51595	0.8793747	0.473411	0.526589	4.631228
2082	-1488.021	-1584.702	96.68098	0.6225412	0.540857	0.459143	4.682654
2088	-1489.635	-1585.183	95.54775	0.7757837	0.449787	0.550213	5.227701
2094	-1484.498	-1580.503	96.0043	0.5141019	0.538934	0.461066	5.119841
2100	-1489.867	-1585.652	95.78435	0.5256226	0.638796	0.361204	5.235196
2106	-1486.721	-1583.776	97.05516	0.5621646	0.389222	0.610778	4.506588
2112	-1492.73	-1587.621	94.89127	0.5378648	0.389222	0.610778	5.719888
2118	-1496.571	-1591.522	94.95108	0.4780571	0.462708	0.537292	5.719888
2124	-1488.304	-1582.776	94.47142	0.4729626	0.43821	0.56179	5.98491
2130	-1494.269	-1590.586	96.31756	0.5772461	0.574682	0.425318	4.910797
2136	-1483.545	-1580.46	96.91444	0.6087857	0.534196	0.465804	4.559471
2142	-1491.157	-1588.25	97.09338	0.7124542	0.594911	0.405089	4.400412
2148	-1487.459	-1581.79	94.33065	0.5079835	0.535559	0.464441	6.042579
2154	-1482.106	-1578.002	95.89613	0.4479699	0.465283	0.534717	5.216328
2160	-1496.255	-1593.705	97.45049	0.7495426	0.510808	0.489192	4.177297
2166	-1493.668	-1590.026	96.35874	0.6465805	0.640953	0.359047	4.849233
2172	-1495.047	-1591.637	96.58977	0.6410548	0.480809	0.519191	4.723325
2178	-1492.728	-1590.324	97.59576	0.789867	0.480809	0.519191	4.071701
2184	-1484.82	-1580.713	95.89366	0.5087171	0.461075	0.538925	5.184088
2190	-1484.868	-1580.689	95.82031	0.477805	0.442296	0.557704	5.241752
2196	-1481.625	-1578.161	96.53619	0.5721663	0.486368	0.513632	4.791753
2202	-1480.973	-1577.527	96.55434	0.5540091	0.454515	0.545485	4.791753
2208	-1485.244	-1578.822	93.57756	0.5391046	0.480855	0.519145	6.435027
2214	-1493.101	-1589.158	96.05744	0.6143574	0.417677	0.582323	5.034764
2220	-1488.118	-1584.696	96.57771	0.6557257	0.500062	0.499938	4.721868
2226	-1492.846	-1587.988	95.1427	0.5331241	0.465733	0.534267	5.584574
2232	-1494.358	-1590.889	96.53094	0.6375603	0.412917	0.587083	4.758161
2238	-1487.581	-1584.296	96.7148	0.8145475	0.412917	0.587083	4.556034
2244	-1480.237	-1576.748	96.51138	0.6343649	0.479669	0.520331	4.770871
2250	-1490.807	-1586.723	95.91631	0.5668666	0.521934	0.478066	5.139356
2256	-1495.058	-1591.937	96.87937	0.630556	0.552569	0.447431	4.566943
2262	-1485.748	-1579.329	93.58145	0.5495896	0.46916	0.53084	6.427235
2268	-1485.012	-1580.306	95.29354	0.4547994	0.503979	0.496021	5.544738
2274	-1489.863	-1584.988	95.12548	0.66806	0.503979	0.496021	5.519892
2280	-1484.705	-1579.585	94.88081	0.701885	0.528061	0.471939	5.635693
2286	-1482.863	-1577.907	95.04336	0.5393408	0.409689	0.590311	5.635693
2292	-1483.188	-1578.472	95.28455	0.5189955	0.460335	0.539665	5.514392
2298	-1481.045	-1575.671	94.62542	0.6699709	0.506806	0.493194	5.793124
2304	-1488.078	-1584.72	96.64149	0.7096976	0.496589	0.503411	4.655961
2310	-1489.467	-1587.192	97.72512	0.7000675	0.47524	0.52476	4.049139
2316	-1492.005	-1587.262	95.25753	0.6379368	0.355902	0.644098	5.463821
2322	-1488.596	-1585.096	96.49997	0.7279932	0.543395	0.456605	4.724927
2328	-1480.17	-1574.963	94.7929	0.5828067	0.550111	0.449889	5.749155
2334	-1481.892	-1576.856	94.96397	0.4613375	0.473166	0.526834	5.721984
2340	-1471.624	-1568.156	96.53194	0.6073402	0.473166	0.526834	4.774484
2346	-1480.958	-1577.295	96.33732	0.579242	0.473166	0.526834	4.898684
2352	-1481.61	-1577.194	95.58454	0.4121008	0.473166	0.526834	5.408109
2358	-1484.098	-1580.812	96.71412	0.8610715	0.547825	0.452175	4.530278
2364	-1483.339	-1581.203	97.86481	0.8825722	0.462118	0.537882	3.864738
2370	-1480.225	-1577.472	97.24703	0.7776133	0.462118	0.537882	4.276758
2376	-1474.994	-1571.773	96.77964	0.6869085	0.461383	0.538617	4.591289
2382	-1478.531	-1573.685	95.15373	0.8083124	0.506852	0.493148	5.42717
2388	-1471.273	-1566.95	95.67749	0.6397309	0.475198	0.524802	5.231192
2394	-1477.026	-1572.99	95.96359	0.7450378	0.475198	0.524802	5.014314
2400	-1483.395	-1580.296	96.90024	0.6497899	0.394347	0.605653	4.544414
2406	-1482.478	-1580.264	97.78589	1.014049	0.522148	0.477852	3.834537
2412	-1480.694	-1578.224	97.5301	0.8406788	0.442755	0.557245	4.08016
2418	-1474.686	-1571.047	96.36054	0.6560314	0.533307	0.466693	4.842961
2424	-1483.749	-1580.76	97.01149	0.6717614	0.533307	0.466693	4.469491
2430	-1486.829	-1584.316	97.48759	0.550995	0.512025	0.487975	4.268863
2436	-1480.007	-1576.811	96.80373	0.785183	0.437558	0.562442	4.522562
2442	-1476.068	-1572.59	96.52252	0.5899062	0.37689	0.62311	4.789481
2448	-1482.233	-1578.6	96.36687	0.7455538	0.659825	0.340175	4.789481
2454	-1490.36	-1586.462	96.10205	0.6252144	0.398365	0.601635	5.003963
2460	-1488.532	-1584.583	96.0514	0.7232896	0.465427	0.534573	4.977613
2466	-1482.84	-1577.761	94.92039	0.6141795	0.537176	0.462824	5.662091
2472	-1483.26	-1578.254	94.9941	0.779874	0.474495	0.525505	5.530647
2478	-1484.566	-1580.738	96.17295	0.6602862	0.556614	0.443386	4.945058
2484	-1494.445	-1591.624	97.17929	0.7683954	0.538128	0.461872	4.320303
2490	-1501.647	-1596.947	95.29992	0.8153354	0.404527	0.595473	5.342722
2496	-1486.212	-1581.377	95.16464	0.5041833	0.446852	0.553148	5.588416
2502	-1485.112	-1581.237	96.12515	0.5142968	0.478625	0.521375	5.052722
2508	-1484.864	-1581.331	96.46712	0.6199058	0.512582	0.487418	4.80366
2514	-1485.985	-1583.131	97.14658	0.649262	0.511343	0.488657	4.406049
2520	-1489.227	-1586.355	97.12782	0.9203135	0.450154	0.549846	4.263454
2526	-1480.076	-1575.221	95.14456	0.3522214	0.426032	0.573968	5.682815
2532	-1477.951	-1574.084	96.13378	0.8127893	0.502202	0.497798	4.881972
2538	-1477.09	-1573.988	96.89742	0.6665204	0.502487	0.497513	4.536599
2544	-1474.371	-1570.508	96.13761	0.7844683	0.4559	0.5441	4.895612
2550	-1478.161	-1575.855	97.6936	0.9971482	0.424382	0.575618	3.897242
2556	-1485.447	-1584.004	98.55604	1.048612	0.466078	0.533922	3.367195
2562	-1479.303	-1576.142	96.83921	0.7374909	0.532594	0.467406	4.52943
2568	-1479.863	-1575.569	95.70687	0.5930328	0.532594	0.467406	5.240766
2574	-1485.234	-1580.107	94.87384	0.6559017	0.440687	0.559313	5.664739
2580	-1480.711	-1576.6	95.88953	0.7700017	0.594181	0.405819	5.041577
2586	-1485.394	-1582.909	97.51586	0.8547099	0.562238	0.437762	4.080281
2592	-1475.474	-1572.636	97.16259	0.6827285	0.489419	0.510581	4.378135
2598	-1480.196	-1575.066	94.8702	0.6415636	0.489419	0.510581	5.674601
2604	-1484.241	-1579.331	95.08978	0.4219853	0.458054	0.541946	5.674601
2610	-1487.098	-1582.161	95.06283	0.4489315	0.397126	0.602874	5.674601
2616	-1490.83	-1586.559	95.72916	0.5714272	0.420504	0.579496	5.240385
2622	-1486.427	-1583.991	97.56466	1.021487	0.430363	0.569637	3.957175
2628	-1486.612	-1582.244	95.63126	0.812488	0.383988	0.616012	5.161192
2634	-1487.922	-1583.065	95.1434	0.7553656	0.55748	0.44252	5.462007
2640	-1483.625	-1579.095	95.46975	0.6363324	0.44723	0.55277	5.34778
2646	-1482.606	-1578.925	96.31877	0.5288832	0.450112	0.549888	4.937036
2652	-1485.482	-1582.204	96.72207	0.7297549	0.439413	0.560587	4.599547
2658	-1488.244	-1583.783	95.53883	0.8267779	0.288371	0.711629	5.204432
2664	-1484.584	-1581.219	96.63491	0.6664966	0.399395	0.600605	4.68384
2670	-1483.329	-1578.739	95.41005	0.6536584	0.490604	0.509396	5.371149
2676	-1483.59	-1578.737	95.14659	0.5056984	0.491381	0.508619	5.597495
2682	-1480.075	-1573.76	93.68518	0.5954632	0.383427	0.616573	6.34608
2688	-1475.789	-1570.346	94.55731	0.8525477	0.53539	0.46461	5.730449
2694	-1478.879	-1575.289	96.41055	0.8284622	0.583795	0.416205	4.718749
2700	-1481.965	-1577.643	95.67733	0.6726985	0.489444	0.510556	5.213053
2706	-1487.568	-1582.209	94.6411	0.797481	0.510277	0.489723	5.714714
2712	-1475.646	-1571.973	96.32746	0.911728	0.585468	0.414532	4.718649
2718	-1468.342	-1563.543	95.20165	0.599319	0.470844	0.529156	5.515808
2724	-1464.542	-1558.539	93.99609	0.6399303	0.462046	0.537954	6.152934
2730	-1467.888	-1563.497	95.60925	0.749493	0.437234	0.562766	5.208229
2736	-1475.541	-1570.804	95.2626	0.6714378	0.437234	0.562766	5.442591
2742	-1483.426	-1579.373	95.94643	0.491408	0.477125	0.522875	5.164461
2748	-1482.433	-1578.582	96.14995	0.4109329	0.482369	0.517631	5.096295
2754	-1483.947	-1581.012	97.06481	0.695451	0.637214	0.362786	4.426113
2760	-1483.561	-1580.261	96.70066	0.7091198	0.523017	0.476983	4.623128
2766	-1483.505	-1578.583	95.07821	0.7096186	0.523017	0.476983	5.523031
2772	-1475.284	-1571.132	95.84807	0.7096186	0.497359	0.502641	5.098069
2778	-1477.585	-1572.806	95.22106	0.4626611	0.497359	0.502641	5.580237
2784	-1487.303	-1585.301	97.9982	0.7998675	0.345949	0.654051	3.835613
2790	-1486.42	-1583.221	96.80053	0.6174456	0.69813	0.30187	4.618534
2796	-1481.652	-1578.386	96.73436	0.6627723	0.386581	0.613419	4.630216
2802	-1479.984	-1575.56	95.57622	0.7305286	0.456362	0.543638	5.236982
2808	-1481.334	-1577.333	95.99955	0.5332849	0.626841	0.373159	5.111845
2814	-1483.057	-1579.198	96.14182	0.6562644	0.52596	0.47404	4.964609
2820	-1484.504	-1582.046	97.54175	0.6993356	0.49133	0.50867	4.15397
2826	-1490.02	-1586.748	96.72791	0.8968636	0.499782	0.500218	4.502398
2832	-1484.546	-1582.652	98.10633	0.8046574	0.525387	0.474613	3.770607
2838	-1491.125	-1589.157	98.03193	1.090886	0.439065	0.560935	3.648187
2844	-1495.115	-1591.034	95.9186	0.5704745	0.389931	0.610069	5.136093
2850	-1491.927	-1588.27	96.34377	0.6420298	0.434653	0.565347	4.860111
2856	-1489.33	-1585.941	96.61123	0.5722049	0.510048	0.489952	4.749815
2862	-1488.589	-1582.962	94.37275	0.5051111	0.423085	0.576915	6.021196
2868	-1492.55	-1588.462	95.91229	0.551508	0.555406	0.444594	5.150088
2874	-1485.534	-1580.486	94.95201	0.491402	0.410181	0.589819	5.712068
2880	-1480.712	-1577.618	96.90555	0.6607909	0.352992	0.647008	4.53525
2886	-1478.858	-1575.139	96.28099	0.5485097	0.44161	0.55839	4.947137
2892	-1476.952	-1572.768	95.81555	0.6407784	0.607134	0.392866	5.154228
2898	-1479.889	-1574.806	94.91763	0.4737338	0.393916	0.606084	5.740578
2904	-1482.044	-1578.364	96.32049	0.3829843	0.349401	0.650599	5.017181
2910	-1485.115	-1582.158	97.04296	0.7377602	0.596082	0.403918	4.414579
2916	-1483.252	-1581.124	97.87165	0.7396455	0.431873	0.568127	3.942777
2922	-1482.029	-1580.959	98.93021	1.037053	0.404257	0.595743	3.153034
2928	-1479.925	-1578.42	98.49468	1.037053	0.530096	0.469904	3.409969
2934	-1482.391	-1579.944	97.55261	0.7064403	0.414668	0.585332	4.143761
2940	-1487.878	-1585.735	97.85702	0.9031015	0.363645	0.636355	3.857418
2946	-1491.439	-1588.226	96.78731	0.7969451	0.388647	0.611353	4.525185
2952	-1485.945	-1583.287	97.34198	0.7358515	0.560578	0.439422	4.246631
2958	-1493.987	-1590.055	96.06792	0.6024466	0.337599	0.662401	5.035561
2964	-1492.34	-1588.662	96.32173	0.7416365	0.555575	0.444425	4.816861
2970	-1492.467	-1589.204	96.73635	0.6480364	0.473372	0.526628	4.63736
2976	-1496.663	-1592.545	95.88283	0.6480364	0.447887	0.552113	5.112937
2982	-1485.618	-1581.392	95.77433	0.6162672	0.551589	0.448411	5.19061
2988	-1484.313	-1581.041	96.72747	0.7211557	0.551589	0.448411	4.601346
2994	-1475.826	-1572.716	96.88953	0.7275554	0.551589	0.448411	4.506722
3000	-1483.78	-1580.885	97.10526	0.7981275	0.440746	0.559254	4.34534
3006	-1480.722	-1576.807	96.08552	0.8564257	0.444019	0.555981	4.884548
3012	-1478.673	-1576.197	97.52433	0.7140724	0.444019	0.555981	4.155495
3018	-1477.597	-1573.631	96.03407	0.7397271	0.490626	0.509374	4.978108
3024	-1482.559	-1577.653	95.09472	0.5378521	0.561713	0.438287	5.608322
3030	-1479.121	-1576.209	97.08818	0.5888715	0.496602	0.503398	4.472981
3036	-1486.804	-1583.319	96.5146	0.5756581	0.444828	0.555172	4.801854
3042	-1483.494	-1578.809	95.31426	0.5913177	0.479875	0.520125	5.458258
3048	-1479.786	-1575.174	95.38819	0.5434385	0.417549	0.582451	5.443914
3054	-1482.022	-1577.588	95.56608	0.5632603	0.446459	0.553541	5.334949
3060	-1486.856	-1583.571	96.71571	0.7403971	0.538246	0.461754	4.597148
3066	-1482.096	-1578.472	96.37604	0.6929774	0.52619	0.47381	4.813706
3072	-1496.325	-1592.496	96.17073	0.6099877	0.517555	0.482445	4.974261
3078	-1491.218	-1586.352	95.13363	0.4281649	0.630311	0.369689	5.64716
3084	-1491.629	-1587.295	95.66599	0.5525317	0.630311	0.369689	5.285726
3090	-1485.115	-1582.218	97.10352	0.7507862	0.439527	0.560473	4.373061
3096	-1483.898	-1581.396	97.49816	0.6347382	0.558505	0.441495	4.215404
3102	-1483.552	-1580.027	96.47524	0.6435172	0.424515	0.575485	4.785942
3108	-1481.619	-1578.654	97.03477	0.5748446	0.385659	0.614341	4.510924
3114	-1479.829	-1577.839	98.00968	0.901894	0.356837	0.643163	3.770271
3120	-1471.268	-1568.523	97.25552	0.7403983	0.429056	0.570944	4.29302
3126	-1481.242	-1578.239	96.99736	0.7403983	0.429056	0.570944	4.438792
3132	-1475.226	-1571.745	96.51874	0.8161529	0.595921	0.404079	4.665088
3138	-1485.488	-1582.507	97.01938	0.8468942	0.677387	0.322613	4.366305
3144	-1482.076	-1578.055	95.97923	0.7006543	0.431245	0.568755	5.030276
3150	-1502.485	-1597.956	95.47099	0.5121843	0.4572	0.5428	5.415532
3156	-1487.806	-1583.59	95.78426	0.7159923	0.434945	0.565055	5.129896
3162	-1483.381	-1579.295	95.91394	0.572183	0.333555	0.666445	5.137724
3168	-1483.642	-1580.008	96.36612	0.6486473	0.339756	0.660244	4.843966
3174	-1479.636	-1576.27	96.63404	0.7933682	0.47349	0.52651	4.613242
3180	-1487.095	-1583.872	96.77703	0.650384	0.433529	0.566471	4.613242
3186	-1492.456	-1588.714	96.25798	0.8228515	0.477278	0.522722	4.807117
3192	-1482.13	-1579.09	96.95995	0.7126881	0.477278	0.522722	4.475469
3198	-1479.322	-1575.821	96.49967	0.7187484	0.398739	0.601261	4.730262
3204	-1483.829	-1578.614	94.78462	0.7179342	0.354984	0.645016	5.679652
3210	-1481.482	-1578.31	96.82794	0.6583312	0.365781	0.634219	4.580221
3216	-1485.027	-1582.713	97.68631	0.8714962	0.542989	0.457011	3.973387
3222	-1482.359	-1578.495	96.13574	0.6301399	0.558475	0.441525	4.98251
3228	-1496.758	-1594.805	98.04703	0.8182654	0.429478	0.570522	3.796928
3234	-1484.196	-1579.52	95.32408	0.7609131	0.436347	0.563653	5.359414
3240	-1490.074	-1585.155	95.08035	0.5343553	0.436347	0.563653	5.61813
3246	-1497.461	-1593.518	96.05664	0.7242726	0.580031	0.419969	4.974151
3252	-1496.212	-1591.204	94.9922	0.565836	0.397753	0.602247	5.649221
3258	-1497.242	-1593.098	95.85573	0.5221942	0.584001	0.415999	5.197618
3264	-1497.137	-1594.658	97.52183	0.6769963	0.54706	0.45294	4.177984
3270	-1496.967	-1591.652	94.68428	0.603157	0.446534	0.553466	5.797473
3276	-1492.325	-1586.702	94.37633	0.2998611	0.44728	0.55272	6.131072
3282	-1492.383	-1587.031	94.64793	0.427606	0.544625	0.455375	5.913318
3288	-1480.851	-1575.657	94.80621	0.5389482	0.460881	0.539119	5.765884
3294	-1482.131	-1575.217	93.08534	0.565126	0.531167	0.468833	6.687361
3300	-1486.783	-1582.148	95.36473	0.5991789	0.547071	0.452929	5.426143
3306	-1481.771	-1577.137	95.36516	0.5987484	0.388386	0.611614	5.426143
3312	-1481.158	-1576.657	95.49955	0.6211797	0.426694	0.573306	5.339703
3318	-1478.418	-1574.521	96.10358	0.5587579	0.426694	0.573306	5.04002
3324	-1491.669	-1587.915	96.24653	0.4597408	0.507722	0.492278	5.015628
3330	-1495.551	-1591.045	95.49472	0.5167681	0.445616	0.554384	5.399931
3336	-1495.622	-1592.312	96.69006	0.4932326	0.445616	0.554384	4.749896
3342	-1483.126	-1581.228	98.10256	0.8440087	0.451551	0.548449	3.750085
3348	-1484.088	-1579.397	95.30937	0.4658897	0.430828	0.569172	5.52994
3354	-1487.753	-1585.118	97.36527	0.8244251	0.484161	0.515839	4.183172
3360	-1478.093	-1573.627	95.53375	0.6684656	0.511372	0.488628	5.29473
3366	-1475.47	-1571.067	95.59702	0.6051997	0.51605	0.48395	5.29473
3372	-1470.632	-1566.766	96.13438	0.705706	0.497414	0.502586	4.941249
3378	-1477.211	-1573.593	96.38237	0.705706	0.438192	0.561808	4.803073
3384	-1485.54	-1581.822	96.28282	0.8013827	0.374742	0.625258	4.805232
3390	-1480.982	-1575.643	94.66031	0.6543459	0.524833	0.475167	5.782577
3396	-1487.074	-1583.702	96.62775	0.7703466	0.528208	0.471792	4.629678
3402	-1476.806	-1573.101	96.29473	0.6548949	0.529539	0.470461	4.880271
3408	-1480.885	-1578.211	97.32572	0.6972441	0.451875	0.548125	4.277708
3414	-1478.585	-1574.999	96.41394	0.5622845	0.596011	0.403989	4.865447
3420	-1483.178	-1579.502	96.32405	0.753107	0.424096	0.575904	4.809166
3426	-1490.064	-1587.619	97.55574	0.8013071	0.531165	0.468835	4.087984
3432	-1492.807	-1587.251	94.44378	0.6592092	0.536881	0.463119	5.898321
3438	-1484.081	-1579.518	95.43714	0.6122042	0.573774	0.426226	5.379065
3444	-1488.133	-1583.456	95.3225	0.4580746	0.427791	0.572209	5.52702
3450	-1486.592	-1581.861	95.26935	0.5112231	0.501476	0.498524	5.52702
3456	-1490.027	-1585.288	95.26074	0.5184833	0.401742	0.598258	5.527762
3462	-1491.596	-1587.461	95.86495	0.6990072	0.487231	0.512769	5.094593
3468	-1484.661	-1579.324	94.66341	0.6226334	0.479456	0.520544	5.798238
3474	-1484.001	-1578.156	94.15437	0.5813871	0.404221	0.595779	6.098638
3480	-1481.798	-1576.065	94.26685	0.4689066	0.543623	0.456377	6.098638
3486	-1493.048	-1589.324	96.27562	0.6418045	0.530505	0.469495	4.898201
3492	-1487.494	-1583.14	95.64616	0.4739413	0.449161	0.550839	5.340049
3498	-1483.479	-1579.619	96.14039	0.7241753	0.554894	0.445106	4.927627
3504	-1484.98	-1582.599	97.61963	0.6272092	0.568459	0.431541	4.150698
3510	-1487.301	-1583.696	96.39551	0.6393747	0.553351	0.446649	4.832745
3516	-1487.362	-1583.672	96.31035	0.7245422	0.362817	0.637183	4.832745
3522	-1488.637	-1585.406	96.76871	0.714917	0.581231	0.418769	4.581701
3528	-1490.747	-1585.147	94.39959	0.6014047	0.454277	0.545723	5.954017
3534	-1491.97	-1588.205	96.23466	0.4993338	0.508689	0.491311	5.000227
3540	-1485.968	-1582.15	96.18199	0.5520004	0.585698	0.414302	5.000227
3546	-1483.876	-1580.472	96.59514	0.6369489	0.60443	0.39557	4.722621
3552	-1489.159	-1587.161	98.00168	0.9358586	0.452848	0.547152	3.755297
3558	-1488.855	-1585.736	96.88051	0.7727255	0.52616	0.47384	4.486391
3564	-1487.944	-1585.823	97.8785	0.7727255	0.436864	0.563136	3.9199
3570	-1486.398	-1581.043	94.64484	0.6290359	0.48301	0.51699	5.804893
3576	-1483.755	-1579.127	95.37255	0.4817295	0.530255	0.469745	5.486485
3582	-1490.625	-1585.211	94.58558	0.6203385	0.340862	0.659138	5.842063
3588	-1485.992	-1581.185	95.19345	0.528419	0.44769	0.55231	5.559281
3594	-1485.765	-1581.404	95.6389	0.5865858	0.589466	0.410534	5.281877
3600	-1473.397	-1568.031	94.63483	0.3693709	0.545104	0.454896	5.952267
3606	-1477.836	-1572.844	95.00766	0.6570951	0.54276	0.45724	5.590654
3612	-1488.187	-1584.532	96.34516	0.860093	0.374053	0.625947	4.737625
3618	-1484.515	-1579.805	95.2902	0.8280262	0.540172	0.459828	5.341086
3624	-1482.825	-1578.231	95.40539	0.3436483	0.584613	0.415387	5.544354
3630	-1478.576	-1574.611	96.03481	0.6511724	0.475093	0.524907	5.026892
3636	-1481.552	-1578.847	97.2946	0.9657499	0.403552	0.596448	4.143022
3642	-1481.932	-1577.871	95.93907	0.6882146	0.498867	0.501133	5.059472
3648	-1471.213	-1566.89	95.67695	0.4868032	0.452428	0.547572	5.315961
3654	-1477.5	-1574.748	97.24704	0.6066687	0.452088	0.547912	4.373396
3660	-1477.888	-1573.828	95.93928	0.6981273	0.459496	0.540504	5.053855
3666	-1485.463	-1579.598	94.1343	0.2969628	0.455803	0.544197	6.264284
3672	-1486.697	-1582.277	95.58084	0.2953913	0.662896	0.337104	5.474411
3678	-1482.404	-1576.017	93.61309	0.339051	0.464521	0.535479	6.524169
3684	-1481.245	-1576.279	95.03392	0.5384507	0.464521	0.535479	5.641357
3690	-1472.788	-1569.338	96.55058	0.6964515	0.49223	0.50777	4.714261
3696	-1473.174	-1569.701	96.52645	0.7205785	0.411488	0.588512	4.714261
3702	-1472.772	-1568.797	96.02565	0.6120897	0.424903	0.575097	5.053671
3708	-1474.495	-1571.121	96.62618	0.6070103	0.505796	0.494204	4.722005
3714	-1484.086	-1578.32	94.23445	0.5404767	0.376129	0.623871	6.077297
3720	-1492.15	-1586.417	94.26638	0.4369453	0.402209	0.597791	6.116295
3726	-1498.964	-1593.809	94.84488	0.6334191	0.475735	0.524265	5.692946
3732	-1494.031	-1588.802	94.7703	0.5532116	0.462105	0.537895	5.77773
3738	-1483.921	-1580.504	96.58294	0.6890512	0.342972	0.657028	4.700299
3744	-1491.137	-1585.913	94.77651	0.3602066	0.468837	0.531163	5.879892
3750	-1481.006	-1576.877	95.87109	0.7825501	0.377798	0.622202	5.044845
3756	-1488.314	-1584.709	96.39449	0.6571169	0.466971	0.533029	4.823419
3762	-1489.726	-1587.162	97.43653	0.9521888	0.466971	0.533029	4.069935
3768	-1496.072	-1592.769	96.6966	0.5941919	0.443688	0.556312	4.68978
3774	-1492.294	-1589.626	97.33195	0.6926637	0.41907	0.58093	4.276776
3780	-1489.995	-1586.342	96.34697	0.5911022	0.543291	0.456709	4.886706
3786	-1485.757	-1582.086	96.32953	0.6085365	0.439665	0.560335	4.886706
3792	-1497.869	-1592.154	94.28429	0.4527976	0.528281	0.471719	6.097912
3798	-1492.879	-1587.906	95.02763	0.4286777	0.380347	0.619653	5.704997
3804	-1483.891	-1579.716	95.82484	0.6610295	0.446305	0.553695	5.137868
3810	-1480.283	-1577.721	97.43807	0.8779008	0.493661	0.506339	4.111376
3816	-1487.745	-1586.864	99.11949	0.9625481	0.629947	0.370053	3.084688
3822	-1478.011	-1576.319	98.30838	0.9722466	0.453697	0.546303	3.556567
3828	-1485.187	-1581.198	96.01168	0.9121845	0.336767	0.663233	4.894619
3834	-1490.544	-1585.63	95.08608	0.3232061	0.428382	0.571618	5.730766
3840	-1486.627	-1581.376	94.74915	0.5129783	0.437244	0.562756	5.811322
3846	-1496.58	-1591.172	94.59275	0.6769926	0.489474	0.510526	5.807157
3852	-1496.132	-1594.147	98.01467	0.8595202	0.424211	0.575789	3.791811
3858	-1497.39	-1595.897	98.50638	1.051041	0.424211	0.575789	3.394909
3864	-1503.151	-1600.118	96.96646	0.6626742	0.43613	0.56387	4.49995
3870	-1493.95	-1593.188	99.23855	1.016223	0.43892	0.56108	2.981272
3876	-1497.663	-1594.427	96.76455	0.9787287	0.465324	0.534676	4.435682
3882	-1496.604	-1594.11	97.50578	0.5992421	0.501157	0.498843	4.231215
3888	-1483.974	-1580.003	96.02924	0.5434085	0.480508	0.519492	5.089776
3894	-1478.105	-1574.672	96.56686	0.6503231	0.604551	0.395449	4.730954
3900	-1480.932	-1576.496	95.56355	0.6498888	0.372848	0.627152	5.288532
3906	-1473.356	-1568.123	94.7675	0.6022663	0.4819	0.5181	5.752406
3912	-1482.772	-1578.12	95.34829	0.7654537	0.4819	0.5181	5.343555
3918	-1478.472	-1575.729	97.25755	0.7964836	0.364647	0.635353	4.260113
3924	-1483.007	-1578.714	95.70706	0.739354	0.421826	0.578174	5.159714
3930	-1487.222	-1584.436	97.21413	0.8089816	0.514086	0.485914	4.277624
3936	-1491.332	-1588.103	96.77155	0.7269704	0.557911	0.442089	4.573345
3942	-1489.484	-1587.994	98.51062	0.9134183	0.597763	0.402237	3.472965
3948	-1485.019	-1585.586	100.5668	1.393279	0.380903	0.619097	1.904561
3954	-1497.471	-1598.626	101.155	1.454139	0.483275	0.516725	1.440382
3960	-1494.648	-1591.583	96.93537	0.8985384	0.37786	0.62214	4.384572
3966	-1481.456	-1577.585	96.12885	0.7096783	0.385786	0.614214	4.942117
3972	-1479.048	-1575.501	96.45302	0.6805067	0.465079	0.534921	4.777697
3978	-1476.302	-1570.774	94.47184	0.6203926	0.514344	0.485656	5.904195
3984	-1474.764	-1570.876	96.11212	0.5586957	0.507034	0.492966	5.035311
3990	-1477.418	-1572.987	95.56968	0.3545011	0.471492	0.528508	5.448019
3996	-1471.012	-1567.536	96.52417	0.657003	0.447932	0.552068	4.751079
4002	-1479.42	-1575.474	96.05443	0.6745749	0.369045	0.630955	5.002998
4008	-1472.151	-1567.11	94.95939	0.5070253	0.477332	0.522668	5.699457
4014	-1479.284	-1576.15	96.86632	0.5654597	0.447622	0.552378	4.610792
4020	-1484.899	-1582.012	97.11351	0.7904007	0.467512	0.532488	4.345047
4026	-1476.114	-1572.4	96.2853	0.5779155	0.507515	0.492485	4.928378
4032	-1475.372	-1570.841	95.4687	0.4498387	0.50966	0.49034	5.451122
4038	-1474.973	-1570.493	95.51942	0.399117	0.550075	0.449925	5.451122
4044	-1483.347	-1577.632	94.28501	0.5895068	0.566981	0.433019	6.023019
4050	-1485.366	-1581.074	95.7075	0.4887322	0.540183	0.459817	5.298036
4056	-1485.12	-1580.029	94.90824	0.456427	0.459388	0.540612	5.755202
4062	-1488.892	-1583.929	95.03763	0.6197179	0.446663	0.553337	5.594719
4068	-1492.917	-1587.926	95.00841	0.6489419	0.523477	0.476523	5.594719
4074	-1484.253	-1580.845	96.59164	0.6622436	0.595817	0.404183	4.71043
4080	-1487.121	-1582.682	95.56041	0.6493727	0.425428	0.574572	5.290554
4086	-1482.842	-1579.337	96.49491	0.5974856	0.379934	0.620066	4.800663
4092	-1484.599	-1581.205	96.60606	0.6032573	0.475754	0.524246	4.735348
4098	-1484.876	-1580.95	96.07357	0.6585857	0.499988	0.500012	5.00125
4104	-1487.331	-1584.2	96.8682	0.8205007	0.440278	0.559722	4.466423
4110	-1493.736	-1589.653	95.9167	0.4288971	0.33279	0.66721	5.215498
4116	-1493.943	-1587.372	93.42924	0.2775304	0.641237	0.358763	6.656926
4122	-1481.705	-1576.992	95.28724	0.5800715	0.572256	0.427744	5.479317
4128	-1480.706	-1577.654	96.94721	0.6683186	0.430005	0.569995	4.5076
4134	-1478.65	-1575.229	96.57953	0.6059234	0.432295	0.567705	4.748692
4140	-1483.297	-1581.041	97.74363	0.687626	0.367138	0.632862	4.045681
4146	-1481.234	-1577.745	96.51086	0.4958373	0.431949	0.568051	4.848466
4152	-1480.933	-1577.132	96.19918	0.8075152	0.465725	0.534275	4.848466
4158	-1485.249	-1581.619	96.37013	0.6365648	0.384663	0.615337	4.848466
4164	-1488.635	-1585.676	97.0405	0.6251025	0.538884	0.461116	4.479427
4170	-1480.637	-1575.381	94.74384	0.6720822	0.349295	0.650705	5.727129
4176	-1484.993	-1581.093	96.09987	0.6227383	0.421701	0.578299	5.00655
4182	-1480.07	-1577.061	96.99036	0.8365042	0.4893	0.5107	4.388546
4188	-1485.204	-1583.422	98.21813	0.7762267	0.4893	0.5107	3.7225
4194	-1486.786	-1583.702	96.91585	0.8357064	0.371688	0.628312	4.43102
4200	-1494.1	-1590.809	96.70857	0.7118573	0.575068	0.424932	4.617157
4206	-1484.389	-1580.769	96.38001	0.7193724	0.392053	0.607947	4.796761
4212	-1491.745	-1586.375	94.62987	0.6969633	0.443244	0.556756	5.775911
4218	-1471.835	-1567.359	95.52422	0.5341072	0.40695	0.59305	5.374115
4224	-1473.468	-1569.107	95.63895	0.5341072	0.449006	0.550994	5.310825
4230	-1474.792	-1569.088	94.29572	0.4702256	0.449006	0.550994	6.082192
4236	-1480.985	-1578.127	97.14129	0.6625905	0.399366	0.600634	4.401517
4242	-1473.034	-1570.529	97.49505	0.726473	0.448559	0.551441	4.165091
4248	-1478.886	-1575.553	96.66696	0.7689556	0.463442	0.536558	4.608474
4254	-1481.51	-1578.105	96.59553	0.6717369	0.429436	0.570564	4.702941
4260	-1492.446	-1588.844	96.3979	0.7799135	0.389695	0.610305	4.752956
4266	-1478.704	-1574.452	95.74812	0.7467509	0.512336	0.487664	5.132879
4272	-1486.017	-1582.475	96.45753	0.8309622	0.504363	0.495637	4.691064
4278	-1479.69	-1577.547	97.85724	0.8764928	0.363297	0.636703	3.872573
4284	-1483.849	-1579.986	96.13689	0.9214915	0.543661	0.456339	4.819639
4290	-1483.849	-1580.84	96.99143	0.6419246	0.3428	0.6572	4.497573
4296	-1483.381	-1578.275	94.89367	0.5216049	0.496968	0.503032	5.727484
4302	-1480.838	-1575.6	94.76163	0.6536373	0.454822	0.545178	5.727484
4308	-1485.045	-1580.72	95.67522	0.4503788	0.449714	0.550286	5.337018
4314	-1487.183	-1583.184	96.00101	0.4579706	0.449714	0.550286	5.15276
4320	-1483.285	-1578.972	95.68654	0.5768873	0.489134	0.510866	5.26092
4326	-1473.472	-1569.464	95.992	0.6934797	0.540193	0.459807	5.027173
4332	-1481.672	-1575.491	93.81974	0.54261	0.480428	0.519572	6.301716
4338	-1486.492	-1582.715	96.22229	0.7417129	0.483671	0.516329	4.872257
4344	-1480.606	-1577.41	96.80402	0.4867546	0.395975	0.604025	4.689787
4350	-1483.11	-1579.145	96.03482	0.6211135	0.468475	0.531525	5.043571
4356	-1494.037	-1590.149	96.11211	0.4778552	0.4345	0.5655	5.080173
4362	-1487.088	-1583.51	96.42214	0.3861989	0.456039	0.543961	4.958903
4368	-1486.126	-1582.471	96.34468	0.5456382	0.461873	0.538127	4.913295
4374	-1489.932	-1586.03	96.09859	0.5369386	0.488404	0.511596	5.054896
4380	-1488.002	-1584.403	96.40147	0.5585808	0.573954	0.426046	4.874461
4386	-1487.884	-1582.235	94.35076	0.5969459	0.36796	0.63204	5.983099
4392	-1490.506	-1585.852	95.34609	0.4102186	0.376049	0.623951	5.540355
4398	-1491.144	-1586.541	95.39654	0.4676605	0.433549	0.566451	5.481029
4404	-1498.891	-1595.211	96.32015	0.6510771	0.676054	0.323946	4.868234
4410	-1477.635	-1573.803	96.1683	0.6661625	0.488747	0.511253	4.944375
4416	-1486.023	-1582.588	96.56541	0.68848	0.449332	0.550668	4.710426
4422	-1494.135	-1592.664	98.52946	0.9459963	0.455234	0.544766	3.44291
4428	-1489.809	-1587.577	97.76739	0.6385885	0.495483	0.504517	4.060097
4434	-1477.845	-1574.691	96.84585	0.790458	0.528837	0.471163	4.495911
4440	-1475.078	-1570.381	95.30302	0.5140712	0.53053	0.46947	5.506941
4446	-1484.972	-1582.105	97.13372	0.7190407	0.308218	0.691782	4.373931
4452	-1489.293	-1584.941	95.64788	0.529437	0.551925	0.448075	5.308474
4458	-1488.618	-1584.97	96.35216	0.5180832	0.44741	0.55259	4.924467
4464	-1476.083	-1572.984	96.90065	0.7067066	0.420557	0.579443	4.512197
4470	-1487.304	-1583.102	95.79752	0.4886898	0.336706	0.663294	5.248333
4476	-1478.447	-1573.645	95.19733	0.7178465	0.526701	0.473299	5.452975
4482	-1474.154	-1569.507	95.35352	0.6391205	0.532794	0.467206	5.410314
4488	-1472.519	-1567.98	95.46077	0.3875923	0.540827	0.459173	5.489743
4494	-1476.439	-1571.842	95.40328	0.4450767	0.502778	0.497222	5.489743
4500	-1475.34	-1570.864	95.52457	0.4881748	0.551247	0.448753	5.399237
4506	-1478.763	-1574.79	96.02671	0.6247878	0.434652	0.565348	5.046036
4512	-1483.75	-1579.054	95.30363	0.6806709	0.392226	0.607774	5.414907
4518	-1474.442	-1570.232	95.78933	0.5489665	0.514145	0.485855	5.219535
4524	-1483.109	-1578.429	95.3202	0.755017	0.396908	0.603092	5.364804
4530	-1483.778	-1580.469	96.69145	0.6715296	0.375837	0.624163	4.649356
4536	-1478.692	-1574.742	96.0508	0.6613237	0.375837	0.624163	5.012375
4542	-1492.658	-1590.043	97.38488	0.8535535	0.447982	0.552018	4.15548
4548	-1486.976	-1583.349	96.3723	0.5715108	0.524391	0.475609	4.883511
4554	-1481.659	-1577.559	95.90012	0.7918828	0.578149	0.421851	5.023549
4560	-1485.024	-1580.941	95.917	0.6551945	0.543466	0.456534	5.090027
4566	-1494.767	-1590.698	95.93104	0.4787436	0.610133	0.389867	5.17999
4572	-1499.423	-1594.202	94.77924	0.4875688	0.400102	0.599898	5.80876
4578	-1491.738	-1587.493	95.75537	0.6278753	0.496155	0.503845	5.194677
4584	-1477.462	-1572.284	94.82197	0.4504053	0.414474	0.585526	5.805716
4590	-1477.646	-1573.864	96.21773	0.5541841	0.529107	0.470893	4.979155
4596	-1481.456	-1577.047	95.59138	0.4091371	0.320631	0.679369	5.405975
4602	-1480.701	-1576.113	95.41282	0.5876986	0.28139	0.71861	5.405975
4608	-1477.095	-1573.415	96.32036	0.7030293	0.364202	0.635798	4.839156
4614	-1477.908	-1573.019	95.11152	0.5145154	0.54867	0.45133	5.611907
4620	-1482.971	-1579.329	96.3586	0.5304502	0.54867	0.45133	4.914
4626	-1470.158	-1567.037	96.87904	0.5725595	0.388417	0.611583	4.599672
4632	-1483.573	-1580.554	96.98042	0.5623996	0.510386	0.489614	4.54847
4638	-1471.816	-1567.101	95.28469	0.528286	0.530654	0.469346	5.509205
4644	-1481.845	-1577.632	95.78689	0.6720958	0.530654	0.469346	5.152753
4650	-1484.148	-1580.09	95.94248	0.5004662	0.530654	0.469346	5.161637
4656	-1479.442	-1577.353	97.911	0.7683593	0.407311	0.592689	3.903774
4662	-1479.136	-1577.119	97.98308	0.830128	0.56493	0.43507	3.826907
4668	-1478.02	-1575.59	97.56989	0.7924273	0.41807	0.58193	4.08498
4674	-1474.563	-1572.606	98.04298	0.7781282	0.41807	0.58193	3.822359
4680	-1483.024	-1577.119	94.09515	0.5532503	0.439384	0.560616	6.146196
4686	-1491.712	-1585.477	93.76567	0.6325465	0.439384	0.560616	6.282235
4692	-1485.298	-1580.435	95.13754	0.5862075	0.487112	0.512888	5.558249
4698	-1479.625	-1574.815	95.19028	0.5334723	0.425311	0.574689	5.558249
4704	-1476.407	-1572.529	96.12189	0.5030815	0.435972	0.564028	5.060756
4710	-1476.963	-1572.683	95.72003	0.4874263	0.502595	0.497405	5.291837
4716	-1487.594	-1584.348	96.75367	0.6481892	0.357499	0.642501	4.62757
4722	-1482.22	-1579.118	96.89782	0.5040406	0.425258	0.574742	4.62757
4728	-1475.765	-1572.242	96.47764	0.6825795	0.415075	0.584925	4.76279
4734	-1475.939	-1573.856	97.91741	0.8291119	0.500548	0.499452	3.865229
4740	-1479.265	-1576.741	97.47556	0.8188549	0.413547	0.586453	4.123641
4746	-1491.916	-1590.631	98.71456	0.8293896	0.506913	0.493087	3.402808
4752	-1481.187	-1577.569	96.38183	0.7070215	0.466829	0.533171	4.802639
4758	-1474.823	-1569.479	94.65543	0.5227988	0.476048	0.523952	5.857201
4764	-1480.01	-1575.888	95.87768	0.3445677	0.461588	0.538412	5.283669
4770	-1474.567	-1570.24	95.67274	0.5516151	0.492772	0.507228	5.282505
4776	-1473.278	-1568.931	95.65376	0.5705917	0.564691	0.435309	5.282505
4782	-1484.696	-1580.156	95.45979	0.5280118	0.351939	0.648061	5.41298
4788	-1478.102	-1572.739	94.63711	0.5843808	0.513515	0.486485	5.83355
4794	-1494.454	-1589.235	94.78031	0.7001801	0.473374	0.526626	5.691746
4800	-1493.159	-1589.172	96.01312	0.5465979	0.599468	0.400532	5.096943
4806	-1498.645	-1594.826	96.18157	0.7080504	0.599468	0.400532	4.913681
4812	-1487.311	-1584.51	97.19961	0.8884091	0.547982	0.452018	4.240855
4818	-1489.224	-1586.573	97.34947	0.8884091	0.266975	0.733025	4.155795
4824	-1487.366	-1583.969	96.60294	0.6248385	0.511146	0.488854	4.725028
4830	-1491.534	-1587.832	96.2983	0.6207068	0.511146	0.488854	4.897325
4836	-1488.947	-1585.218	96.27066	0.6483446	0.454707	0.545293	4.897325
4842	-1485.664	-1582.842	97.17807	0.5938669	0.398753	0.601247	4.41953
4848	-1482.969	-1579.502	96.53337	0.5771154	0.422772	0.577228	4.790564
4854	-1486.263	-1582.676	96.41278	0.3628963	0.579362	0.420638	4.977062
4860	-1483.901	-1578.571	94.66948	0.3627266	0.412052	0.587948	5.936979
4866	-1483.544	-1578.641	95.09665	0.5222574	0.51682	0.48318	5.61582
4872	-1480.702	-1575.783	95.08111	0.5378031	0.537891	0.462109	5.61582
4878	-1480.014	-1576.764	96.74951	0.5196027	0.479005	0.520995	4.701909
4884	-1488.635	-1584.877	96.24214	0.6024866	0.477345	0.522655	4.938724
4890	-1481.377	-1577.619	96.24214	0.6024866	0.443432	0.556568	4.938724
4896	-1484.605	-1580.866	96.26125	0.8044151	0.549352	0.450648	4.815577
4902	-1479.291	-1576.908	97.61659	0.7963939	0.56198	0.43802	4.056103
4908	-1477.335	-1574.813	97.47858	0.6290985	0.370736	0.629264	4.229707
4914	-1473.87	-1570.521	96.65079	0.6573927	0.52235	0.47765	4.680043
4920	-1475.225	-1571.886	96.66116	0.647029	0.636075	0.363925	4.680043
4926	-1476.583	-1573.453	96.86981	0.9681184	0.417855	0.582145	4.382306
4932	-1480.494	-1576.446	95.9525	0.816688	0.612427	0.387573	4.980672
4938	-1480.763	-1577.353	96.58977	0.5367024	0.589945	0.410055	4.781635
4944	-1477.806	-1574.531	96.72457	0.6626396	0.418768	0.581232	4.635781
4950	-1475.893	-1573.044	97.15034	0.6109349	0.521535	0.478465	4.425543
4956	-1471.926	-1567.847	95.92092	0.6960855	0.499932	0.500068	5.065171
4962	-1475.349	-1570.702	95.35292	0.4844193	0.516277	0.483723	5.495807
4968	-1479.866	-1574.329	94.46275	0.6650126	0.483812	0.516188	5.884787
4974	-1481.638	-1578.888	97.24974	0.5135295	0.458745	0.541255	4.424417
4980	-1481.482	-1576.495	95.01253	0.2722178	0.405745	0.594255	5.798945
4986	-1476.914	-1573.242	96.32761	0.7033316	0.518657	0.481343	4.834948
4992	-1477.634	-1574.008	96.37443	0.6565092	0.331041	0.668959	4.834948
4998	-1476.694	-1573.324	96.63016	0.7614791	0.423172	0.576828	4.633294
5004	-1480.984	-1578.672	97.68838	0.7988569	0.423172	0.576828	4.013723
5010	-1483.538	-1578.925	95.38782	0.5726697	0.430431	0.569569	5.428023
5016	-1491.784	-1588.143	96.35859	0.6842831	0.430431	0.569569	4.828292
5022	-1495.891	-1589.524	93.63282	0.5445636	0.385877	0.614123	6.402105
5028	-1498.341	-1594.18	95.8387	0.4725073	0.453508	0.546492	5.234514
5034	-1492.79	-1587.483	94.6934	0.4372271	0.424261	0.575739	5.883221
5040	-1485.51	-1581.461	95.95137	0.2016057	0.605725	0.394275	5.32191
5046	-1482.85	-1578.276	95.42552	0.3470874	0.386702	0.613298	5.531401
5052	-1484.058	-1579.413	95.35442	0.6348615	0.39465	0.60535	5.412166
5058	-1492.221	-1587.658	95.43676	0.6348615	0.585843	0.414157	5.366786
5064	-1484.55	-1580.924	96.37408	0.5552834	0.522992	0.477008	4.891557
5070	-1481.661	-1578.793	97.13181	0.7429514	0.499559	0.500441	4.361508
5076	-1479.712	-1576.691	96.97943	0.7798806	0.442337	0.557663	4.426646
5082	-1481.816	-1577.905	96.0888	0.7040099	0.413438	0.586562	4.967538
5088	-1482.807	-1579.448	96.64138	0.5983752	0.413438	0.586562	4.718333
5094	-1487.937	-1582.609	94.67159	0.4869439	0.452728	0.547272	5.867968
5100	-1495.442	-1592.081	96.63876	0.739661	0.635769	0.364231	4.640703
5106	-1504.816	-1600.691	95.87473	0.7972276	0.512191	0.487809	5.034677
5112	-1499.285	-1597.729	98.44477	0.8499692	0.548584	0.451416	3.548353
5118	-1493.746	-1591.437	97.69085	0.6217203	0.452594	0.547406	4.113312
5124	-1499.289	-1594.712	95.42306	0.6752154	0.540989	0.459011	5.352087
5130	-1489.527	-1583.947	94.42029	0.4957978	0.464167	0.535833	6.000344
5136	-1491.182	-1588.233	97.05088	0.7482719	0.436455	0.563545	4.404181
5142	-1509.889	-1606.176	96.2879	0.2883162	0.576932	0.423068	5.087793
5148	-1500.959	-1598.979	98.02025	0.7782075	0.469743	0.530257	3.835387
5154	-1494.421	-1591.641	97.21982	0.8175635	0.356596	0.643404	4.269542
5160	-1489.671	-1585.573	95.90211	0.6936653	0.457728	0.542272	5.076949
5166	-1486.616	-1582.639	96.02259	0.528438	0.358905	0.641095	5.10176
5172	-1496.35	-1593.392	97.04175	0.6645732	0.487445	0.512555	4.456503
5178	-1494.424	-1590.943	96.51856	0.7150065	0.450115	0.549885	4.721792
5184	-1495.799	-1592.26	96.46084	0.837706	0.461534	0.538466	4.685436
5190	-1493.628	-1588.226	94.59825	0.6650088	0.41997	0.58003	5.810701
5196	-1491.844	-1588.312	96.46815	0.7897611	0.422925	0.577075	4.708178
5202	-1490.203	-1586.043	95.83997	0.6557504	0.422103	0.577897	5.132411
5208	-1490.548	-1586.453	95.90504	0.5906736	0.589306	0.410694	5.132411
5214	-1490.389	-1586.15	95.76117	0.5212516	0.589306	0.410694	5.250426
5220	-1482.924	-1577.976	95.05168	0.5076785	0.369261	0.630739	5.648498
5226	-1479.237	-1574.961	95.72418	0.6085279	0.498418	0.501582	5.222626
5232	-1478.753	-1574.501	95.74804	0.5846704	0.462292	0.537708	5.222626
5238	-1478.595	-1573.631	95.03642	0.4574293	0.52813	0.47187	5.684423
5244	-1483.598	-1579.299	95.70029	0.5898107	0.52813	0.47187	5.246184
5250	-1487.822	-1582.727	94.90528	0.4364475	0.44319	0.55681	5.767762
5256	-1492.549	-1589.165	96.61643	0.4834005	0.411969	0.588031	4.796512
5262	-1488.091	-1584.539	96.44876	0.6510643	0.445777	0.554223	4.796512
5268	-1494.294	-1591.058	96.76415	0.7400348	0.502453	0.497547	4.570164
5274	-1484.864	-1581.113	96.2494	0.4000144	0.435367	0.564633	5.047193
5280	-1485.284	-1581.73	96.44585	0.6633507	0.423049	0.576951	4.791282
5286	-1480.32	-1576.825	96.50504	0.712669	0.389045	0.610955	4.730662
5292	-1484.786	-1581.492	96.70553	0.6182473	0.389045	0.610955	4.671312
5298	-1488.099	-1583.77	95.67101	0.5817335	0.400563	0.599437	5.266824
5304	-1479.844	-1576.612	96.76766	0.5820434	0.434548	0.565452	4.656796
5310	-1481.402	-1580.033	98.63101	0.9046856	0.561903	0.438097	3.407644
5316	-1484.721	-1580.934	96.21301	0.6153895	0.524793	0.475207	4.947747
5322	-1476.676	-1572.031	95.35455	0.6653721	0.433743	0.566257	5.395286
5328	-1479.167	-1575.219	96.05225	0.6029349	0.552466	0.447534	5.04399
5334	-1491.798	-1590.386	98.58876	0.9967349	0.511189	0.488811	3.378442
5340	-1479.608	-1578.547	98.9394	0.9791361	0.455166	0.544834	3.181966
5346	-1488.393	-1587.131	98.73825	0.98194	0.422886	0.577114	3.299231
5352	-1483.474	-1582.985	99.51165	1.256898	0.422886	0.577114	2.669076
5358	-1481.528	-1580.82	99.29223	1.202156	0.442641	0.557359	2.836593
5364	-1482.757	-1582.544	99.78678	1.225373	0.442641	0.557359	2.518169
5370	-1488.112	-1586.131	98.0185	1.218695	0.373978	0.626022	3.58182
5376	-1485.601	-1583.305	97.70394	0.8850495	0.468646	0.531354	3.955547
5382	-1480.342	-1578.743	98.40058	0.833333	0.533591	0.466409	3.583726
5388	-1479.233	-1577.139	97.90552	0.8830207	0.471623	0.528377	3.84109
5394	-1493.997	-1591.36	97.36315	0.8436435	0.530562	0.469438	4.173457
5400	-1481.976	-1579.782	97.80517	0.6658351	0.608008	0.391992	4.022994
5406	-1483.098	-1579.908	96.80986	0.9390974	0.429684	0.570316	4.432485
5412	-1483.431	-1580.454	97.02263	0.7277582	0.481348	0.518652	4.431677
5418	-1481.785	-1577.444	95.65926	0.735584	0.521392	0.478608	5.188258
5424	-1495.805	-1591.501	95.696	0.8123454	0.409686	0.590314	5.125417
5430	-1488.637	-1585.835	97.19804	0.822653	0.509099	0.490901	4.278993
5436	-1490.011	-1586.529	96.51793	0.7516945	0.509099	0.490901	4.701622
5442	-1495.502	-1595.87	100.3684	1.354172	0.528193	0.471807	2.063336
5448	-1490.834	-1591.813	100.9786	1.364059	0.357774	0.642226	1.637853
5454	-1496.282	-1597.275	100.9933	1.457512	0.471211	0.528789	1.559112
5460	-1501.018	-1602.325	101.3069	1.634089	0.639281	0.360719	1.170826
5466	-1494.973	-1596.221	101.2482	1.808241	0.44398	0.55602	1.066432
5472	-1489.079	-1590.489	101.4096	1.646808	0.546965	0.453035	1.066432
5478	-1501.684	-1603.146	101.4618	1.646808	0.49196	0.50804	1.016192
5484	-1488.538	-1589.635	101.0975	1.592126	0.466909	0.533091	1.377989
5490	-1478.374	-1579.513	101.1394	1.684198	0.477101	0.522899	1.270328
5496	-1481.018	-1582.43	101.4118	1.791526	0.363053	0.636947	0.9180783
5502	-1489.088	-1590.438	101.3504	1.704005	0.447337	0.552663	1.068313
5508	-1482.707	-1584.056	101.3489	1.676028	0.322898	0.677102	1.09571
5514	-1490.272	-1585.27	94.99846	0.504746	0.594091	0.405909	5.67929
5520	-1487.37	-1582.187	94.81716	0.5151271	0.503692	0.496308	5.772928
5526	-1493.621	-1588.193	94.57237	0.7599223	0.382586	0.617414	5.772928
5532	-1484.285	-1579.86	95.57517	0.6769619	0.429961	0.570039	5.267159
5538	-1481.854	-1577.58	95.72646	0.5256801	0.433144	0.566856	5.267159
5544	-1480.189	-1576.617	96.42834	0.6164692	0.474129	0.525871	4.827211
5550	-1481.468	-1577.626	96.15772	0.6042424	0.412829	0.587171	4.984687
5556	-1485.973	-1582.232	96.25901	0.3323353	0.532687	0.467313	5.079408
5562	-1480.227	-1575.932	95.7048	0.5145299	0.498394	0.501606	5.28528
5568	-1478.224	-1573.666	95.44162	0.7887949	0.570066	0.429934	5.279156
5574	-1488.674	-1586.006	97.33195	0.7140272	0.494902	0.505098	4.264674
5580	-1484.616	-1580.392	95.77569	0.6060914	0.435113	0.564887	5.195485
5586	-1486.457	-1583.367	96.91013	0.6532782	0.445784	0.554216	4.536901
5592	-1493.945	-1589.923	95.97801	0.8575857	0.562648	0.437352	4.943748
5598	-1493.779	-1591.195	97.41642	0.8950394	0.536433	0.463567	4.113944
5604	-1492.875	-1588.583	95.70735	0.6848913	0.455771	0.544229	5.189698
5610	-1489.102	-1585.15	96.04783	0.5185726	0.529766	0.470234	5.093238
5616	-1492.957	-1586.511	93.55346	0.4358436	0.413402	0.586598	6.504041
5622	-1492.215	-1586.304	94.08889	0.7454702	0.632573	0.367427	6.04491
5628	-1498.475	-1591.72	93.24542	0.3194783	0.475518	0.524482	6.733585
5634	-1493.911	-1588.901	94.98948	0.4007192	0.476218	0.523782	5.741219
5640	-1493.124	-1587.643	94.51989	0.6220312	0.469837	0.530163	5.877049
5646	-1493.992	-1590.282	96.28998	0.7164643	0.429255	0.570745	4.848603
5652	-1495.005	-1591.821	96.81554	0.6095759	0.453507	0.546493	4.614527
5658	-1492.519	-1588.211	95.69164	0.4828434	0.438029	0.561971	5.31004
5664	-1488.772	-1585.591	96.81913	0.6123834	0.554863	0.445137	4.61094
5670	-1484.962	-1581.504	96.54206	0.6102062	0.361108	0.638892	4.767231
5676	-1486.264	-1581.022	94.75792	0.5533484	0.385133	0.614867	5.784432
5682	-1480.793	-1575.799	95.00585	0.3054245	0.393605	0.606395	5.784432
5688	-1483.352	-1578.383	95.03053	0.580255	0.393605	0.606395	5.620279
5694	-1479.654	-1574.779	95.12528	0.4855034	0.430086	0.569914	5.620279
5700	-1481.191	-1577.19	95.99943	0.5901302	0.466965	0.533035	5.080398
5706	-1494.074	-1590.259	96.18518	0.5901302	0.51456	0.48544	4.977268
5712	-1486.43	-1582.351	95.92106	0.6867034	0.270318	0.729682	5.070297
5718	-1482.784	-1578.178	95.39344	0.4805818	0.315327	0.684673	5.475622
5724	-1479.291	-1574.579	95.28786	0.586166	0.388682	0.611318	5.475622
5730	-1480.265	-1578.14	97.87538	0.6435457	0.506399	0.493601	3.995619
5736	-1494.566	-1592.51	97.94358	1.056359	0.522613	0.477387	3.719279
5742	-1497.874	-1593.959	96.08466	0.7134045	0.420518	0.579482	4.964617
5748	-1497.695	-1594.52	96.82496	0.6149223	0.509339	0.490661	4.606247
5754	-1491.071	-1587.296	96.22543	0.7317278	0.509339	0.490661	4.876073
5760	-1490.861	-1587.05	96.18907	0.7680878	0.42743	0.57257	4.876073
5766	-1505.672	-1603.986	98.31393	0.8651834	0.532091	0.467909	3.615548
5772	-1489.538	-1584.173	94.63515	0.5987176	0.437975	0.562025	5.826782
5778	-1478.038	-1572.699	94.66117	0.5726967	0.437975	0.562025	5.826782
5784	-1481.409	-1575.985	94.5753	0.5932018	0.429947	0.570053	5.862519
5790	-1485.602	-1582.397	96.79582	0.8671716	0.537495	0.462505	4.480898
5796	-1483.892	-1581.209	97.31661	0.8778518	0.667728	0.332272	4.180464
5802	-1492.074	-1587.132	95.05763	0.4909808	0.600245	0.399755	5.65439
5808	-1488.221	-1582.689	94.46748	0.5336841	0.524123	0.475877	5.953925
5814	-1476.56	-1571.924	95.36434	0.4865667	0.387116	0.612884	5.488344
5820	-1478.289	-1574.384	96.09524	0.5680129	0.42542	0.57458	5.039511
5826	-1486.991	-1582.024	95.03278	0.6079695	0.358978	0.641022	5.60383
5832	-1493.581	-1588.259	94.67825	0.3444539	0.441536	0.558464	5.942164
5838	-1485.048	-1579.337	94.28959	0.7331225	0.570257	0.429743	5.942164
5844	-1480.205	-1576.111	95.90639	0.5068438	0.39489	0.60511	5.178084
5850	-1482.74	-1578.583	95.8434	0.6992871	0.502053	0.497947	5.106383
5856	-1493.485	-1587.906	94.42079	0.4753323	0.449357	0.550643	6.011236
5862	-1481.723	-1577.745	96.02205	0.5855337	0.456026	0.543974	5.070398
5868	-1484.824	-1580.882	96.05736	0.7809918	0.416867	0.583133	4.942211
5874	-1484.221	-1580.289	96.06778	0.5516899	0.533405	0.466595	5.063803
5880	-1486.227	-1582.66	96.43335	0.3602813	0.370873	0.629127	4.967082
5886	-1485.772	-1581.875	96.1039	0.9141431	0.50785	0.49215	4.842137
5892	-1478.74	-1575.409	96.66896	0.7102468	0.50785	0.49215	4.640264
5898	-1476.734	-1572.978	96.24409	0.6768814	0.451995	0.548005	4.896229
5904	-1480.494	-1577.016	96.52179	0.5537042	0.370471	0.629529	4.810096
5910	-1486.402	-1581.951	95.5487	0.6628793	0.382787	0.617213	5.28956
5916	-1486.471	-1583.214	96.74349	0.6628793	0.439164	0.560836	4.625042
5922	-1485.703	-1580.797	95.0938	0.5653417	0.559576	0.440424	5.593736
5928	-1495.418	-1591.469	96.05061	0.408152	0.381823	0.618177	5.152878
5934	-1478.004	-1573.962	95.95796	0.6750139	0.539059	0.460941	5.056311
5940	-1479.882	-1576.369	96.48659	0.6643687	0.611903	0.388097	4.767965
5946	-1484.919	-1581.121	96.20172	0.7253222	0.591995	0.408005	4.89285
5952	-1488.113	-1583.92	95.80664	0.7253222	0.403082	0.596918	5.112328
5958	-1484.645	-1580.318	95.67222	0.7185937	0.467544	0.532456	5.19049
5964	-1489.448	-1585.115	95.6674	0.7234145	0.606574	0.393426	5.19049
5970	-1494.564	-1590.412	95.84826	0.6051046	0.525057	0.474943	5.155865
5976	-1491.025	-1585.217	94.19234	0.4987316	0.48163	0.51837	6.122969
5982	-1489.995	-1584.111	94.11562	0.6024923	0.553264	0.446736	6.108247
5988	-1482.039	-1576.906	94.86659	0.5244152	0.467689	0.532311	5.740775
5994	-1478.175	-1574.838	96.66348	0.6561943	0.525346	0.474654	4.67361
6000	-1485.238	-1582.715	97.47622	0.6236179	0.351483	0.648517	4.234154
6006	-1482.048	-1578.883	96.83503	0.7187963	0.509849	0.490151	4.542281
6012	-1479.903	-1575.541	95.63747	0.6239959	0.432582	0.567418	5.262005
6018	-1491.387	-1588.612	97.22446	0.7660961	0.433638	0.566362	4.296051
6024	-1484.474	-1579.72	95.24562	0.5751108	0.522381	0.477619	5.504942
6030	-1481.691	-1578.222	96.53068	0.6668872	0.496594	0.503406	4.741921
6036	-1491.694	-1588.011	96.31703	0.8805318	0.496594	0.503406	4.741921
6042	-1481.104	-1579.156	98.05264	0.8152013	0.425469	0.574531	3.795462
6048	-1488.624	-1586.481	97.85627	0.8709259	0.54441	0.45559	3.876326
6054	-1481.458	-1579.239	97.78061	0.8226677	0.406939	0.593061	3.947366
6060	-1494.39	-1591.1	96.70983	0.9224363	0.441803	0.558197	4.498187
6066	-1482.995	-1580.941	97.94596	0.8707449	0.477309	0.522691	3.824892
6072	-1479.095	-1575.803	96.70798	0.8071542	0.392196	0.607804	4.564016
6078	-1487.419	-1582.879	95.4604	0.6118831	0.582857	0.417143	5.366422
6084	-1484.685	-1580.913	96.22783	0.5907422	0.527087	0.472913	4.953216
6090	-1488.869	-1584.684	95.81484	0.7096741	0.49422	0.50578	5.116458
6096	-1489.709	-1585.699	95.99014	0.5343713	0.598465	0.401535	5.116458
6102	-1482.289	-1578.641	96.35218	0.8249351	0.452836	0.547164	4.753351
6108	-1485.485	-1583.059	97.57483	0.7269544	0.452836	0.547164	4.119449
6114	-1490.608	-1587.042	96.43381	0.6496657	0.51679	0.48321	4.805637
6120	-1485.279	-1580.225	94.94626	0.5019065	0.474572	0.525428	5.709461
6126	-1485.375	-1579.543	94.16836	0.6113069	0.404233	0.595767	6.074713
6132	-1481.527	-1576.373	94.84669	0.7365853	0.424021	0.575979	5.635379
6138	-1483.278	-1579.378	96.09983	0.6357013	0.589935	0.410065	4.99937
6144	-1482.237	-1578.07	95.83351	0.7009929	0.589935	0.410065	5.110922
6150	-1481.019	-1577.107	96.08828	0.5489704	0.464848	0.535152	5.053939
6156	-1481.954	-1577.972	96.01796	0.6802458	0.36008	0.63992	5.020106
6162	-1487.689	-1582.655	94.96589	0.7124306	0.356109	0.643891	5.583201
6168	-1482.241	-1577.876	95.63454	0.8362514	0.564224	0.435776	5.146218
6174	-1490.878	-1589.152	98.27393	1.114895	0.502354	0.497646	3.493524
6180	-1488.922	-1586.92	97.99756	0.8312937	0.469472	0.530528	3.817908
6186	-1492.527	-1588.194	95.66708	0.8730904	0.577944	0.422056	5.10778
6192	-1484.128	-1580.916	96.78842	0.7822327	0.352097	0.647903	4.53283
6198	-1485.814	-1583.075	97.26088	0.9807516	0.553144	0.446856	4.153662
6204	-1482.729	-1580.202	97.47227	0.7693593	0.537205	0.462795	4.153662
6210	-1491.935	-1589.841	97.90616	1.050749	0.386775	0.613225	3.744123
6216	-1488.234	-1584.933	96.69944	0.7334567	0.463281	0.536719	4.610163
6222	-1469.513	-1565.221	95.70882	0.6809663	0.500884	0.499116	5.191058
6228	-1472.796	-1568.098	95.30175	0.4186553	0.487613	0.512387	5.560085
6234	-1473.635	-1569.361	95.72592	0.6973614	0.486442	0.513558	5.172523
6240	-1480.741	-1578.381	97.64067	0.6963011	0.523952	0.476048	4.099419
6246	-1484.301	-1581.839	97.53748	0.7994922	0.48163	0.51837	4.099419
6252	-1479.701	-1577.413	97.71249	0.8843088	0.48163	0.51837	3.951075
6258	-1480.724	-1576.641	95.91675	0.7107336	0.456315	0.543685	5.05936
6264	-1481.03	-1579.33	98.30056	0.7485085	0.483961	0.516039	3.69088
6270	-1481.312	-1577.958	96.64572	0.4782182	0.425934	0.574066	4.78305
6276	-1486.92	-1582.52	95.60004	0.5971635	0.425934	0.574066	5.297499
6282	-1487.803	-1585.183	97.37925	0.8259824	0.401571	0.598429	4.174346
6288	-1482.75	-1579.019	96.26896	0.6889001	0.491202	0.508798	4.875684
6294	-1486.202	-1580.847	94.64486	0.5635447	0.479335	0.520665	5.840705
6300	-1483.647	-1580.039	96.39164	0.5687333	0.341613	0.658387	4.874281
6306	-1479.443	-1575.599	96.15589	0.7807807	0.341613	0.658387	4.887484
6312	-1471.302	-1569.022	97.71937	0.7528695	0.507399	0.492601	4.022287
6318	-1479.551	-1578.288	98.73646	0.8797358	0.504928	0.495072	3.360417
6324	-1479.851	-1576.927	97.07622	0.5960592	0.5199	0.4801	4.475673
6330	-1493.047	-1589.646	96.59895	0.8645379	0.528068	0.471932	4.593007
6336	-1488.629	-1584.968	96.33908	0.5915589	0.464989	0.535011	4.890844
6342	-1488.818	-1585.301	96.48275	0.52483	0.476551	0.523449	4.84797
6348	-1484.314	-1582.048	97.73432	0.8584146	0.505836	0.494164	3.953403
6354	-1481.865	-1578.921	97.05541	0.8710164	0.498875	0.501125	4.332319
6360	-1482.956	-1578.196	95.23969	0.7088391	0.588255	0.411745	5.434609
6366	-1494.651	-1590.496	95.84458	0.4766102	0.378695	0.621305	5.228998
6372	-1490.881	-1586.425	95.54415	0.650063	0.479573	0.520427	5.299146
6378	-1483.244	-1579.142	95.89769	0.4586271	0.421655	0.578345	5.209572
6384	-1486.79	-1581.947	95.15721	0.5260112	0.522069	0.477931	5.580511
6390	-1481.098	-1577.233	96.13479	0.6454488	0.522069	0.477931	4.974527
6396	-1481.206	-1577.001	95.79462	0.5001447	0.337624	0.662376	5.243603
6402	-1472.311	-1567.485	95.17402	0.5435099	0.363551	0.636449	5.561663
6408	-1479.645	-1573.135	93.49004	0.4511409	0.590848	0.409152	6.530105
6414	-1479.682	-1573.115	93.43258	0.508595	0.463896	0.536104	6.530105
6420	-1482.388	-1576.134	93.74635	0.2529385	0.488119	0.511881	6.498632
6426	-1472.784	-1568.874	96.09053	0.487696	0.572631	0.427369	5.086681
6432	-1478.274	-1572.648	94.3739	0.6926438	0.382955	0.617045	5.918231
6438	-1491.348	-1588.077	96.7288	0.675548	0.569059	0.430941	4.626173
6444	-1483.205	-1580.3	97.09469	0.8100919	0.44345	0.55655	4.344555
6450	-1475.569	-1569.946	94.37767	0.4905635	0.493076	0.506924	6.026443
6456	-1469.282	-1565.021	95.73835	0.5005556	0.476766	0.523234	5.274468
6462	-1472.967	-1567.05	94.08212	0.4647501	0.53879	0.46121	6.201439
6468	-1482.072	-1576.987	94.91484	0.5407814	0.53879	0.46121	5.705376
6474	-1482.408	-1578.154	95.74557	0.5092391	0.526242	0.473758	5.265684
6480	-1495.841	-1592.438	96.59679	0.7552095	0.700085	0.299915	4.655505
6486	-1497.458	-1594.575	97.11605	0.7747521	0.401933	0.598067	4.352449
6492	-1486.41	-1583.234	96.82407	0.6725836	0.422706	0.577294	4.574394
6498	-1486.043	-1581.813	95.77038	0.5070277	0.585438	0.414562	5.253198
6504	-1488.29	-1583.739	95.44873	0.5299785	0.357497	0.642503	5.417991
6510	-1482.833	-1577.188	94.35455	0.4103773	0.570401	0.429599	6.082744
6516	-1481.519	-1576.411	94.89244	0.4543266	0.482273	0.517727	5.765002
6522	-1477.798	-1573.708	95.90927	0.3921488	0.493861	0.506139	5.239928
6528	-1483.52	-1579.194	95.67354	0.3953533	0.535451	0.464549	5.36829
6534	-1485.863	-1581.624	95.76086	0.6656195	0.423346	0.576654	5.170751
6540	-1476.127	-1572.542	96.41489	0.7309096	0.507814	0.492186	4.770841
6546	-1488.947	-1585.246	96.29929	0.611097	0.534485	0.465515	4.902124
6552	-1482.297	-1577.255	94.95796	0.4961162	0.454491	0.545509	5.70622
6558	-1488.508	-1586.763	98.25484	0.9104478	0.517481	0.482519	3.623569
6564	-1494.573	-1592.662	98.0887	0.9341566	0.484877	0.515123	3.706034
6570	-1490.049	-1588.149	98.09957	0.8147609	0.540221	0.459779	3.768681
6576	-1491.965	-1589.125	97.15958	0.6924916	0.582578	0.417422	4.374324
6582	-1481.781	-1578.241	96.45995	0.5701743	0.374578	0.625422	4.8354
6588	-1484.655	-1580.36	95.70434	0.4921131	0.384591	0.615409	5.297911
6594	-1489.154	-1584.842	95.68825	0.4795956	0.375456	0.624544	5.313706
6600	-1484.864	-1580.692	95.82837	0.4868183	0.481157	0.518843	5.232316
6606	-1475.797	-1571.503	95.70594	0.618667	0.425442	0.574558	5.227107
6612	-1498.187	-1593.637	95.45046	0.6917688	0.649987	0.350013	5.32784
6618	-1503.099	-1598.05	94.95097	0.7388436	0.685696	0.314304	5.576893
6624	-1481.694	-1577.725	96.03082	0.4356475	0.449117	0.550883	5.148611
6630	-1480.456	-1576.666	96.20927	0.4155873	0.533034	0.466966	5.060816
6636	-1475.953	-1570.668	94.71433	0.4155873	0.451031	0.548969	5.883607
6642	-1481.236	-1577.336	96.10035	0.6436623	0.590918	0.409082	4.994661
6648	-1485.44	-1581.084	95.64474	0.5015643	0.496088	0.503912	5.325589
6654	-1487.472	-1584.418	96.94582	0.6318655	0.351082	0.648918	4.528876
6660	-1482.555	-1576.157	93.60252	0.4213139	0.351082	0.648918	6.485338
6666	-1473.234	-1569.107	95.87302	0.4522665	0.5505	0.4495	5.226734
6672	-1476.716	-1573.874	97.15799	0.8404208	0.430438	0.569562	4.291608
6678	-1486.542	-1584.761	98.21949	0.8307268	0.56037	0.43963	3.690214
6684	-1485.716	-1579.766	94.04955	0.7049472	0.658628	0.341372	6.088428
6690	-1479.655	-1575.464	95.80905	0.519699	0.586054	0.413946	5.224817
6696	-1477.641	-1573.739	96.0984	0.5047919	0.34828	0.65172	5.072834
6702	-1471.896	-1567.505	95.60889	0.7651919	0.58082	0.41918	5.199744
6708	-1474.791	-1570.699	95.90742	0.575567	0.50603	0.49397	5.139464
6714	-1477.975	-1573.807	95.83247	0.6046813	0.591517	0.408483	5.164846
6720	-1479.276	-1575.325	96.04866	0.5882882	0.359002	0.640998	5.054107
6726	-1483.805	-1581.488	97.68234	0.8218179	0.442079	0.557921	4.004056
6732	-1485.215	-1582.843	97.62757	0.8765897	0.564164	0.435836	4.004056
6738	-1488.255	-1585.175	96.92048	0.5448609	0.55037	0.44963	4.591964
6744	-1487.957	-1583.951	95.99489	0.5137841	0.411255	0.588745	5.125234
6750	-1486.101	-1582.402	96.30034	0.6858768	0.411255	0.588745	4.859878
6756	-1491.899	-1588.64	96.74072	0.6138718	0.601684	0.398316	4.654057
6762	-1482.321	-1578.98	96.65891	0.8559678	0.36222	0.63778	4.56416
6768	-1480.353	-1577.686	97.33318	0.8705893	0.443385	0.556615	4.175176
6774	-1480.197	-1577.411	97.21414	0.989629	0.46131	0.53869	4.175176
6780	-1483.927	-1582.269	98.34205	0.9620178	0.46131	0.53869	3.542922
6786	-1485.245	-1582.777	97.53198	0.7302178	0.39295	0.60705	4.141969
6792	-1489.056	-1585.469	96.41309	0.8134635	0.520427	0.479573	4.725714
6798	-1485.146	-1580.744	95.59857	0.6870077	0.515885	0.484115	5.248682
6804	-1479.886	-1574.343	94.45679	0.4707653	0.322454	0.677546	5.99409
6810	-1492.47	-1589.066	96.59552	0.6100307	0.5094	0.4906	4.737454
6816	-1500.366	-1598.629	98.26372	0.8364158	0.526641	0.473359	3.661324
6822	-1488.426	-1586.628	98.20164	0.9340651	0.514196	0.485804	3.640719
6828	-1497.696	-1596.461	98.76435	1.058904	0.484195	0.515805	3.23839
6834	-1481.148	-1579.133	97.9844	0.8131139	0.469323	0.530677	3.835931
6840	-1481.524	-1577.631	96.10689	0.6650345	0.505927	0.494073	4.979149
6846	-1488.604	-1585.888	97.28408	0.70028	0.345961	0.654039	4.299559
6852	-1492.999	-1590.413	97.41442	0.834129	0.322075	0.677925	4.149728
6858	-1486.717	-1583.32	96.60289	0.7565929	0.493407	0.506593	4.651316
6864	-1483.365	-1579.716	96.35108	0.6336478	0.575771	0.424229	4.860709
6870	-1481.523	-1576.736	95.21267	0.681974	0.354259	0.645741	5.464276
6876	-1479.636	-1576.432	96.79552	0.5547922	0.446084	0.553916	4.656453
6882	-1474.599	-1570.605	96.00639	0.6090515	0.446084	0.553916	5.066043
6888	-1482.883	-1578.839	95.95571	0.6597232	0.481391	0.518609	5.066043
6894	-1486.186	-1581.102	94.9163	0.5501754	0.439152	0.560848	5.699428
6900	-1484.26	-1579.335	95.07412	0.631984	0.527747	0.472253	5.567941
6906	-1491.071	-1586.572	95.50112	0.4003315	0.550091	0.449909	5.460531
6912	-1482.435	-1579.523	97.08799	0.5087109	0.508376	0.491624	4.518187
6918	-1484.727	-1580.547	95.81969	0.6512757	0.510767	0.489233	5.146121
6924	-1486.647	-1582.946	96.2991	0.6053413	0.536916	0.463084	4.90543
6930	-1489.886	-1586.041	96.15431	0.7501354	0.313917	0.686083	4.90543
6936	-1493.4	-1589.368	95.96753	0.8293057	0.561851	0.438149	4.965301
6942	-1493.946	-1589.565	95.61921	0.6328261	0.517762	0.482238	5.267215
6948	-1495.854	-1590.724	94.86928	0.6735242	0.319597	0.680403	5.657575
6954	-1487.2	-1584.267	97.06669	0.8699355	0.42332	0.57668	4.326555
6960	-1495.809	-1591.927	96.1172	0.4721808	0.621064	0.378936	5.080493
6966	-1485.995	-1581.318	95.32312	0.4923036	0.514779	0.485221	5.507858
6972	-1492.268	-1587.562	95.2936	0.5218279	0.514779	0.485221	5.507858
6978	-1493.132	-1589.359	96.22713	0.6270543	0.412369	0.587631	4.933406
6984	-1488.507	-1585.389	96.88184	0.8491809	0.515286	0.484714	4.44259
6990	-1480.255	-1577.302	97.04741	0.7919356	0.49998	0.50002	4.381506
6996	-1486.549	-1583.445	96.89571	0.8296231	0.497492	0.502508	4.445793
7002	-1488.338	-1583.768	95.42991	0.5293915	0.474079	0.525921	5.428677
7008	-1475.635	-1573.368	97.73288	0.7191575	0.510514	0.489486	4.033819
7014	-1480.46	-1578.553	98.09236	0.8962674	0.480974	0.519026	3.725811
7020	-1479.969	-1576.952	96.98358	0.5795299	0.50737	0.49263	4.537065
7026	-1491.297	-1587.345	96.04795	0.7087206	0.489446	0.510554	4.987625
7032	-1491.546	-1588.849	97.30314	0.5765498	0.471193	0.528807	4.358729
7038	-1485.939	-1582.505	96.56572	0.7399505	0.471193	0.528807	4.68145
7044	-1483.349	-1579.829	96.48014	0.8255315	0.526844	0.473156	4.68145
7050	-1481.794	-1578.614	96.81992	0.6704736	0.514215	0.485785	4.577903
7056	-1478.727	-1574.358	95.63139	0.5714099	0.499329	0.500671	5.294408
7062	-1479.141	-1574.583	95.44247	0.4803023	0.561628	0.438372	5.448791
7068	-1481.589	-1576.674	95.08487	0.4657137	0.460571	0.539429	5.653309
7074	-1485.736	-1581.054	95.31806	0.5335544	0.439119	0.560881	5.487953
7080	-1478.559	-1574.112	95.55241	0.4338435	0.532656	0.467344	5.413834
7086	-1477.931	-1573.679	95.74856	0.4977697	0.35532	0.64468	5.270368
7092	-1474.978	-1571.159	96.18146	0.5159836	0.582649	0.417351	5.020529
7098	-1484.641	-1581.452	96.81125	0.5316592	0.391273	0.608727	4.660601
7104	-1481.792	-1576.312	94.52035	0.5478679	0.575473	0.424527	5.917315
7110	-1486.307	-1581.596	95.28887	0.3380266	0.451428	0.548572	5.611438
7116	-1507.645	-1605.051	97.40626	0.7587811	0.422534	0.577466	4.197167
7122	-1495.991	-1593.158	97.16716	0.6327473	0.35291	0.64709	4.403759
7128	-1487.335	-1585.027	97.69262	0.6488569	0.459108	0.540892	4.096856
7134	-1480.523	-1577.881	97.35728	0.9841907	0.480289	0.519711	4.096856
7140	-1490.762	-1587.119	96.35654	0.5980803	0.548524	0.451476	4.877489
7146	-1479.861	-1574.546	94.68433	0.7073112	0.556024	0.443976	5.740426
7152	-1477.921	-1572.22	94.29863	0.6595367	0.384315	0.615685	5.977392
7158	-1473.47	-1568.381	94.91099	0.6523877	0.568535	0.431465	5.646294
7164	-1479.882	-1576.801	96.91918	0.7299639	0.401279	0.598721	4.488692
7170	-1478.625	-1573.98	95.35479	0.6743562	0.50768	0.49232	5.390199
7176	-1480.996	-1576.487	95.4916	0.7733061	0.447023	0.552977	5.260106
7182	-1474.871	-1570.342	95.47163	0.5202776	0.486194	0.513806	5.410716
7188	-1479.198	-1575.667	96.46971	0.7336022	0.321483	0.678517	4.738707
7194	-1478.131	-1575.505	97.37416	0.8738662	0.44897	0.55103	4.150023
7200	-1477.491	-1574.844	97.35343	0.8334162	0.497299	0.502701	4.184787
7206	-1477.677	-1575.573	97.89528	0.7929007	0.484236	0.515764	3.898712
7212	-1496.846	-1593.434	96.58864	0.8892803	0.537757	0.462243	4.584906
7218	-1503.935	-1600.581	96.64604	0.7167492	0.660771	0.339229	4.649465
7224	-1494.073	-1590.636	96.56263	0.6214131	0.451476	0.548524	4.749475
7230	-1491.792	-1587.346	95.55327	0.8101693	0.500395	0.499605	5.205631
7236	-1487.021	-1583.751	96.73025	0.6830937	0.532605	0.467395	4.621129
7242	-1493.366	-1588.895	95.52902	0.680174	0.376075	0.623925	5.290875
7248	-1481.573	-1577.818	96.24502	0.4588636	0.376075	0.623925	5.016951
7254	-1486.539	-1582.087	95.54791	0.4139771	0.401821	0.598179	5.427257
7260	-1491.18	-1586.693	95.5133	0.5727891	0.418544	0.581456	5.358807
7266	-1498.432	-1594.295	95.86325	0.6595937	0.418544	0.581456	5.117379
7272	-1491.489	-1588.583	97.09451	0.6752815	0.494586	0.505414	4.420738
7278	-1491.688	-1588.763	97.07583	0.6939621	0.469874	0.530126	4.420738
7284	-1497.859	-1594.347	96.48745	0.6526575	0.530269	0.469731	4.774024
7290	-1476.816	-1572.177	95.36072	0.5834454	0.519883	0.480117	5.437013
7296	-1489.88	-1586.099	96.21886	0.6000254	0.36798	0.63202	4.953042
7302	-1487.876	-1584.011	96.13511	0.6837723	0.36798	0.63202	4.953042
7308	-1495.76	-1593.028	97.26804	0.8908837	0.351525	0.648475	4.200639
7314	-1496.451	-1595.772	99.3208	1.222852	0.523754	0.476246	2.806652
7320	-1489.88	-1588.88	99.00044	1.053021	0.533332	0.466668	3.10173
7326	-1494.56	-1594.11	99.54994	1.22809	0.394088	0.605912	2.663236
7332	-1492.906	-1587.512	94.60574	0.4676641	0.422969	0.577031	5.914479
7338	-1486.755	-1583.451	96.69642	0.6468348	0.409762	0.590238	4.660404
7344	-1483.665	-1579.084	95.419	0.8272261	0.409762	0.590238	5.270422
7350	-1479.113	-1573.293	94.17948	0.5695857	0.545719	0.454281	6.091386
7356	-1479.052	-1573.813	94.76079	0.717657	0.528787	0.471213	5.692865
7362	-1482.865	-1578.44	95.57501	0.5952855	0.473157	0.526843	5.312349
7368	-1495.178	-1591.598	96.42008	0.5952855	0.450964	0.549036	4.843629
7374	-1474.924	-1571.418	96.49477	0.5205994	0.526074	0.473926	4.843629
7380	-1474.288	-1568.037	93.74936	0.6609988	0.407104	0.592896	6.275643
7386	-1477.235	-1572.424	95.18925	0.6571138	0.407104	0.592896	5.490842
7392	-1480.116	-1576.63	96.51414	0.6665898	0.547818	0.452182	4.75133
7398	-1481.963	-1578.074	96.11087	0.5327796	0.547818	0.452182	5.050388
7404	-1480.402	-1576.335	95.93264	0.7110168	0.441643	0.558357	5.050388
7410	-1485.09	-1582.114	97.02322	0.855454	0.427439	0.572561	4.359298
7416	-1489.659	-1586.54	96.88113	0.8805017	0.551371	0.448629	4.425341
7422	-1485.727	-1582.666	96.93934	0.8459667	0.447828	0.552172	4.411991
7428	-1480.68	-1576.541	95.8606	0.6179929	0.447828	0.552172	5.141898
7434	-1483.455	-1580.884	97.42862	0.8334859	0.368619	0.631381	4.142023
7440	-1486.357	-1583.397	97.0402	0.9409729	0.50239	0.49761	4.301363
7446	-1492.218	-1589.707	97.48899	0.8334448	0.427353	0.572647	4.107695
7452	-1484.253	-1579.352	95.09825	0.5608682	0.43866	0.56134	5.593746
7458	-1490.282	-1584.99	94.70813	0.6777444	0.440136	0.559864	5.743584
7464	-1487.205	-1583.062	95.85697	0.7136309	0.473908	0.526092	5.090911
7470	-1481.496	-1578.736	97.2405	0.6702379	0.524279	0.475721	4.341189
7476	-1480.561	-1576.653	96.09186	0.6270497	0.421689	0.578311	5.008606
7482	-1479.894	-1576.507	96.61272	0.7849208	0.467584	0.532416	4.629932
7488	-1492.67	-1590.839	98.1686	0.7609668	0.647599	0.352401	3.759896
7494	-1497.151	-1594.415	97.26348	0.728883	0.32782	0.67218	4.295029
7500	-1490.073	-1585.088	95.01516	0.7110646	0.476451	0.523549	5.556889
7506	-1485.91	-1581.142	95.23167	0.552457	0.394088	0.605912	5.525065
7512	-1492.313	-1586.543	94.23028	0.5517564	0.422375	0.577625	6.073423
7518	-1495.03	-1590.834	95.8041	0.6061265	0.559259	0.440741	5.179746
7524	-1491.86	-1588.501	96.64091	0.7442	0.440495	0.559505	4.636954
7530	-1496.143	-1592.787	96.64394	0.7411718	0.496258	0.503742	4.636954
7536	-1491.144	-1585.978	94.83422	0.7147226	0.54399	0.45601	5.654212
7542	-1485.568	-1580.746	95.178	0.3541138	0.484266	0.515734	5.663439
7548	-1486.898	-1583.117	96.21896	0.5616708	0.458981	0.541019	4.974311
7554	-1493.088	-1589.385	96.297	0.4836244	0.643555	0.356445	4.974311
7560	-1506.561	-1601.877	95.31594	0.7960374	0.503834	0.496166	5.344529
7566	-1478.07	-1575.026	96.95616	0.6728944	0.503834	0.496166	4.49999
7572	-1476.212	-1572.659	96.44769	0.7353914	0.408177	0.591823	4.750016
7578	-1476.149	-1572.435	96.28656	0.685302	0.479548	0.520452	4.867878
7584	-1471.405	-1566.734	95.32921	0.6360551	0.516157	0.483843	5.425396
7590	-1481.17	-1578.44	97.26992	0.5984351	0.480179	0.519821	4.365129
7596	-1477.814	-1573.715	95.90095	0.567542	0.458971	0.541029	5.147489
7602	-1475.62	-1572.176	96.55575	0.7924845	0.430901	0.569099	4.657619
7608	-1473.018	-1569.144	96.12589	0.6630783	0.524925	0.475075	4.969674
7614	-1483.816	-1580.535	96.7185	0.6695421	0.481097	0.518903	4.635312
7620	-1476.454	-1573.346	96.89246	0.8294344	0.429428	0.570572	4.447734
7626	-1478.576	-1575.048	96.47159	0.7799612	0.487327	0.512673	4.711733
7632	-1480.897	-1577.578	96.68028	0.7348867	0.52743	0.47257	4.620108
7638	-1479.192	-1577.04	97.84803	0.9459082	0.408894	0.591106	3.837987
7644	-1477.956	-1575.989	98.03277	0.9459082	0.523286	0.476714	3.731556
7650	-1487.306	-1587.302	99.99671	0.9965171	0.346093	0.653907	2.529974
7656	-1486.264	-1586.536	100.2712	1.203861	0.452565	0.547435	2.224798
7662	-1484.862	-1581.066	96.2042	0.6354145	0.56447	0.43553	4.941513
7668	-1487.112	-1584.608	97.49631	0.6287726	0.540548	0.459452	4.219836
7674	-1478.269	-1575.911	97.64186	0.8212152	0.520982	0.479018	4.027519
7680	-1487.298	-1585.027	97.72925	0.8370441	0.453212	0.546788	3.968533
7686	-1498.356	-1596.751	98.39558	0.7442734	0.574582	0.425418	3.638314
7692	-1492.709	-1585.831	93.12199	0.4950391	0.416975	0.583025	6.705428
7698	-1483.775	-1579.231	95.4565	0.6715251	0.420725	0.579275	5.33568
7704	-1488.705	-1584.11	95.405	0.3833597	0.403047	0.596953	5.522741
7710	-1490.797	-1587.876	97.079	0.7660448	0.431805	0.568195	4.378287
7716	-1486.624	-1582.288	95.66396	0.5519268	0.428381	0.571619	5.287183
7722	-1479.876	-1574.784	94.90786	0.5369163	0.515576	0.484424	5.711317
7728	-1478.096	-1575.583	97.48685	0.8655995	0.591952	0.408048	4.090602
7734	-1484.154	-1580.774	96.62051	0.8716819	0.591952	0.408048	4.576898
7740	-1484.586	-1581.357	96.77116	0.7210267	0.57192	0.42808	4.576898
7746	-1485.992	-1580.993	95.00126	0.5105079	0.410923	0.589077	5.674597
7752	-1492.153	-1586.855	94.70212	0.5076852	0.471884	0.528116	5.83994
7758	-1494.875	-1591.782	96.90772	0.6937909	0.395068	0.604932	4.515482
7764	-1498.533	-1595.682	97.14947	0.616836	0.497527	0.502473	4.422703
7770	-1489.948	-1586.243	96.2947	0.5719005	0.386091	0.613909	4.926495
7776	-1487.443	-1584.126	96.68283	0.6417688	0.535941	0.464059	4.670853
7782	-1489.17	-1585.435	96.26466	0.6063612	0.399049	0.600951	4.924034
7788	-1493.596	-1588.016	94.41915	0.3699011	0.529733	0.470267	6.069605
7794	-1490.164	-1584.563	94.39904	0.4193831	0.389818	0.610182	6.053595
7800	-1492.397	-1589.238	96.84135	0.9534556	0.440041	0.559959	4.406633
7806	-1497.113	-1592.965	95.85288	0.7363821	0.503459	0.496541	5.080563
7812	-1489.183	-1585.353	96.17029	0.4228442	0.546627	0.453373	5.078413
7818	-1482.001	-1577.865	95.86416	0.7660134	0.616917	0.383083	5.057869
7824	-1481.574	-1576.958	95.38427	0.5535787	0.477923	0.522077	5.440495
7830	-1489.104	-1583.581	94.47731	0.5336097	0.491446	0.508554	5.948599
7836	-1480.486	-1575.535	95.04925	0.4712216	0.475775	0.524225	5.669825
7842	-1492.317	-1588.974	96.65744	0.6748605	0.361573	0.638427	4.666541
7848	-1498.794	-1596.196	97.40254	0.6043974	0.394575	0.605425	4.286783
7854	-1504.051	-1601.29	97.23878	0.7681533	0.471949	0.528051	4.286783
7860	-1494.434	-1588.368	93.93371	0.5438273	0.463508	0.536492	6.239131
7866	-1495.923	-1590.902	94.97934	0.4278281	0.433816	0.566184	5.731923
7872	-1487.872	-1582.622	94.74939	0.6577752	0.4425	0.5575	5.731923
7878	-1490.154	-1586.978	96.82489	0.7465018	0.40872	0.59128	4.532412
7884	-1499.58	-1594.858	95.27768	0.8320415	0.44763	0.55237	5.345774
7890	-1494.081	-1591.025	96.94411	0.7072777	0.519874	0.480126	4.487427
7896	-1484.751	-1581.051	96.30049	0.6890299	0.519874	0.480126	4.858038
7902	-1499.971	-1595.646	95.67492	1.032482	0.337061	0.662939	5.014999
7908	-1497.837	-1592.759	94.92194	0.7193194	0.46218	0.53782	5.60355
7914	-1498.301	-1593.335	95.03403	0.6072286	0.46218	0.53782	5.60355
7920	-1489.639	-1586.478	96.83906	0.6998434	0.46218	0.53782	4.550664
7926	-1494.019	-1589.32	95.30121	0.5161419	0.485341	0.514659	5.506796
7932	-1504.127	-1600.311	96.1832	0.5177363	0.394173	0.605827	5.018586
7938	-1499.141	-1595.257	96.11634	0.5982317	0.405622	0.594378	5.011016
7944	-1492.36	-1588.343	95.98343	0.629619	0.42268	0.57732	5.067371
7950	-1485.681	-1583.684	98.00374	0.744494	0.50146	0.49854	3.864249
7956	-1488.514	-1585.536	97.02197	0.5357292	0.515042	0.484958	4.540106
7962	-1487.735	-1584.014	96.27837	0.9766008	0.440985	0.559015	4.709822
7968	-1481.644	-1578.096	96.45214	0.6419276	0.595485	0.404515	4.799727
7974	-1486.961	-1582.658	95.69689	0.7801827	0.603895	0.396105	5.142741
7980	-1484.154	-1580.638	96.48343	0.6264639	0.48318	0.51682	4.790891
7986	-1489.185	-1583.841	94.65597	0.5502425	0.49997	0.50003	5.841901
7992	-1498.466	-1593.108	94.64239	0.371463	0.396494	0.603506	5.946997
7998	-1489.469	-1584.096	94.62768	0.3861788	0.430163	0.569837	5.946997
8004	-1485.653	-1581.222	95.56866	0.7199727	0.430163	0.569837	5.246995
8010	-1487.554	-1582.401	94.8462	0.6976351	0.514662	0.485338	5.657011
8016	-1486.73	-1583.78	97.04947	0.5103164	0.521406	0.478594	4.538933
8022	-1482.93	-1579.486	96.55567	0.5636966	0.399311	0.600689	4.785605
8028	-1478.368	-1573.262	94.89386	0.5831459	0.519107	0.480893	5.693655
8034	-1479.281	-1574.969	95.68796	0.6130477	0.519107	0.480893	5.240153
8040	-1478.113	-1574.977	96.86397	0.5870881	0.461965	0.538035	4.599978
8046	-1481.252	-1577.259	96.00723	0.7206203	0.406859	0.593141	5.003637
8052	-1478.451	-1577.112	98.66101	0.9526036	0.385773	0.614227	3.361931
8058	-1491.094	-1588.411	97.31713	0.933858	0.611993	0.388007	4.148345
8064	-1490.948	-1586.567	95.61927	0.6833976	0.562731	0.437269	5.239239
8070	-1490.796	-1585.434	94.6383	0.4978441	0.592992	0.407008	5.880204
8076	-1493.84	-1590.042	96.20138	0.7222308	0.439509	0.560491	4.89476
8082	-1500.662	-1597.313	96.65063	0.7971771	0.470344	0.529656	4.601801
8088	-1499.464	-1596.046	96.58211	0.6868971	0.391029	0.608971	4.70197
8094	-1488.655	-1584.614	95.95894	0.5583942	0.490937	0.509063	5.120432
8100	-1480.207	-1575.341	95.13464	0.6529721	0.434202	0.565798	5.523151
8106	-1472.352	-1568.605	96.25229	0.7529611	0.422381	0.577619	4.849272
8112	-1475.702	-1572.681	96.97902	0.7424766	0.422381	0.577619	4.447956
8118	-1483.676	-1582.638	98.96198	1.077217	0.395434	0.604566	3.110233
8124	-1484.19	-1581.514	97.32381	0.7710217	0.351823	0.648177	4.236995
8130	-1483.597	-1581.396	97.79902	0.8744175	0.476921	0.523079	3.907172
8136	-1482.918	-1579.186	96.26852	0.6718839	0.476921	0.523079	4.885406
8142	-1474.626	-1570.552	95.92675	0.9002268	0.449384	0.550616	4.948541
8148	-1476.332	-1570.71	94.37761	0.6214151	0.502401	0.497599	5.955095
8154	-1478.041	-1575.254	97.21328	0.7345046	0.473826	0.526174	4.320245
8160	-1489.547	-1585.826	96.27939	0.7923267	0.532435	0.467565	4.812198
8166	-1477.713	-1574.237	96.52409	0.5617123	0.574272	0.425728	4.804343
8172	-1478.517	-1574.853	96.33581	0.7755681	0.587951	0.412049	4.790066
8178	-1477.815	-1572.493	94.67733	0.5698608	0.587951	0.412049	5.819495
8184	-1478.874	-1573.491	94.61744	0.4902524	0.478108	0.521892	5.895752
8190	-1483.85	-1577.613	93.7634	0.5363537	0.40214	0.59786	6.335703
8196	-1483.411	-1578.862	95.45149	0.5268812	0.488065	0.511935	5.418176
8202	-1487.449	-1584.086	96.63714	0.5937549	0.421272	0.578728	4.723287
8208	-1489.06	-1585.851	96.79192	0.918872	0.485489	0.514511	4.453987
8214	-1477.686	-1574.632	96.94532	0.7654722	0.59885	0.40115	4.453987
8220	-1483.622	-1580.145	96.52292	0.666654	0.476788	0.523212	4.746387
8226	-1482.926	-1578.414	95.48728	0.6508031	0.437924	0.562076	5.33013
8232	-1485.965	-1582.462	96.4972	0.9396579	0.436311	0.563689	4.607944
8238	-1475.639	-1572.384	96.74509	0.9351184	0.397707	0.602293	4.471206
8244	-1483.165	-1578.98	95.81455	0.7343678	0.387497	0.612503	5.102931
8250	-1477.449	-1573.264	95.8151	0.693434	0.402778	0.597222	5.125308
8256	-1478.053	-1575.841	97.78755	0.9331733	0.639754	0.360246	3.880042
8262	-1473.432	-1570.513	97.08032	0.8482154	0.464036	0.535964	4.331126
8268	-1478.533	-1574.167	95.63441	0.8482154	0.602513	0.397487	5.139665
8274	-1483.842	-1581.917	98.07518	0.8430948	0.378964	0.621036	3.766405
8280	-1500.736	-1599.665	98.92916	0.8010759	0.518863	0.481137	3.293311
8286	-1490.154	-1586.803	96.64945	0.6978216	0.528544	0.471456	4.658155
8292	-1485.683	-1581.911	96.22823	0.7074056	0.359257	0.640743	4.888065
8298	-1486.82	-1582.357	95.53716	0.6615967	0.495023	0.504977	5.296639
8304	-1490.761	-1586.873	96.11185	0.6102476	0.43798	0.56202	5.006834
8310	-1493.873	-1590.622	96.74878	0.6206423	0.428486	0.571514	4.645745
8316	-1481.602	-1579.102	97.49965	0.8222529	0.468618	0.531382	4.107999
8322	-1481.669	-1577.578	95.90919	0.752461	0.512467	0.487533	5.040399
8328	-1485.96	-1581.916	95.95568	0.575528	0.402507	0.597493	5.112747
8334	-1477.582	-1574.925	97.3427	0.8046445	0.599565	0.400435	4.207207
8340	-1480.501	-1577.804	97.30298	0.8443668	0.47047	0.52953	4.207207
8346	-1481.6	-1578.926	97.32584	0.8215045	0.317698	0.682302	4.207207
8352	-1479.797	-1576.82	97.02248	0.7285455	0.447703	0.552297	4.43132
8358	-1483.411	-1580.58	97.16921	0.9970999	0.353309	0.646691	4.196448
8364	-1482.312	-1579.712	97.39923	0.7670786	0.369328	0.630672	4.196448
8370	-1482.735	-1579.872	97.13746	0.7326112	0.446189	0.553811	4.36416
8376	-1480.975	-1575.503	94.52764	0.636053	0.558259	0.441741	5.86515
8382	-1490.454	-1585.291	94.83631	0.7251435	0.598061	0.401939	5.647349
8388	-1480.31	-1575.84	95.5301	0.7251435	0.5208	0.4792	5.265441
8394	-1473.469	-1570.082	96.61338	0.8142318	0.449723	0.550277	4.613126
8400	-1477.635	-1574.482	96.84716	0.609145	0.424788	0.575212	4.597034
8406	-1482.19	-1579.595	97.40556	0.6155792	0.354543	0.645457	4.278739
8412	-1476.899	-1574.289	97.3903	0.7077383	0.487696	0.512304	4.235173
8418	-1482.74	-1579.227	96.48636	0.5540476	0.559269	0.440731	4.829667
8424	-1487.008	-1581.262	94.25399	0.5150903	0.514705	0.485295	6.080483
8430	-1485.121	-1580.76	95.63867	0.5021002	0.462985	0.537015	5.328646
8436	-1487.179	-1583.069	95.88952	0.760131	0.439444	0.560556	5.04706
8442	-1480.353	-1577.274	96.92075	0.7490097	0.380575	0.619425	4.477087
8448	-1478.034	-1575.327	97.29298	0.8698665	0.380575	0.619425	4.198411
8454	-1479.516	-1576.809	97.29298	0.8698665	0.434749	0.565251	4.198411
8460	-1478.754	-1574.76	96.00581	0.8164827	0.371319	0.628681	4.951143
8466	-1479.974	-1578.353	98.3783	0.7817596	0.414479	0.585521	3.6266
8472	-1476.323	-1574.519	98.196	1.082137	0.565031	0.434969	3.558012
8478	-1480.01	-1578.797	98.78651	0.8420119	0.466542	0.533458	3.353172
8484	-1487.756	-1583.953	96.19675	0.855495	0.519504	0.480496	4.823064
8490	-1489.023	-1586.588	97.56528	0.7752051	0.483719	0.516281	4.097416
8496	-1486.819	-1583.693	96.87458	0.7019433	0.438584	0.561416	4.529528
8502	-1482.16	-1577.151	94.99108	0.6174363	0.386634	0.613366	5.621525
8508	-1478.206	-1574.938	96.73198	0.748315	0.402746	0.597254	4.583574
8514	-1480.737	-1578.508	97.77057	0.9274445	0.605223	0.394777	3.893077
8520	-1489.468	-1586.447	96.97898	0.9274445	0.52096	0.47904	4.343626
8526	-1495.938	-1592.89	96.95188	0.8294144	0.412114	0.587886	4.414256
8532	-1499.421	-1596.426	97.00506	0.781807	0.468	0.532	4.411111
8538	-1492.341	-1588.909	96.56859	0.7481854	0.498935	0.501065	4.675233
8544	-1497.321	-1592.693	95.37135	0.7698587	0.489536	0.510464	5.328403
8550	-1482.41	-1579.929	97.51901	0.9460909	0.54791	0.45209	4.026365
8556	-1490.425	-1588.063	97.63797	0.8271255	0.401385	0.598615	4.026365
8562	-1489.313	-1583.531	94.21813	0.8130723	0.457668	0.542332	5.937525
8568	-1479.531	-1574.607	95.07561	0.477592	0.40751	0.59249	5.651872
8574	-1477.349	-1573.037	95.6875	0.7116544	0.429237	0.570763	5.185876
8580	-1488.021	-1583.863	95.84194	0.5157453	0.54318	0.45682	5.208815
8586	-1480.992	-1577.972	96.97992	0.687238	0.398979	0.601021	4.478551
8592	-1477.968	-1574.94	96.97216	0.6949962	0.398979	0.601021	4.478551
8598	-1488.398	-1585.256	96.85718	0.711489	0.413566	0.586434	4.533943
8604	-1484.78	-1580.338	95.55735	0.6526669	0.388155	0.611845	5.290425
8610	-1489.727	-1585.376	95.64889	0.5611242	0.351687	0.648313	5.290425
8616	-1486.214	-1581.396	95.18166	0.5426149	0.351687	0.648313	5.55796
8622	-1488.513	-1584.025	95.51231	0.640826	0.483126	0.516874	5.32182
8628	-1481.493	-1577.917	96.42347	0.6824745	0.483126	0.516874	4.793098
8634	-1493.686	-1589.941	96.2543	0.8725081	0.483126	0.516874	4.78145
8640	-1484.188	-1580.312	96.12411	0.9721116	0.429102	0.570898	4.798524
8646	-1481.691	-1577.593	95.90163	0.8518902	0.52088	0.47912	4.989376
8652	-1478.747	-1576.294	97.54716	0.6853647	0.450275	0.549725	4.158837
8658	-1484.904	-1581.263	96.35896	0.6977283	0.450275	0.549725	4.820583
8664	-1496.924	-1591.939	95.0153	0.3664974	0.590028	0.409972	5.745818
8670	-1489.922	-1584.419	94.49759	0.5586296	0.406219	0.593781	5.923866
8676	-1483.321	-1580.704	97.3829	0.7781369	0.534358	0.465642	4.199438
8682	-1479.499	-1576.17	96.671	0.6962569	0.415706	0.584294	4.646959
8688	-1480.899	-1578.614	97.71436	0.7370884	0.415706	0.584294	4.034158
8694	-1480.714	-1578.741	98.02654	0.7201487	0.415706	0.584294	3.865138
8700	-1483.542	-1580.813	97.27075	0.7522567	0.518301	0.481699	4.277682
8706	-1489.7	-1587.38	97.67945	0.6656252	0.521996	0.478004	4.094806
8712	-1486.241	-1582.908	96.66758	0.5161071	0.531093	0.468907	4.749679
8718	-1489.276	-1583.656	94.38022	0.4081891	0.502365	0.497635	6.069952
8724	-1484.114	-1579.149	95.03549	0.257525	0.438445	0.561555	5.794422
8730	-1481.14	-1577.105	95.9649	0.5769674	0.443938	0.556062	5.106839
8736	-1482.522	-1579.14	96.61789	0.5769674	0.379518	0.620482	4.743434
8742	-1481.213	-1577.827	96.61437	0.580486	0.450133	0.549867	4.743434
8748	-1485.179	-1583.027	97.84771	0.8855859	0.484301	0.515699	3.872827
8754	-1482.216	-1579.428	97.21276	0.7709423	0.393005	0.606995	4.299933
8760	-1485.607	-1582.386	96.77904	0.5985803	0.390407	0.609593	4.641154
8766	-1479.391	-1576.778	97.38646	0.693539	0.355737	0.644263	4.245402
8772	-1475.572	-1572.876	97.30343	0.7765658	0.672076	0.327924	4.245402
8778	-1479.232	-1576.381	97.14918	0.9308148	0.536666	0.463334	4.245402
8784	-1486.396	-1581.685	95.28976	0.5049667	0.494187	0.505813	5.519237
8790	-1484.066	-1581.109	97.04291	0.6886052	0.494187	0.505813	4.442313
8796	-1489.451	-1586.49	97.03812	0.4045615	0.583804	0.416196	4.604678
8802	-1479.296	-1576.973	97.67755	0.7922946	0.583804	0.416196	4.023654
8808	-1483.47	-1580.258	96.78805	0.7084818	0.454527	0.545473	4.574459
8814	-1495.564	-1591.631	96.06725	0.7092418	0.395545	0.604455	4.976609
8820	-1490.806	-1587.632	96.82667	0.6163212	0.529787	0.470213	4.604501
8826	-1486.246	-1584.108	97.8618	0.7692037	0.325585	0.674415	3.931491
8832	-1486.816	-1582.645	95.82925	0.6425218	0.478144	0.521856	5.145677
8838	-1482.133	-1577.454	95.32116	0.6425218	0.475346	0.524654	5.426267
8844	-1485.963	-1581.375	95.41231	0.7616799	0.475346	0.524654	5.310311
8850	-1488.03	-1584.38	96.34989	0.6517322	0.542081	0.457919	4.851291
8856	-1477.331	-1574.38	97.04859	0.6517322	0.500085	0.499915	4.45988
8862	-1475.25	-1573.021	97.77071	0.7441555	0.580249	0.419751	3.997936
8868	-1465.676	-1563.304	97.62802	0.7540368	0.480942	0.519058	4.073732
8874	-1480.408	-1578.278	97.86953	0.5174883	0.477912	0.522088	4.070903
8880	-1475.264	-1571.439	96.17556	0.4928216	0.51374	0.48626	5.036665
8886	-1483.546	-1580.869	97.32305	0.6310446	0.473409	0.526591	4.316675
8892	-1485.409	-1583.751	98.34169	0.9241979	0.464002	0.535998	3.565138
8898	-1485.868	-1583.254	97.38578	0.7489445	0.416977	0.583023	4.214371
8904	-1484.418	-1581.553	97.1352	0.7756836	0.40061	0.59939	4.341104
8910	-1488.712	-1585.933	97.22143	0.6699486	0.586175	0.413825	4.352125
8916	-1481.45	-1578.416	96.96564	0.7920227	0.470024	0.529976	4.427575
8922	-1484.374	-1580.713	96.33897	0.7634642	0.556751	0.443249	4.795055
8928	-1487.951	-1582.821	94.86956	0.6236557	0.448454	0.551546	5.684768
8934	-1483.706	-1578.016	94.30945	0.4960347	0.477336	0.522664	6.060645
8940	-1484.045	-1579.261	95.21531	0.4727503	0.469758	0.530242	5.577852
8946	-1485.511	-1578.553	93.04258	0.6178348	0.542776	0.457224	6.681981
8952	-1488.943	-1584.245	95.30234	0.4936758	0.584927	0.415073	5.51853
8958	-1485.884	-1580.854	94.9705	0.6572445	0.513576	0.486424	5.610971
8964	-1484.909	-1581.947	97.03754	0.6301678	0.51321	0.48679	4.478245
8970	-1483.394	-1580.455	97.06156	0.8172324	0.434818	0.565182	4.359235
8976	-1482.061	-1580.32	98.25905	0.797221	0.490744	0.509256	3.686714
8982	-1475.91	-1573.214	97.30351	0.757971	0.361899	0.638101	4.255894
8988	-1480.916	-1577.809	96.89306	0.6463354	0.461835	0.538165	4.55039
8994	-1471.276	-1567.932	96.65565	0.6476224	0.55867	0.44133	4.682793
9000	-1479.203	-1575.87	96.66702	0.592608	0.425134	0.574866	4.707214
9006	-1481.424	-1575.508	94.08436	0.4652675	0.455627	0.544373	6.19994
9012	-1478.084	-1573.11	95.02599	0.3501318	0.455456	0.544544	5.748927
9018	-1481.293	-1575.86	94.56715	0.6894362	0.638983	0.361017	5.814355
9024	-1479.907	-1575.644	95.73684	0.5327792	0.55341	0.44659	5.257501
9030	-1475.645	-1573.029	97.38373	0.7848942	0.39485	0.60515	4.195132
9036	-1477.957	-1575.375	97.41831	0.704083	0.435761	0.564239	4.221367
9042	-1480.202	-1577.77	97.56841	0.8569952	0.65402	0.34598	4.049013
9048	-1473.463	-1569.019	95.55603	0.7591781	0.341856	0.658144	5.232302
9054	-1467.68	-1563.458	95.77762	0.9293565	0.424258	0.575742	5.015234
9060	-1470.806	-1568.678	97.87244	0.9037252	0.444071	0.555929	3.848204
9066	-1472.166	-1569.853	97.68767	0.7616578	0.389613	0.610387	4.035365
9072	-1484.128	-1581.812	97.68319	0.7661361	0.389613	0.610387	4.035365
9078	-1469.56	-1565.751	96.19115	0.6674388	0.447481	0.552519	4.930954
9084	-1477.474	-1574.013	96.53881	0.7742989	0.463843	0.536157	4.677287
9090	-1475.854	-1571.561	95.70665	0.6453932	0.619348	0.380652	5.211938
9096	-1479.336	-1574.73	95.39362	0.5010134	0.521287	0.478713	5.464282
9102	-1474.804	-1570.169	95.36468	0.5299507	0.489526	0.510474	5.464282
9108	-1481.684	-1578.042	96.35727	0.7913438	0.489526	0.510474	4.769273
9114	-1484.37	-1580.843	96.47324	0.9768676	0.427163	0.572837	4.600513
9120	-1473.648	-1571.585	97.93725	0.8702265	0.427163	0.572837	3.830202
9126	-1479.275	-1576.266	96.99132	0.7893788	0.634526	0.365474	4.414591
9132	-1486.073	-1581.596	95.5234	0.7349658	0.383517	0.616483	5.263719
9138	-1491.806	-1587.999	96.19298	0.8350515	0.410388	0.589612	4.836566
9144	-1490.049	-1586.489	96.44062	0.5428353	0.591541	0.408459	4.861419
9150	-1499.785	-1596.352	96.56697	0.6087587	0.534307	0.465693	4.754122
9156	-1504.972	-1600.62	95.64739	0.6399389	0.514505	0.485495	5.247715
9162	-1487.927	-1583.929	96.00256	0.7740396	0.577874	0.422126	4.97655
9168	-1485.249	-1581.801	96.55256	0.6921165	0.393087	0.606913	4.715581
9174	-1478.894	-1575.441	96.54736	0.6973146	0.563983	0.436017	4.715581
9180	-1484.776	-1582.646	97.87035	0.9024412	0.353163	0.646837	3.850143
9186	-1482.628	-1580.742	98.11307	0.8908911	0.429682	0.570318	3.716956
9192	-1485.708	-1585.055	99.34683	0.979134	0.429682	0.570318	2.938437
9198	-1498.574	-1598.066	99.49141	1.293186	0.397249	0.602751	2.659195
9204	-1490.716	-1589.018	98.30197	1.00815	0.471581	0.528419	3.539399
9210	-1491.884	-1590.282	98.39808	0.7876894	0.450122	0.549878	3.611686
9216	-1498.202	-1596.85	98.64705	0.8299753	0.552001	0.447999	3.441996
9222	-1491.446	-1590.596	99.15079	1.114333	0.620188	0.379812	2.975053
9228	-1489.727	-1588.65	98.92309	0.9843223	0.492984	0.507016	3.188558
9234	-1485.501	-1584.324	98.82307	1.053773	0.447507	0.552493	3.206676
9240	-1484.599	-1583.001	98.40137	0.9931087	0.538019	0.461981	3.490227
9246	-1488.917	-1587.127	98.21022	0.9929583	0.45225	0.54775	3.601577
9252	-1499.143	-1597.936	98.79284	0.9935012	0.384974	0.615026	3.260207
9258	-1486.457	-1585.272	98.81532	0.9935012	0.424161	0.575839	3.246925
9264	-1494.047	-1591.477	97.43027	0.8624443	0.532717	0.467283	4.124608
9270	-1495.476	-1591.015	95.53839	0.536361	0.532717	0.467283	5.365058
9276	-1495.165	-1593.639	98.47311	0.9275764	0.468321	0.531679	3.486601
9282	-1475.385	-1572.84	97.45481	0.9190983	0.401916	0.598084	4.078376
9288	-1479.332	-1575.538	96.20567	0.7839792	0.42248	0.57752	4.857969
9294	-1480.906	-1576.581	95.67512	0.669812	0.42248	0.57752	5.21587
9300	-1479.44	-1575.167	95.72717	0.6177617	0.407538	0.592462	5.21587
9306	-1478.266	-1574.46	96.19426	0.5694358	0.432475	0.567525	4.983721
9312	-1484.202	-1580.715	96.51319	0.7981034	0.432475	0.567525	4.678305
9318	-1482.08	-1578.488	96.40727	0.5449675	0.457136	0.542864	4.878815
9324	-1487.804	-1584.341	96.53747	0.5814699	0.529947	0.470053	4.785841
9330	-1494.967	-1592.577	97.60965	0.8192438	0.52075	0.47925	4.047025
9336	-1490.492	-1589.751	99.2589	0.8600584	0.547185	0.452815	3.062641
9342	-1487.783	-1584.714	96.93051	0.8600584	0.518469	0.481531	4.409027
9348	-1493.108	-1589.375	96.26727	0.62483	0.426099	0.573901	4.912303
9354	-1484.711	-1580.322	95.61094	0.5520062	0.515363	0.484637	5.31641
9360	-1484.353	-1578.625	94.2718	0.2462729	0.488487	0.511513	6.217095
9366	-1485.987	-1580.132	94.1455	0.450597	0.400398	0.599602	6.174662
9372	-1485.824	-1580.945	95.12121	0.5898573	0.366067	0.633933	5.565218
9378	-1491.008	-1585.979	94.97089	0.740172	0.366067	0.633933	5.565218
9384	-1490.496	-1587.165	96.66894	0.8453094	0.411145	0.588855	4.564512
9390	-1481.606	-1578.854	97.2481	0.6848907	0.236488	0.763512	4.328609
9396	-1482.455	-1579.457	97.00149	0.6490909	0.510852	0.489148	4.487884
9402	-1489.427	-1582.819	93.39246	0.5531888	0.469182	0.530818	6.527683
9408	-1480.281	-1575.944	95.66371	0.6643329	0.533981	0.466019	5.225206
9414	-1481.226	-1577.136	95.9103	0.7020875	0.489017	0.510983	5.067733
9420	-1480.791	-1577.213	96.42147	0.4262579	0.470031	0.529969	4.936997
9426	-1491.194	-1586.421	95.22677	0.588872	0.546259	0.453741	5.507738
9432	-1486.394	-1583.965	97.57045	0.6548857	0.670165	0.329835	4.162924
9438	-1476.945	-1575.549	98.60411	0.84308	0.453693	0.546307	3.459439
9444	-1477.849	-1575.821	97.97197	0.7851979	0.395246	0.604754	3.859118
9450	-1474.472	-1571.556	97.08436	0.7110541	0.51983	0.48017	4.406289
9456	-1473.179	-1569.59	96.41165	0.5161871	0.51983	0.48017	4.892403
9462	-1472.581	-1568.029	95.44874	0.5827212	0.344156	0.655844	5.388926
9468	-1483.928	-1579.41	95.48214	0.538307	0.609809	0.390191	5.394996
9474	-1475.944	-1571.295	95.35027	0.4506499	0.609809	0.390191	5.515834
9480	-1479.665	-1574.988	95.32354	0.3418095	0.528467	0.471533	5.590325
9486	-1483.764	-1580.354	96.58944	0.6840441	0.631339	0.368661	4.699463
9492	-1481.687	-1577.87	96.18365	0.5020243	0.389876	0.610124	5.027063
9498	-1487.73	-1583.569	95.83935	0.4656315	0.413395	0.586605	5.237957
9504	-1488.784	-1584.489	95.7053	0.6320475	0.388212	0.611788	5.220065
9510	-1494.514	-1591.319	96.80562	0.8334352	0.460745	0.539255	4.494368
9516	-1497.451	-1591.105	93.65468	0.5528963	0.460745	0.539255	6.385725
9522	-1503.498	-1598.66	95.16218	0.7120489	0.370701	0.629299	5.47551
9528	-1489.959	-1585.208	95.24812	0.4953602	0.307514	0.692486	5.547408
9534	-1492.593	-1588.236	95.64362	0.7650302	0.41867	0.58133	5.180621
9540	-1484.329	-1581.63	97.30075	0.7470723	0.548005	0.451995	4.263633
9546	-1478.013	-1573.609	95.59607	0.5837463	0.635442	0.364558	5.307094
9552	-1480.826	-1576.794	95.96802	0.499937	0.642695	0.357305	5.147789
9558	-1499.05	-1595.739	96.68821	0.4839408	0.603389	0.396611	4.756124
9564	-1483.55	-1579.204	95.65308	0.5046894	0.611901	0.388099	5.319263
9570	-1491.721	-1588.437	96.71584	0.6981929	0.507859	0.492141	4.620742
9576	-1491.944	-1587.862	95.9184	0.6106292	0.538468	0.461532	5.113954
9582	-1486.085	-1582.485	96.40023	0.4756991	0.46476	0.53524	4.921304
9588	-1476.787	-1573.317	96.52993	0.7662829	0.415912	0.584088	4.686742
9594	-1477.543	-1575.137	97.59316	0.6575107	0.434241	0.565759	4.148525
9600	-1479.175	-1575.125	95.95016	0.5555096	0.533143	0.466857	5.126895
9606	-1486.826	-1583.662	96.83632	0.6205501	0.48462	0.51538	4.59672
9612	-1477.71	-1572.855	95.14509	0.6719326	0.478875	0.521125	5.506981
9618	-1482.284	-1577.76	95.47564	0.7034112	0.532688	0.467312	5.307518
9624	-1485.387	-1582.963	97.57575	1.023371	0.576179	0.423821	3.949748
9630	-1496.224	-1593.333	97.10942	0.84887	0.548591	0.451409	4.314303
9636	-1494.746	-1592.183	97.43754	0.7182313	0.617531	0.382469	4.20243
9642	-1492.168	-1587.555	95.38706	0.5792027	0.373478	0.626522	5.424845
9648	-1486.734	-1581.335	94.60145	0.5393645	0.536384	0.463616	5.877656
9654	-1487.445	-1582.906	95.46057	0.4901477	0.51653	0.48347	5.433406
9660	-1481.004	-1576.568	95.5641	0.3866175	0.40847	0.59153	5.433406
9666	-1482.783	-1578.171	95.38705	0.3866175	0.577919	0.422081	5.530817
9672	-1484.188	-1580.276	96.08854	0.4899495	0.458094	0.541906	5.086535
9678	-1495.617	-1591.035	95.41796	0.6663691	0.334495	0.665505	5.359781
9684	-1487.235	-1582.823	95.58787	0.5527256	0.417123	0.582877	5.328743
9690	-1485.018	-1581.762	96.744	0.6697948	0.299405	0.700595	4.620879
9696	-1480.23	-1576.395	96.16412	0.5577062	0.498241	0.501759	5.006985
9702	-1478.333	-1575.471	97.13823	0.6554649	0.498241	0.501759	4.407263
9708	-1474.915	-1571.363	96.44821	0.6348024	0.396724	0.603276	4.805897
9714	-1473.034	-1570.29	97.25659	0.7314274	0.517806	0.482194	4.29749
9720	-1478.066	-1573.281	95.21491	0.2843488	0.443493	0.556507	5.681456
9726	-1472.177	-1567.401	95.22382	0.5549906	0.581251	0.418749	5.527987
9732	-1480.187	-1578.447	98.2604	0.9922284	0.341967	0.658033	3.572848
9738	-1482.564	-1580.853	98.28908	1.130424	0.391694	0.608306	3.475614
9744	-1482.517	-1581.166	98.64856	0.925332	0.461296	0.538704	3.385251
9750	-1480.594	-1578.493	97.89847	0.77199	0.43083	0.56917	3.908875
9756	-1486.871	-1582.895	96.0245	0.77199	0.43083	0.56917	4.965495
9762	-1485.286	-1581.377	96.0909	0.7055862	0.508174	0.491826	4.965495
9768	-1484.537	-1580.109	95.57242	0.6650674	0.508174	0.491826	5.275249
9774	-1480.792	-1577.373	96.58073	0.6890676	0.492083	0.507917	4.701529
9780	-1481.89	-1579.147	97.25754	0.9975745	0.578189	0.421811	4.145995
9786	-1482.064	-1578.638	96.57313	0.9275095	0.479371	0.520629	4.572155
9792	-1485.391	-1582.722	97.33156	0.7443713	0.354759	0.645241	4.247707
9798	-1484.691	-1581.054	96.36331	0.6080099	0.342695	0.657305	4.868183
9804	-1489.422	-1585.925	96.50232	0.7203248	0.490413	0.509587	4.7279
9810	-1489.685	-1586.092	96.40648	0.735882	0.453866	0.546134	4.772762
9816	-1488.302	-1585.175	96.87278	0.8496105	0.469708	0.530292	4.447452
9822	-1483.21	-1580.562	97.35151	0.7059699	0.44945	0.55055	4.258163
9828	-1484.875	-1580.795	95.92042	0.6219679	0.357646	0.642354	5.106552
9834	-1501.949	-1596.929	94.97989	0.3875208	0.603566	0.396434	5.753696
9840	-1479.599	-1575.236	95.6372	0.6040362	0.513671	0.486329	5.273178
9846	-1479.674	-1576.048	96.37396	0.5805578	0.499074	0.500926	4.877545
9852	-1473.842	-1569.451	95.60866	0.6736255	0.490875	0.509125	5.250501
9858	-1479.137	-1577.875	98.73821	0.8920007	0.413525	0.586475	3.35218
9864	-1480.853	-1578.182	97.32894	0.6966141	0.42995	0.57005	4.276241
9870	-1477.952	-1574.156	96.20433	0.649731	0.523402	0.476598	4.933475
9876	-1488.939	-1584.82	95.88058	0.5071297	0.511356	0.488644	5.192209
9882	-1490.195	-1585.108	94.91377	0.4496302	0.465647	0.534353	5.755895
9888	-1490.202	-1586.688	96.48621	0.6910855	0.445791	0.554209	4.75325
9894	-1481.743	-1577.672	95.92957	0.5854375	0.404932	0.595068	5.121724
9900	-1475.715	-1571.754	96.0388	0.476212	0.46093	0.53907	5.121724
9906	-1477.814	-1572.777	94.96242	0.6219382	0.607036	0.392964	5.634782
9912	-1468.738	-1564.695	95.9573	0.6263651	0.428894	0.571106	5.083664
9918	-1470.713	-1567.505	96.79247	0.5172753	0.590106	0.409894	4.679169
9924	-1486.881	-1583.38	96.4989	0.5637528	0.590106	0.409894	4.817255
9930	-1481.786	-1579.635	97.84945	0.648256	0.521823	0.478177	4.00774
9936	-1479.608	-1576.519	96.91026	0.7432364	0.349513	0.650487	4.486244
9942	-1479.786	-1575.926	96.14087	0.6362402	0.561338	0.438662	4.976266
9948	-1481.08	-1577.925	96.84546	0.5813315	0.38832	0.61168	4.613591
9954	-1478.021	-1575.058	97.03711	0.6443577	0.522579	0.477421	4.470498
9960	-1493.676	-1588.465	94.78859	0.4324385	0.38044	0.61956	5.833803
9966	-1484.324	-1579.205	94.88054	0.4982826	0.382816	0.617184	5.747451
9972	-1482.386	-1578.227	95.84111	0.3479037	0.491244	0.508756	5.302018
9978	-1472.18	-1568.974	96.79345	0.6183494	0.491244	0.508756	4.621997
9984	-1478.009	-1574.189	96.17995	0.5737857	0.435084	0.564916	4.989256
9990	-1481.437	-1577.922	96.48538	0.7202526	0.477964	0.522036	4.737412
9996	-1480.772	-1577.357	96.58473	0.6209042	0.503542	0.496458	4.737412
10002	-1484.906	-1579.985	95.0787	0.7618274	0.464082	0.535918	5.494053
10008	-1492.579	-1588.312	95.73281	0.70612	0.515243	0.484757	5.16386
10014	-1477.801	-1573.263	95.46166	0.5467531	0.432826	0.567174	5.401624
10020	-1479.935	-1575.803	95.86817	0.6304129	0.543366	0.456634	5.130826
10026	-1478.695	-1574.449	95.75367	0.6730896	0.314997	0.685003	5.170596
10032	-1478.28	-1574.114	95.83423	0.5925255	0.394375	0.605625	5.170596
10038	-1474.951	-1570.901	95.94991	0.7773485	0.394375	0.605625	5.003971
10044	-1477.033	-1573.486	96.4529	0.7773485	0.510943	0.489057	4.72365
10050	-1479.705	-1575.914	96.20834	0.6951027	0.536473	0.463527	4.90599
10056	-1472.638	-1568.361	95.72288	0.6442685	0.414877	0.585123	5.203581
10062	-1484.433	-1581.342	96.90894	0.6820136	0.490239	0.509761	4.52142
10068	-1481.258	-1578.126	96.86833	0.722623	0.377088	0.622912	4.52142
10074	-1486.744	-1582.934	96.18946	0.5635528	0.453439	0.546561	4.98966
10080	-1485.707	-1583.14	97.4337	0.6526512	0.462715	0.537285	4.241801
10086	-1492.232	-1587.974	95.74243	0.6344681	0.666451	0.333549	5.198189
10092	-1483.469	-1577.015	93.54583	0.5127499	0.399631	0.600369	6.466511
10098	-1487.308	-1585.148	97.83968	0.7379241	0.510102	0.489898	3.962064
10104	-1490.685	-1587.662	96.97726	0.7530948	0.57084	0.42916	4.442968
10110	-1484.536	-1581.087	96.55117	0.7567051	0.510607	0.489393	4.680215
10116	-1490.23	-1586.632	96.40186	0.8047055	0.438945	0.561055	4.736889
10122	-1498.965	-1595.528	96.5625	0.9367637	0.439703	0.560297	4.572929
10128	-1497.952	-1594.441	96.48933	0.76617	0.313636	0.686364	4.709527
10134	-1488.583	-1584.738	96.15456	0.6594037	0.435375	0.564625	4.955777
10140	-1495.143	-1590.232	95.08872	0.6345294	0.475834	0.524166	5.558526
10146	-1486.698	-1583.64	96.94226	0.5870637	0.428034	0.571966	4.556046
10152	-1483.551	-1579.35	95.79894	0.6973604	0.543731	0.456269	5.132089
10158	-1493.935	-1589.874	95.93933	0.5569675	0.376077	0.623923	5.132089
10164	-1480.876	-1576.177	95.30119	0.6131427	0.408764	0.591236	5.453437
10170	-1481.112	-1576.343	95.2304	0.595132	0.37156	0.62844	5.502301
10176	-1484.59	-1579.966	95.3764	0.6940129	0.557395	0.442605	5.367454
10182	-1478.489	-1574.317	95.82843	0.5448592	0.349826	0.650174	5.200182
10188	-1479.681	-1574.962	95.2807	0.5859555	0.351422	0.648578	5.479678
10194	-1478.477	-1573.473	94.99523	0.4397524	0.460054	0.539946	5.716687
10200	-1484.576	-1580.285	95.70822	0.5114619	0.430867	0.569133	5.285083
10206	-1490.902	-1586.412	95.51006	0.5978018	0.551008	0.448992	5.346801
10212	-1485.257	-1581.998	96.74093	0.6405685	0.476713	0.523287	4.638979
10218	-1478.594	-1575.771	97.17752	0.8083135	0.476713	0.523287	4.298726
10224	-1479.099	-1576.152	97.05323	0.5281478	0.491123	0.508877	4.526803
10230	-1483.031	-1577.084	94.05238	0.4550956	0.359989	0.640011	6.222858
10236	-1491.541	-1587.887	96.34643	0.5205393	0.421374	0.578626	4.926289
10242	-1484.212	-1580.727	96.51461	0.6208643	0.504342	0.495658	4.776609
10248	-1484.747	-1580.78	96.0328	0.5901423	0.49043	0.50957	5.061878
10254	-1485.091	-1581.685	96.59302	0.777199	0.404862	0.595138	4.6453
10260	-1488.093	-1583.098	95.00518	0.6682256	0.488014	0.511986	5.585903
10266	-1492.498	-1590.255	97.75739	0.9152034	0.538867	0.461133	3.907651
10272	-1491.244	-1587.096	95.85161	0.7149253	0.48552	0.51448	5.093162
10278	-1482.112	-1577.048	94.9362	0.7099517	0.442688	0.557312	5.600865
10284	-1475.6	-1571.652	96.05296	0.6064587	0.442688	0.557312	5.041637
10290	-1474.082	-1571.581	97.49895	0.8474392	0.442688	0.557312	4.094057
10296	-1481.293	-1576.91	95.61724	0.8661813	0.46282	0.53718	5.139224
10302	-1485.292	-1580.801	95.50832	0.738179	0.36377	0.63623	5.270271
10308	-1490.422	-1587.243	96.82156	0.660181	0.36377	0.63623	4.582761
10314	-1484.762	-1581.487	96.72535	0.9081433	0.452065	0.547935	4.497495
10320	-1482.074	-1579.024	96.94989	0.6672545	0.400099	0.599901	4.506689
10326	-1477.376	-1571.715	94.33846	0.552821	0.403665	0.596335	6.013877
10332	-1480.014	-1574.373	94.35891	0.5323646	0.505125	0.494875	6.013877
10338	-1483.719	-1580.494	96.77416	0.5576472	0.509506	0.490494	4.666819
10344	-1487.418	-1581.591	94.17355	0.7243841	0.556385	0.443615	6.010248
10350	-1500.003	-1594.618	94.61471	0.5446422	0.525564	0.474436	5.867524
10356	-1485.916	-1581.568	95.65177	0.7156059	0.500093	0.499907	5.203455
10362	-1486.492	-1583.774	97.28192	0.7735567	0.568756	0.431244	4.259298
10368	-1487.159	-1584.899	97.74014	0.7735567	0.431944	0.568056	3.998607
10374	-1490.279	-1587.974	97.69467	0.8507333	0.431944	0.568056	3.980482
10380	-1477.603	-1574.109	96.50557	0.71303	0.485614	0.514386	4.730163
10386	-1484.213	-1580.769	96.55548	0.6631199	0.447066	0.552934	4.730163
10392	-1488.09	-1585.547	97.45667	0.8164781	0.508032	0.491968	4.135741
10398	-1485.348	-1582.486	97.13779	0.7239402	0.365109	0.634891	4.368871
10404	-1491.179	-1587.214	96.03512	0.7239402	0.543206	0.456794	4.986296
10410	-1481.238	-1578.874	97.6358	0.7208013	0.6404	0.3596	4.088237
10416	-1485.404	-1583.554	98.14996	0.7208013	0.450897	0.549103	3.793783
10422	-1487.698	-1585.406	97.70732	0.8690687	0.450897	0.549103	3.96276
10428	-1490.724	-1587.417	96.69363	0.5462711	0.434924	0.565076	4.718249
10434	-1489.357	-1587.649	98.29263	1.045432	0.453492	0.546508	3.523125
10440	-1489.059	-1584.931	95.87208	0.614407	0.482277	0.517723	5.137521
10446	-1479.353	-1575.253	95.9001	0.4825269	0.434615	0.565385	5.195017
10452	-1478.896	-1574.251	95.35584	0.7469743	0.571397	0.428603	5.349583
10458	-1479.038	-1575.197	96.1584	0.7024076	0.413697	0.586303	4.929722
10464	-1472.919	-1569.105	96.18654	0.5194059	0.46466	0.53534	5.015806
10470	-1480.502	-1576.59	96.08796	0.511307	0.46892	0.53108	5.075012
10476	-1486.679	-1582.478	95.79908	0.4733142	0.450278	0.549722	5.255965
10482	-1485.019	-1582.059	97.04079	0.8261277	0.644982	0.355018	4.365939
10488	-1494.739	-1593.346	98.60697	0.96704	0.388765	0.611235	3.385178
10494	-1495.759	-1594.117	98.35784	1.138704	0.308684	0.691316	3.430572
10500	-1490.244	-1584.934	94.68984	0.6581354	0.491905	0.508095	5.764341
10506	-1483.791	-1578.527	94.7365	0.5263002	0.552414	0.447586	5.810956
10512	-1492.47	-1589.132	96.66149	0.842276	0.463398	0.536602	4.570401
10518	-1477.206	-1573.775	96.56937	0.6122719	0.407262	0.592738	4.750818
10524	-1477.972	-1575.069	97.09706	0.7164498	0.457056	0.542944	4.396083
10530	-1478.263	-1574.236	95.97311	0.6340484	0.316443	0.683557	5.070635
10536	-1477.224	-1570.953	93.72931	0.668246	0.316443	0.683557	6.282598
10542	-1485.119	-1580.928	95.80972	0.5175498	0.574388	0.425612	5.225635
10548	-1479.75	-1575.399	95.64908	0.6781911	0.46673	0.53327	5.225635
10554	-1481.107	-1576.845	95.73802	0.5892549	0.585456	0.414544	5.225635
10560	-1478.142	-1573.834	95.69139	0.7359796	0.493188	0.506812	5.17026
10566	-1485.035	-1581.923	96.88795	0.7859197	0.410599	0.589401	4.474777
10572	-1491.627	-1587.349	95.72159	0.7115914	0.418439	0.581561	5.167039
10578	-1489.52	-1584.943	95.42296	0.7517996	0.618562	0.381438	5.309888
10584	-1485.198	-1580.081	94.8828	0.6689176	0.436449	0.563551	5.652687
10590	-1481.869	-1578.786	96.9168	0.7844086	0.436449	0.563551	4.45938
10596	-1487.925	-1583.446	95.52095	0.6706444	0.420839	0.579161	5.300596
10602	-1485.077	-1579.601	94.52465	0.5301843	0.52586	0.47414	5.924623
10608	-1483.183	-1579.33	96.14707	0.6074294	0.387629	0.612371	4.988834
10614	-1480.444	-1576.994	96.55024	0.8258941	0.508316	0.491684	4.641985
10620	-1480.156	-1574.904	94.74777	0.7620552	0.419695	0.580305	5.675662
10626	-1480.857	-1577.746	96.88943	0.7620552	0.500507	0.499493	4.487371
10632	-1484.87	-1579.148	94.27721	0.600226	0.590347	0.409653	6.021425
10638	-1483.949	-1578.092	94.14342	0.7340188	0.425216	0.574784	6.021425
10644	-1491.615	-1588.152	96.5368	0.7096662	0.429419	0.570581	4.714578
10650	-1488.868	-1584.064	95.19628	0.6940849	0.503924	0.496076	5.466632
10656	-1486.434	-1581.71	95.27608	0.6142844	0.487071	0.512929	5.466632
10662	-1485.536	-1581.676	96.13952	0.5453406	0.438545	0.561455	5.027514
10668	-1485.077	-1580.339	95.26164	0.7038201	0.440255	0.559745	5.425285
10674	-1487.605	-1583.186	95.58137	0.5097192	0.571494	0.428506	5.356051
10680	-1488.032	-1584.004	95.97271	0.6271068	0.427834	0.572166	5.074708
10686	-1480.245	-1577.872	97.62701	0.8095583	0.429603	0.570397	4.042649
10692	-1488.047	-1584.637	96.58916	0.7210157	0.458077	0.541923	4.67893
10698	-1486.358	-1580.637	94.27874	0.4799902	0.445305	0.554695	6.08612
10704	-1488.972	-1583.859	94.88649	0.5005164	0.541971	0.458029	5.742968
10710	-1484.129	-1582.665	98.53591	1.125868	0.486938	0.513062	3.333624
10716	-1487.265	-1584.109	96.84335	0.708386	0.606185	0.393815	4.54346
10722	-1481.434	-1578.045	96.61074	0.7029146	0.606185	0.393815	4.676982
10728	-1476.778	-1572.41	95.63283	0.5642781	0.491191	0.508809	5.29755
10734	-1479.796	-1575.913	96.11732	0.6649693	0.451279	0.548721	4.973388
10740	-1491.611	-1587.007	95.39556	0.5646571	0.333857	0.666143	5.428175
10746	-1491.237	-1586.6	95.36305	0.5971674	0.455582	0.544418	5.428175
10752	-1492.819	-1590.199	97.37966	0.7766439	0.513191	0.486809	4.202128
10758	-1479.849	-1576.025	96.17506	0.6575637	0.388436	0.611564	4.945397
10764	-1487.815	-1584.094	96.2789	0.5537306	0.38466	0.61534	4.945397
10770	-1487.277	-1585.115	97.83808	0.8205238	0.436171	0.563829	3.915672
10776	-1483.542	-1580.45	96.9075	0.6318451	0.532569	0.467431	4.550417
10782	-1477.949	-1573.707	95.75855	0.7200983	0.378325	0.621675	5.141868
10788	-1478.379	-1573.243	94.86413	0.7147044	0.473555	0.526445	5.637814
10794	-1482.438	-1577.664	95.22635	0.460261	0.507159	0.492841	5.578648
10800	-1488.305	-1584.731	96.42612	0.5547659	0.494233	0.505767	4.862851
10806	-1485.125	-1580.973	95.84744	0.7050801	0.442549	0.557451	5.100935
10812	-1486.204	-1580.997	94.79287	0.4776101	0.381963	0.618037	5.806751
10818	-1482.553	-1577.452	94.89927	0.3712133	0.523572	0.476428	5.806751
10824	-1488.517	-1584.735	96.21776	0.6374802	0.617858	0.382142	4.932816
10830	-1475.418	-1570.378	94.96007	0.4988772	0.55403	0.44597	5.703551
10836	-1483.704	-1577.563	93.85902	0.4902952	0.412457	0.587543	6.308797
10842	-1481.004	-1575.606	94.60139	0.4646269	0.372993	0.627007	5.918517
10848	-1485.442	-1580.203	94.76115	0.7156794	0.565758	0.434242	5.693752
10854	-1487.094	-1580.673	93.57889	0.5566911	0.515305	0.484695	6.424771
10860	-1484.34	-1580.295	95.95561	0.6674602	0.588786	0.411214	5.06181
10866	-1489.477	-1586.392	96.91471	0.5751249	0.426815	0.573185	4.578222
10872	-1493.942	-1589.796	95.85368	0.9659864	0.48661	0.51339	4.952605
10878	-1496.938	-1593.508	96.57026	0.7629792	0.490358	0.509642	4.666013
10884	-1486.836	-1584.016	97.17979	0.8452891	0.472032	0.527968	4.276509
10890	-1492.694	-1590.015	97.32113	0.7294779	0.405003	0.594997	4.262055
10896	-1497.081	-1592.413	95.33254	0.4996692	0.564184	0.435816	5.498627
10902	-1490.303	-1585.171	94.86726	0.4738762	0.405588	0.594412	5.768086
10908	-1482.904	-1577.738	94.83333	0.456343	0.540803	0.459197	5.796252
10914	-1480.01	-1574.259	94.24954	0.560169	0.468567	0.531433	6.058346
10920	-1485.136	-1582.306	97.16973	0.7642741	0.448001	0.551999	4.328037
10926	-1480.699	-1576.319	95.6203	0.5898497	0.448001	0.551999	5.290352
10932	-1485.377	-1580.554	95.17725	0.398936	0.37032	0.62968	5.639267
10938	-1487.495	-1583.906	96.41122	0.5442924	0.448691	0.551309	4.87699
10944	-1472.302	-1567.726	95.42363	0.6610858	0.450083	0.549917	5.359563
10950	-1484.19	-1581.898	97.70838	0.8847987	0.481904	0.518096	3.953146
10956	-1488.261	-1586.285	98.02314	0.7919555	0.476671	0.523329	3.825821
10962	-1490.321	-1587.41	97.08955	0.7935198	0.467617	0.532383	4.356821
10968	-1484.443	-1580.377	95.93331	0.733167	0.49485	0.50515	5.037723
10974	-1478.382	-1574.596	96.21426	0.628444	0.483033	0.516967	4.939791
10980	-1477.607	-1573.233	95.62552	0.5651235	0.539399	0.460601	5.301121
10986	-1481.146	-1576.593	95.44707	0.5912039	0.433278	0.566722	5.385169
10992	-1490.91	-1587.164	96.25319	0.6302687	0.511884	0.488116	4.917116
10998	-1484.747	-1581.405	96.65755	0.5726379	0.512387	0.487613	4.723681
11004	-1482.503	-1579.379	96.87547	0.5913341	0.504866	0.495134	4.591142
11010	-1493.418	-1590.432	97.01418	0.8038339	0.561075	0.438925	4.393545
11016	-1481.352	-1576.713	95.3606	0.6350081	0.498116	0.501884	5.408678
11022	-1485.204	-1581.657	96.45325	0.6766968	0.449895	0.550105	4.779696
11028	-1484.938	-1580.993	96.05514	0.5927165	0.438704	0.561296	5.048054
11034	-1480.142	-1576.17	96.02749	0.6395257	0.549065	0.450935	5.037419
11040	-1477.855	-1573.905	96.05002	0.6170021	0.518094	0.481906	5.037419
11046	-1482.29	-1577.084	94.79454	0.404259	0.404153	0.595847	5.845958
11052	-1487.529	-1582.718	95.18963	0.4641749	0.457479	0.542521	5.596665
11058	-1485.355	-1580.719	95.36379	0.6378044	0.497999	0.502001	5.40538
11064	-1495.698	-1592.431	96.73236	0.6384085	0.429924	0.570076	4.644992
11070	-1485.612	-1582.293	96.68095	0.823868	0.44016	0.55984	4.56981
11076	-1484.017	-1579.538	95.52076	0.5245422	0.470065	0.529935	5.381296
11082	-1486.875	-1583.491	96.6165	0.7126572	0.443603	0.556397	4.668299
11088	-1487.313	-1583.584	96.27066	0.6142793	0.511226	0.488774	4.916288
11094	-1487.03	-1582.36	95.32931	0.5184893	0.511226	0.488774	5.490052
11100	-1483.208	-1579.156	95.94796	0.5550104	0.386109	0.613891	5.128394
11106	-1486.892	-1584.52	97.6289	0.6563319	0.426946	0.573054	4.128866
11112	-1495.214	-1593.097	97.88366	0.5024542	0.471832	0.528168	4.071422
11118	-1485.881	-1583.242	97.36064	0.7075903	0.625163	0.374837	4.25207
11124	-1492.88	-1589.162	96.28179	0.7556233	0.625163	0.374837	4.831336
11130	-1483.233	-1580.748	97.51486	0.6816948	0.43886	0.56114	4.179273
11136	-1513.49	-1608.652	95.16197	0.8733197	0.279939	0.720061	5.386811
11142	-1486.468	-1580.853	94.38511	0.5780532	0.469633	0.530367	5.974664
11148	-1486.041	-1581.926	95.88424	0.6201515	0.377271	0.622729	5.127604
11154	-1475.724	-1572.569	96.84486	0.6066705	0.49244	0.50756	4.599713
11160	-1481.847	-1577.911	96.06339	0.6066705	0.49244	0.50756	5.035733
11166	-1493.895	-1590.462	96.56706	0.3475932	0.478087	0.521913	4.899748
11172	-1490.426	-1586.768	96.34235	0.5723061	0.468841	0.531159	4.899748
11178	-1480.471	-1575.366	94.89504	0.491553	0.402153	0.597847	5.743195
11184	-1479.453	-1574.237	94.78425	0.5233521	0.532572	0.467428	5.786439
11190	-1472.43	-1569.093	96.66268	0.4618271	0.462974	0.537026	4.782732
11196	-1481.985	-1576.69	94.70517	0.4305537	0.575709	0.424291	5.880437
11202	-1481.774	-1578.014	96.24021	0.4994196	0.518824	0.481176	4.997094
11208	-1489.983	-1586.397	96.41458	0.8578529	0.349768	0.650232	4.700051
11214	-1484.216	-1578.488	94.27262	0.5435918	0.615632	0.384368	6.054802
11220	-1477.119	-1571.745	94.62633	0.6323553	0.387934	0.612066	5.813207
11226	-1481.09	-1577.633	96.54233	0.8088357	0.521308	0.478692	4.655976
11232	-1488.169	-1584.039	95.87062	0.6399093	0.39989	0.60011	5.124206
11238	-1489.458	-1585.942	96.48332	0.5345419	0.591751	0.408249	4.842238
11244	-1490.31	-1585.97	95.65938	0.7093425	0.637158	0.362842	5.202713
11250	-1481.405	-1578.463	97.05854	0.7093425	0.373982	0.626018	4.421817
11256	-1483.207	-1581.221	98.01395	0.9657071	0.401658	0.598342	3.73099
11262	-1484.759	-1583.076	98.31622	0.8810076	0.489859	0.510141	3.605035
11268	-1474.295	-1571.512	97.21635	0.6832611	0.410892	0.589108	4.347476
11274	-1480.842	-1576.378	95.53569	0.5629241	0.418933	0.581067	5.351901
11280	-1480.573	-1575.827	95.25384	0.791777	0.330572	0.669428	5.381124
11286	-1480.906	-1575.373	94.46732	0.4432823	0.330572	0.669428	6.003337
11292	-1485.749	-1581.604	95.85487	0.7249278	0.630669	0.369331	5.08581
11298	-1494.464	-1589.043	94.57864	0.5324687	0.319413	0.680587	5.893886
11304	-1487.416	-1582.235	94.819	0.2921025	0.469756	0.530244	5.893886
11310	-1484.377	-1579.714	95.33754	0.5527751	0.520243	0.479757	5.466656
11316	-1487.399	-1582.941	95.54135	0.6998609	0.524797	0.475203	5.273195
11322	-1478.135	-1574.302	96.16703	0.6772202	0.559781	0.440219	4.938934
11328	-1473.23	-1568.699	95.46927	0.7155178	0.49896	0.50104	5.304352
11334	-1488.694	-1585.099	96.40496	0.5706131	0.427528	0.572472	4.865812
11340	-1487.397	-1583.294	95.89749	0.4640067	0.568846	0.431154	5.206706
11346	-1480.231	-1576.627	96.39683	0.576584	0.514917	0.485083	4.867014
11352	-1473.09	-1569.521	96.43127	0.6432957	0.514917	0.485083	4.810612
11358	-1478.647	-1575.42	96.77243	0.6542433	0.468501	0.531499	4.613654
11364	-1486.606	-1581.34	94.73433	0.5989259	0.436925	0.563075	5.772395
11370	-1491.164	-1587.07	95.9069	0.6256613	0.40978	0.59022	5.111999
11376	-1485.438	-1581.17	95.73242	0.5810068	0.34559	0.65441	5.233288
11382	-1487.707	-1583.7	95.99395	0.5662136	0.412928	0.587072	5.096695
11388	-1481.462	-1578.532	97.07025	0.7953646	0.414501	0.585499	4.366673
11394	-1482.698	-1580.78	98.08268	0.9078304	0.428773	0.571227	3.724725
11400	-1494.399	-1592.771	98.37247	0.8625925	0.547559	0.452441	3.583059
11406	-1479.365	-1575.637	96.27164	0.7666633	0.547559	0.452441	4.830843
11412	-1483.157	-1578.202	95.04478	0.5578491	0.520377	0.479623	5.624753
11418	-1486.967	-1581.374	94.40706	0.476166	0.540845	0.459155	6.018268
11424	-1485.119	-1579.454	94.33515	0.5480771	0.332538	0.667462	6.018268
11430	-1493.228	-1587.835	94.60735	0.5228392	0.574274	0.425726	5.883458
11436	-1490.412	-1585.677	95.26463	0.3437097	0.470506	0.529494	5.62162
11442	-1474.903	-1570.999	96.09552	0.5733629	0.470506	0.529494	5.036383
11448	-1477.28	-1572.586	95.30591	0.6426157	0.401486	0.598514	5.434611
11454	-1476.676	-1570.859	94.18326	0.5534612	0.538634	0.461366	6.09811
11460	-1485.447	-1583.044	97.59659	0.8542743	0.46012	0.53988	4.034491
11466	-1479.731	-1575.387	95.65569	0.5474987	0.46012	0.53988	5.29419
11472	-1480.649	-1576.986	96.33733	0.8518788	0.378784	0.621216	4.746588
11478	-1480.731	-1579.47	98.73862	0.907162	0.488577	0.511423	3.343028
11484	-1468.002	-1563.547	95.54507	0.5700728	0.426771	0.573229	5.342785
11490	-1471.279	-1564.788	93.50915	0.6449093	0.508884	0.491116	6.414753
11496	-1487.13	-1582.661	95.53057	0.5734889	0.462512	0.537488	5.348896
11502	-1486.05	-1579.778	93.72835	0.4958524	0.497075	0.502925	6.376707
11508	-1488.864	-1584.272	95.4079	0.4040433	0.506109	0.493891	5.509771
11514	-1486.432	-1583.879	97.44652	0.7627698	0.525401	0.474599	4.172041
11520	-1488.979	-1585.027	96.04803	0.6396354	0.527948	0.472052	5.025958
11526	-1478.514	-1574.655	96.14055	0.6396354	0.612286	0.387714	4.974555
11532	-1483.213	-1580.263	97.05054	0.6652428	0.397564	0.602436	4.451174
11538	-1477.029	-1571.419	94.3897	0.3581231	0.416756	0.583244	6.092063
11544	-1481.861	-1576.475	94.61418	0.7255387	0.540468	0.459532	5.768859
11550	-1478.121	-1573.995	95.87425	0.5022595	0.567106	0.432894	5.198402
11556	-1479.116	-1574.374	95.25728	0.5949474	0.515115	0.484885	5.487615
11562	-1481.994	-1578.709	96.71475	0.6123782	0.570554	0.429446	4.669435
11568	-1486.491	-1583.25	96.75923	0.7763649	0.467628	0.532372	4.552527
11574	-1492.426	-1589.367	96.94071	0.5948784	0.526503	0.473497	4.552527
11580	-1478.085	-1575.083	96.99819	0.7406343	0.587471	0.412529	4.438196
11586	-1479.682	-1575.262	95.57979	0.4748513	0.57078	0.42922	5.376147
11592	-1478.127	-1573.753	95.62589	0.428753	0.466006	0.533994	5.376147
11598	-1479.622	-1576.495	96.87269	0.7196168	0.548014	0.451986	4.520657
11604	-1480.11	-1576.394	96.28431	0.5842794	0.524791	0.475209	4.925388
11610	-1488.479	-1585.245	96.76568	0.6739164	0.346576	0.653424	4.60641
11616	-1487.145	-1581.807	94.66159	0.5169362	0.375784	0.624216	5.857043
11622	-1492.762	-1588.177	95.41495	0.5966782	0.578761	0.421239	5.399853
11628	-1484.064	-1580.336	96.27217	0.5706477	0.457591	0.542409	4.939729
11634	-1480.821	-1577.876	97.05511	0.749696	0.440627	0.559373	4.400995
11640	-1487.158	-1583.127	95.96932	0.6892805	0.440627	0.559373	5.042091
11646	-1486.383	-1583.69	97.30783	0.7931515	0.482855	0.517145	4.233506
11652	-1480.227	-1577.957	97.72957	0.8215483	0.482855	0.517145	3.977213
11658	-1486.419	-1584.117	97.69807	0.8530497	0.408588	0.591412	3.977213
11664	-1476.714	-1573.555	96.84149	0.6385255	0.51121	0.48879	4.583731
11670	-1483.251	-1579.904	96.65337	0.6558626	0.552365	0.447635	4.679458
11676	-1494.233	-1591.322	97.089	0.7415392	0.287128	0.712872	4.386475
11682	-1479.019	-1575.975	96.95626	0.8742816	0.479786	0.520214	4.386475
11688	-1479.973	-1575.608	95.63574	0.6192516	0.518933	0.481067	5.265582
11694	-1476.914	-1574.06	97.14564	0.8225196	0.410946	0.589054	4.308723
11700	-1476.277	-1572.928	96.65188	0.7937974	0.410946	0.589054	4.602997
11706	-1473.505	-1569.697	96.19285	0.7146419	0.541737	0.458263	4.903735
11712	-1475.479	-1572.287	96.80783	0.6824544	0.427752	0.572248	4.577965
11718	-1477.15	-1575.596	98.44564	0.9025766	0.453676	0.546324	3.517205
11724	-1483.418	-1581.484	98.06588	1.082072	0.498184	0.501816	3.633619
11730	-1484.933	-1584.111	99.17756	0.9166658	0.498184	0.501816	3.077413
11736	-1483.751	-1581.796	98.04455	0.7670992	0.552862	0.447138	3.827805
11742	-1483.598	-1577.989	94.39106	0.5390033	0.452013	0.547987	5.992723
11748	-1477.655	-1573.901	96.24618	0.6579262	0.451428	0.548572	4.905619
11754	-1472.149	-1568.506	96.35671	0.5648371	0.443258	0.556742	4.895907
11760	-1476.536	-1572.635	96.09927	0.6479753	0.490942	0.509058	4.992862
11766	-1477.085	-1573.285	96.20018	0.6925989	0.398354	0.601646	4.911926
11772	-1478.42	-1573.23	94.81022	0.5356444	0.380273	0.619727	5.765493
11778	-1478.24	-1573.09	94.85005	0.4958175	0.425609	0.574391	5.765493
11784	-1479.878	-1574.198	94.31932	0.5987173	0.420221	0.579779	5.999281
11790	-1479.085	-1575.247	96.16176	0.596389	0.420221	0.579779	4.986806
11796	-1481.663	-1579.384	97.72062	0.6631568	0.408656	0.591344	4.072755
11802	-1488.914	-1585.764	96.84999	0.692152	0.49236	0.50764	4.548849
11808	-1481.939	-1577.305	95.36636	0.7439264	0.48116	0.51884	5.345461
11814	-1482.89	-1579.758	96.86807	0.5276729	0.388488	0.611512	4.630995
11820	-1488.581	-1586.479	97.89777	0.6642232	0.618547	0.381453	3.970996
11826	-1477.716	-1574.927	97.21122	1.064205	0.327009	0.672991	4.134445
11832	-1479.828	-1577.8	97.97158	0.9792451	0.560778	0.439222	3.747631
11838	-1479.368	-1575.217	95.84862	0.4927024	0.358236	0.641764	5.217862
11844	-1476.994	-1572.309	95.31499	0.4863981	0.452068	0.547932	5.515575
11850	-1481.997	-1578.248	96.25037	0.6813271	0.507189	0.492811	4.890254
11856	-1484.253	-1581.123	96.87002	0.8641973	0.507017	0.492983	4.440786
11862	-1474.166	-1571.162	96.99528	0.7386561	0.507017	0.492983	4.440945
11868	-1470.857	-1568.104	97.24716	0.7319659	0.541338	0.458662	4.302522
11874	-1469.874	-1566.516	96.6413	0.6926801	0.476912	0.523088	4.665603
11880	-1478.811	-1575.81	96.999	0.721189	0.402352	0.597648	4.44869
11886	-1492.996	-1588.835	95.8388	0.7092004	0.399505	0.600495	5.103442
11892	-1496.795	-1592.671	95.87578	0.6835585	0.300015	0.699985	5.097154
11898	-1499.116	-1594.944	95.82759	0.7317476	0.359197	0.640803	5.097154
11904	-1495.678	-1590.372	94.6943	0.4827262	0.617138	0.382862	5.85786
11910	-1488.47	-1583.025	94.55524	0.6217845	0.643472	0.356528	5.85786
11916	-1492.036	-1588.403	96.36696	0.6129303	0.52223	0.47777	4.863408
11922	-1483.283	-1579.558	96.27537	0.6836994	0.439967	0.560033	4.875007
11928	-1479.037	-1575.4	96.36279	0.5947283	0.394324	0.605676	4.875871
11934	-1481.055	-1575.137	94.08192	0.5529356	0.495101	0.504899	6.15357
11940	-1486.596	-1580.732	94.13595	0.4734397	0.51103	0.48897	6.167425
11946	-1487.952	-1585.192	97.24063	0.7321698	0.395574	0.604426	4.3061
11952	-1498.434	-1596.313	97.87853	0.8352682	0.406721	0.593279	3.884019
11958	-1490.902	-1588.464	97.56187	0.9003029	0.406721	0.593279	4.028035
11964	-1481.495	-1576.447	94.9515	0.5601371	0.453589	0.546411	5.674668
11970	-1476.389	-1571.951	95.56216	0.6778984	0.453589	0.546411	5.273829
11976	-1480.926	-1576.466	95.53984	0.7002194	0.425778	0.574222	5.273829
11982	-1487.758	-1584.534	96.77659	0.7781371	0.48087	0.51913	4.541778
11988	-1489.325	-1586.163	96.83781	0.7169189	0.48087	0.51913	4.541778
11994	-1477.114	-1573.563	96.44876	0.7353015	0.489907	0.510093	4.749469
12000	-1480.633	-1577.51	96.87768	0.8035367	0.489907	0.510093	4.470639
12006	-1482.478	-1579.591	97.11295	0.7368417	0.436458	0.563542	4.375608
12012	-1485.266	-1583.346	98.07973	0.8567847	0.455829	0.544171	3.755888
12018	-1481.591	-1579.589	97.99801	0.9454629	0.516443	0.483557	3.751875
12024	-1485.951	-1584.198	98.24689	0.9458419	0.583388	0.416612	3.607643
12030	-1479.564	-1577.214	97.65023	0.8254025	0.483941	0.516059	4.02035
12036	-1481.878	-1578.709	96.83079	0.6481323	0.526843	0.473157	4.584342
12042	-1482.442	-1579.57	97.12887	0.7529649	0.622294	0.377706	4.357517
12048	-1485.052	-1582.717	97.66499	0.7529649	0.701233	0.298767	4.053267
12054	-1490.553	-1586.673	96.12078	0.8009496	0.55787	0.44213	4.895807
12060	-1500.516	-1595.754	95.23781	0.5010752	0.45202	0.54798	5.549933
12066	-1497.705	-1592.44	94.73451	0.4765042	0.484697	0.515303	5.839277
12072	-1484.629	-1582.226	97.59712	0.8732317	0.426794	0.573206	4.023366
12078	-1494.961	-1592.357	97.39635	0.6678742	0.607282	0.392718	4.254337
12084	-1487.918	-1584.477	96.55859	0.6979035	0.470407	0.529593	4.708971
12090	-1490.088	-1585.769	95.68105	0.7154378	0.362396	0.637604	5.187352
12096	-1485.704	-1582.851	97.1471	0.5715879	0.567071	0.432929	4.449539
12102	-1482.661	-1579.651	96.98979	0.6729769	0.533573	0.466427	4.481022
12108	-1484.709	-1579.502	94.79272	0.6266396	0.563042	0.436958	5.725244
12114	-1485.148	-1582.396	97.24724	0.8031682	0.40828	0.59172	4.262164
12120	-1488.351	-1585.101	96.75036	0.7384841	0.390923	0.609077	4.578776
12126	-1483.769	-1579.98	96.21075	0.6791949	0.481818	0.518182	4.913503
12132	-1492.766	-1587.307	94.54083	0.6196561	0.44457	0.55543	5.866904
12138	-1487.681	-1584.109	96.42796	0.7013399	0.482785	0.517215	4.780058
12144	-1485.602	-1581.829	96.22665	0.9026547	0.359123	0.640877	4.780058
12150	-1485.795	-1579.509	93.71401	0.5863766	0.41626	0.58374	6.335364
12156	-1477.303	-1573.091	95.78806	0.6299387	0.41626	0.58374	5.175443
12162	-1489.195	-1584.839	95.64427	0.816591	0.409931	0.590069	5.151719
12168	-1481.083	-1575.812	94.72823	0.4722059	0.409931	0.590069	5.845063
12174	-1482.612	-1578.571	95.95871	0.5974781	0.422129	0.577871	5.098902
12180	-1489.786	-1584.632	94.84629	0.6149341	0.429713	0.570287	5.702306
12186	-1483.101	-1580.647	97.54613	0.7177273	0.456403	0.543597	4.141027
12192	-1490.044	-1587.508	97.46342	0.8081313	0.645606	0.354394	4.136647
12198	-1487.07	-1584.508	97.43788	0.909488	0.43328	0.56672	4.093499
12204	-1478.698	-1575.805	97.1065	0.7313973	0.387725	0.612275	4.382322
12210	-1483.829	-1579.026	95.19647	0.6118265	0.675404	0.324596	5.511779
12216	-1470.493	-1565.855	95.36122	0.4470752	0.470574	0.529426	5.511779
12222	-1476.859	-1571.871	95.01197	0.6849318	0.464773	0.535227	5.572996
12228	-1475.84	-1571.043	95.20253	0.4943792	0.508084	0.491916	5.572996
12234	-1485.091	-1580.471	95.37966	0.317245	0.523608	0.476392	5.572996
12240	-1480.4	-1575.539	95.13928	0.5576217	0.508251	0.491749	5.572996
12246	-1486.317	-1583.018	96.70147	0.8303255	0.450678	0.549322	4.554657
12252	-1476.51	-1572.343	95.83287	0.5390489	0.564797	0.435203	5.200942
12258	-1486.003	-1582.539	96.53568	0.6763404	0.482226	0.517774	4.73384
12264	-1475.904	-1573.43	97.52625	0.5901795	0.537097	0.462903	4.224749
12270	-1476.137	-1573.106	96.96886	0.7730098	0.459089	0.540911	4.436479
12276	-1479.191	-1576.618	97.42744	0.7594701	0.375032	0.624968	4.184748
12282	-1477.22	-1571.712	94.49286	0.5625219	0.55632	0.44368	5.924322
12288	-1479.748	-1577.731	97.98275	0.8703317	0.516971	0.483029	3.803964
12294	-1476.21	-1572.726	96.51639	0.5090497	0.446489	0.553511	4.838014
12300	-1481.15	-1579.412	98.26206	0.5675294	0.446489	0.553511	3.817485
12306	-1479.989	-1577.888	97.89905	0.9371789	0.53767	0.46233	3.813662
12312	-1474.65	-1573.317	98.66661	0.9449939	0.53767	0.46233	3.363113
12318	-1473.735	-1569.665	95.93017	0.7170408	0.469692	0.530308	5.048414
12324	-1481.596	-1577.714	96.1186	0.5286118	0.469692	0.530308	5.048414
12330	-1475.133	-1572.221	97.08799	0.8082394	0.585947	0.414053	4.349382
12336	-1471.904	-1569.146	97.2416	0.7305546	0.452018	0.547982	4.306461
12342	-1480.259	-1576.917	96.6585	0.5118489	0.452018	0.547982	4.757128
12348	-1481.296	-1578.258	96.96203	0.7763627	0.577766	0.422234	4.438439
12354	-1482.403	-1579.254	96.85073	0.6585807	0.557733	0.442267	4.567284
12360	-1484.536	-1581.986	97.44997	0.821302	0.506423	0.493577	4.13681
12366	-1479.012	-1575.285	96.27313	0.5429201	0.479999	0.520001	4.954614
12372	-1492.963	-1589.433	96.47002	0.4128674	0.479999	0.520001	4.917429
12378	-1496.552	-1592.661	96.10851	0.4719307	0.538044	0.461956	5.085452
12384	-1488.953	-1584.793	95.84013	0.6390858	0.452638	0.547362	5.141551
12390	-1487.947	-1582.531	94.58388	0.6174735	0.357987	0.642013	5.84456
12396	-1487.132	-1583.546	96.41354	0.5688794	0.357987	0.642013	4.861999
12402	-1484.133	-1581.149	97.01628	0.5880709	0.402784	0.597216	4.513885
12408	-1483.473	-1579.636	96.16304	0.3911584	0.498478	0.501522	5.100004
12414	-1482.296	-1578.641	96.34454	0.5781282	0.526564	0.473436	4.895284
12420	-1479.798	-1576.826	97.0282	0.5838937	0.460963	0.539037	4.509531
12426	-1482.017	-1578.526	96.50941	0.5180407	0.38949	0.61051	4.836892
12432	-1483.821	-1582.154	98.33259	0.7143478	0.446929	0.553071	3.692113
12438	-1476.815	-1573.616	96.80104	0.6845246	0.461471	0.538529	4.580616
12444	-1488.685	-1585.839	97.15369	0.8859627	0.420365	0.579635	4.268258
12450	-1492.216	-1588.694	96.47877	0.733898	0.439165	0.560835	4.733476
12456	-1483.883	-1581.061	97.17764	0.5065461	0.506507	0.493493	4.468966
12462	-1477.436	-1573.249	95.81341	0.5652068	0.602997	0.397003	5.197235
12468	-1482.884	-1577.573	94.68868	0.5652068	0.5765	0.4235	5.815829
12474	-1486.125	-1582.077	95.95265	0.444666	0.499948	0.500052	5.186893
12480	-1497.129	-1594.736	97.60659	0.7818532	0.572161	0.427839	4.070091
12486	-1496.104	-1592.807	96.70324	0.7998496	0.455546	0.544454	4.57078
12492	-1494.643	-1590.692	96.04938	0.6845299	0.375492	0.624508	5.00027
12498	-1490.475	-1587.944	97.46897	0.6147713	0.566217	0.433783	4.243281
12504	-1497.949	-1593.163	95.21426	0.5897609	0.499548	0.500452	5.514129
12510	-1497.034	-1592.662	95.62833	0.473723	0.433649	0.566351	5.350004
12516	-1489.387	-1586.102	96.71523	0.6314187	0.549418	0.450582	4.658505
12522	-1488.999	-1586.556	97.5569	0.8590831	0.478887	0.521113	4.054388
12528	-1489.563	-1587.042	97.47875	0.8347519	0.342736	0.657264	4.112783
12534	-1496.252	-1593.295	97.04331	0.7448831	0.567094	0.432906	4.410365
12540	-1484.741	-1579.633	94.89129	0.4866705	0.432256	0.567744	5.747923
12546	-1493.241	-1588.922	95.68107	0.2333684	0.432256	0.567744	5.45338
12552	-1475.647	-1571.004	95.35768	0.5971741	0.405942	0.594058	5.431127
12558	-1482.431	-1581.607	99.17576	0.9436477	0.440011	0.559989	3.06237
12564	-1477.16	-1574.749	97.58968	0.8377807	0.440011	0.559989	4.047845
12570	-1486.449	-1582.037	95.58852	0.4243276	0.401849	0.598151	5.399179
12576	-1490.749	-1587.398	96.64859	0.6178768	0.563589	0.436411	4.703389
12582	-1486.109	-1580.889	94.77988	0.473221	0.521281	0.478719	5.816261
12588	-1484.612	-1580.365	95.75323	0.588955	0.320931	0.679069	5.217387
12594	-1488.388	-1585.035	96.64693	0.6935057	0.528375	0.471625	4.661985
12600	-1479.875	-1576.178	96.30369	0.5504163	0.354653	0.645347	4.933449
12606	-1482.46	-1578.969	96.50994	0.6445065	0.502898	0.497102	4.766011
12612	-1479.417	-1574.599	95.18255	0.6133458	0.508497	0.491503	5.518596
12618	-1492.105	-1588.318	96.21273	0.4026927	0.526523	0.473477	5.066051
12624	-1487.16	-1583.616	96.45591	0.6565479	0.342653	0.657347	4.789462
12630	-1484.718	-1581.223	96.50496	0.6481071	0.396655	0.603345	4.766783
12636	-1479.628	-1576.209	96.58097	0.7941638	0.423011	0.576989	4.642546
12642	-1484.865	-1582.337	97.47195	0.6797558	0.471513	0.528487	4.204735
12648	-1479.238	-1574.062	94.82432	0.5376298	0.507336	0.492664	5.756686
12654	-1472.269	-1568.908	96.63982	0.5618302	0.474941	0.525059	4.739636
12660	-1484.02	-1582.467	98.44654	0.7143049	0.422498	0.577502	3.626147
12666	-1479.673	-1576.102	96.42873	0.692236	0.432818	0.567182	4.784712
12672	-1487.22	-1583.683	96.46244	0.6585203	0.433626	0.566374	4.784712
12678	-1486.048	-1582.499	96.45055	0.5403605	0.358281	0.641719	4.857262
12684	-1497.781	-1594.537	96.75609	0.5921233	0.428722	0.571278	4.657626
12690	-1495.725	-1591.491	95.76568	0.6341462	0.576922	0.423078	5.185503
12696	-1495.353	-1591.533	96.17965	0.6274283	0.366615	0.633385	4.959603
12702	-1485.321	-1582.457	97.13595	0.8242446	0.515003	0.484997	4.313228
12708	-1486.066	-1583.04	96.97453	0.8094205	0.400285	0.599715	4.412758
12714	-1476.248	-1572.978	96.72991	0.8094205	0.433936	0.566064	4.550429
12720	-1484.546	-1583.3	98.75333	1.028922	0.458085	0.541915	3.262619
12726	-1494.122	-1593.211	99.08916	0.9511215	0.557017	0.442983	3.109585
12732	-1490.901	-1586.912	96.01091	0.6363976	0.407588	0.592412	5.048361
12738	-1496.425	-1592.59	96.1646	0.5523387	0.414199	0.585801	5.009703
12744	-1488.777	-1582.707	93.92973	0.5445613	0.474709	0.525291	6.240901
12750	-1502.968	-1595.774	92.80524	0.2165509	0.495043	0.504957	7.026426
12756	-1492.281	-1587.331	95.05008	0.09395278	0.495548	0.504452	5.875894
12762	-1485.449	-1579.547	94.0976	0.3280517	0.468606	0.531394	6.26733
12768	-1484.459	-1579.206	94.7466	0.6553503	0.505178	0.494822	5.734781
12774	-1486.827	-1582.947	96.11999	0.60887	0.474488	0.525512	5.00308
12780	-1486.273	-1579.823	93.54968	0.466041	0.528961	0.471039	6.48973
12786	-1494.214	-1587.933	93.71853	0.297195	0.410437	0.589563	6.48973
12792	-1498.443	-1590.433	91.98998	0.2772384	0.537457	0.462543	7.431753
12798	-1496.166	-1590.214	94.04759	0.3159857	0.540324	0.459676	6.301053
12804	-1490.282	-1585.323	95.04148	0.497694	0.479452	0.520548	5.659571
12810	-1495.427	-1591.582	96.15542	0.5271506	0.287094	0.712906	5.028788
12816	-1499.179	-1594.555	95.37605	0.4160186	0.287094	0.712906	5.520702
12822	-1490.338	-1586.269	95.9313	0.5394768	0.349219	0.650781	5.146225
12828	-1485.93	-1581.745	95.81489	0.6252328	0.518857	0.481143	5.163196
12834	-1483.233	-1579.259	96.02566	0.5739484	0.504057	0.495943	5.074821
12840	-1480.247	-1577.627	97.37985	0.733755	0.374669	0.625331	4.226349
12846	-1478.509	-1576.258	97.74893	0.8819708	0.393579	0.606421	3.931547
12852	-1474.318	-1571.47	97.15196	0.6129596	0.464942	0.535058	4.423486
12858	-1492.057	-1588.238	96.18141	0.5210692	0.464942	0.535058	5.01773
12864	-1495.972	-1591.801	95.8298	0.4440416	0.470721	0.529279	5.255168
12870	-1481.498	-1577.374	95.87595	0.5237651	0.640356	0.359644	5.185562
12876	-1486.435	-1581.206	94.77024	0.2331436	0.512198	0.487802	5.952715
12882	-1500.605	-1598.567	97.96228	0.8884428	0.558612	0.441388	3.805319
12888	-1488.797	-1585.399	96.60192	0.7946941	0.43149	0.56851	4.630507
12894	-1488.012	-1583.747	95.73486	0.8030325	0.534036	0.465964	5.109043
12900	-1487.575	-1585.837	98.26236	1.085385	0.445818	0.554182	3.517483
12906	-1486.963	-1583.684	96.7213	0.7830732	0.575431	0.424569	4.570058
12912	-1496.003	-1592.194	96.19011	0.7830732	0.51295	0.48705	4.867142
12918	-1496.519	-1592.719	96.19983	0.7733545	0.555492	0.444508	4.867142
12924	-1487.739	-1584.255	96.51613	0.6614359	0.355381	0.644619	4.753096
12930	-1490.415	-1585.804	95.38933	0.867653	0.503412	0.496588	5.264479
12936	-1484.602	-1581.727	97.12514	0.7276132	0.490916	0.509084	4.373939
12942	-1482.649	-1579.117	96.46853	0.7374348	0.439279	0.560721	4.737227
12948	-1485.942	-1582.828	96.88583	0.7795577	0.494602	0.505398	4.479549
12954	-1481.72	-1579.357	97.63652	0.8457242	0.393955	0.606045	4.016573
12960	-1487.884	-1584.776	96.89195	0.7046025	0.565482	0.434518	4.518272
12966	-1485.48	-1583.116	97.63564	0.7773846	0.563647	0.436353	4.056079
12972	-1490.29	-1587.322	97.03219	0.8906296	0.494625	0.505375	4.33436
12978	-1492.778	-1589.818	97.0397	0.8210885	0.549672	0.450328	4.369401
12984	-1488.612	-1584.808	96.19674	0.8009139	0.44137	0.55863	4.853507
12990	-1486.015	-1584.748	98.73226	0.9961497	0.555394	0.444606	3.294388
12996	-1489.964	-1587.848	97.8846	0.7299422	0.460706	0.539294	3.94092
13002	-1476.845	-1573.244	96.39918	0.7089712	0.536762	0.463238	4.791867
13008	-1475.012	-1570.771	95.75902	0.590869	0.524328	0.475672	5.213126
13014	-1471.694	-1567.931	96.23652	0.663492	0.422634	0.577366	4.907897
13020	-1471.413	-1567.663	96.24979	0.6502217	0.422634	0.577366	4.907897
13026	-1473.009	-1570.369	97.35989	0.8533921	0.464053	0.535947	4.169772
13032	-1479.483	-1577.49	98.00712	0.7813524	0.533873	0.466127	3.84113
13038	-1494.053	-1589.342	95.28866	0.5372877	0.494074	0.505926	5.502071
13044	-1497.015	-1595.418	98.40285	1.100992	0.459305	0.540695	3.426304
13050	-1493.741	-1591.006	97.26576	0.6827576	0.482916	0.517084	4.319832
13056	-1490.385	-1587.854	97.46909	0.9982987	0.389624	0.610376	4.025055
13062	-1488.56	-1588.06	99.50078	1.087181	0.50732	0.49268	2.77967
13068	-1487.773	-1586.02	98.24741	1.0387	0.488173	0.511827	3.553374
13074	-1493.048	-1590.135	97.08657	0.5878597	0.577299	0.422701	4.474462
13080	-1488.676	-1586.14	97.46454	0.6457613	0.610573	0.389427	4.228223
13086	-1486.881	-1584.207	97.32519	0.7851149	0.610573	0.389427	4.228223
13092	-1490.07	-1586.351	96.28107	0.7774299	0.493872	0.506128	4.819572
13098	-1490.408	-1585.986	95.57799	0.637317	0.609102	0.390898	5.2875
13104	-1490.738	-1586.832	96.09448	0.7757425	0.375787	0.624213	4.92448
13110	-1498.546	-1595.197	96.65121	0.4116827	0.487158	0.512842	4.817122
13116	-1496.415	-1591.571	95.15534	0.5817777	0.53154	0.46846	5.550902
13122	-1489.119	-1585.754	96.63492	0.7920449	0.545561	0.454439	4.613494
13128	-1485.766	-1582.722	96.9562	0.69154	0.45126	0.54874	4.489479
13134	-1484.971	-1582.663	97.69169	0.6616864	0.504084	0.495916	4.090076
13140	-1483.543	-1581.186	97.64309	0.8052521	0.488939	0.511061	4.035928
13146	-1496.79	-1594.356	97.56581	0.8825307	0.488939	0.511061	4.035928
13152	-1476.621	-1573.703	97.0823	0.688934	0.488939	0.511061	4.419929
13158	-1483.976	-1581.767	97.7907	0.6001104	0.488939	0.511061	4.068746
13164	-1485.09	-1583.677	98.58764	0.732712	0.453679	0.546321	3.53344
13170	-1487.312	-1585.918	98.60609	0.9779396	0.543645	0.456355	3.379299
13176	-1484.723	-1582.51	97.78709	0.9578375	0.501701	0.498299	3.866146
13182	-1482.139	-1579.537	97.39776	0.6625163	0.493454	0.506546	4.256579
13188	-1485.071	-1581.461	96.38942	0.6924726	0.48603	0.51397	4.806524
13194	-1484.684	-1581.754	97.07005	0.8110379	0.466466	0.533534	4.357938
13200	-1486.475	-1582.552	96.07698	0.5443936	0.452791	0.547209	5.062751
13206	-1487.135	-1583.354	96.21949	0.7669752	0.462427	0.537573	4.859744
13212	-1488.222	-1583.294	95.07206	0.7681863	0.475193	0.524807	5.494205
13218	-1482.548	-1577.346	94.79748	0.5364856	0.494369	0.505631	5.772007
13224	-1479.792	-1574.354	94.5614	0.6180006	0.569362	0.430638	5.856563
13230	-1468.202	-1564.439	96.2367	0.7273372	0.422517	0.577483	4.872242
13236	-1470.431	-1566.558	96.1273	0.6052389	0.440419	0.559581	5.001032
13242	-1473.086	-1569.401	96.31473	0.565257	0.560243	0.439757	4.919048
13248	-1480.343	-1576.277	95.93389	0.8371093	0.455011	0.544989	4.979661
13254	-1481.485	-1577.678	96.19301	0.577996	0.405263	0.594737	4.979661
13260	-1476.327	-1572.256	95.92917	0.5592732	0.483692	0.516308	5.136441
13266	-1479.317	-1575.192	95.87486	0.6135829	0.483692	0.516308	5.136441
13272	-1478.255	-1573.063	94.80751	0.6168694	0.43462	0.56538	5.722496
13278	-1480.05	-1575.755	95.70567	0.6300448	0.580321	0.419679	5.220964
13284	-1479.587	-1575.425	95.83831	0.6996197	0.504845	0.495155	5.109021
13290	-1483.522	-1578.48	94.95731	0.4557981	0.531906	0.468094	5.728671
13296	-1487.921	-1583.582	95.6609	0.5610178	0.519759	0.480241	5.283851
13302	-1485.042	-1580.017	94.97595	0.7129135	0.519759	0.480241	5.577411
13308	-1485.929	-1581.583	95.65369	0.5796559	0.514135	0.485865	5.27754
13314	-1486.189	-1581.806	95.61689	0.5243348	0.400401	0.599599	5.328392
13320	-1484.153	-1581.773	97.62016	0.7580768	0.433049	0.566951	4.075913
13326	-1480.93	-1577.961	97.03151	0.7656042	0.345244	0.654756	4.405334
13332	-1487.87	-1583.629	95.7597	0.7656042	0.456568	0.543432	5.116019
13338	-1485.639	-1582.777	97.13807	0.7377108	0.489206	0.510794	4.360935
13344	-1488.86	-1584.395	95.53513	0.4878466	0.477037	0.522963	5.3936
13350	-1493.891	-1589.378	95.48639	0.5365871	0.362853	0.637147	5.3936
13356	-1486.856	-1582.831	95.9752	0.732069	0.521745	0.478255	5.01507
13362	-1501.992	-1598.34	96.34824	0.6634832	0.617169	0.382831	4.845664
13368	-1497.259	-1593.529	96.26951	0.7422138	0.359734	0.640266	4.845664
13374	-1484.162	-1579.886	95.72435	0.6793191	0.365608	0.634392	5.183375
13380	-1475.069	-1572.169	97.09986	0.6835594	0.422127	0.577873	4.413057
13386	-1482.226	-1578.855	96.62917	0.833602	0.446297	0.553703	4.593409
13392	-1480.19	-1576.328	96.13799	0.8232152	0.430665	0.569335	4.873816
13398	-1470.642	-1566.973	96.33159	0.6478249	0.376292	0.623708	4.863673
13404	-1478.037	-1574.696	96.65863	0.6478249	0.548736	0.451264	4.681012
13410	-1476.82	-1573.408	96.58757	0.7682745	0.387227	0.612773	4.653351
13416	-1485.041	-1581.171	96.12933	0.6446435	0.415337	0.584663	4.978007
13422	-1486.837	-1584.612	97.77476	0.8273742	0.39703	0.60297	3.948022
13428	-1491.101	-1586.664	95.5626	0.4730783	0.477347	0.522653	5.386599
13434	-1486.907	-1584.196	97.28915	0.6337538	0.412415	0.587585	4.334314
13440	-1497.974	-1595.139	97.165	0.5929783	0.285382	0.714618	4.427396
13446	-1489.093	-1585.764	96.67177	0.6951139	0.565473	0.434527	4.647167
13452	-1492.491	-1590.287	97.79533	0.8551493	0.504259	0.495741	3.920329
13458	-1497.247	-1594.611	97.36493	0.813055	0.58964	0.41036	4.189818
13464	-1491.466	-1588.124	96.65778	0.7113282	0.527306	0.472694	4.645922
13470	-1485.036	-1582.283	97.24633	0.7819646	0.403241	0.596759	4.274691
13476	-1476.311	-1573.196	96.88552	0.6463346	0.49489	0.50511	4.554626
13482	-1492.108	-1590.455	98.34624	0.7567538	0.49489	0.50511	3.65967
13488	-1490.209	-1585.256	95.04738	0.4415181	0.48498	0.51502	5.687139
13494	-1479.842	-1576.556	96.71405	0.8427431	0.495977	0.504023	4.540619
13500	-1482.329	-1578.305	95.97553	0.6650611	0.462156	0.537844	5.052087
13506	-1484.284	-1580.18	95.89513	0.6523126	0.428081	0.571919	5.103748
13512	-1485.759	-1581.708	95.94918	0.5982678	0.47425	0.52575	5.103748
13518	-1482.038	-1577.982	95.94462	0.6589344	0.509141	0.490859	5.072634
13524	-1478.967	-1574.467	95.49965	0.7987844	0.330003	0.669997	5.241576
13530	-1496.929	-1594.8	97.8705	0.9427872	0.518785	0.481215	3.826862
13536	-1491.755	-1589.49	97.7343	0.7725966	0.523213	0.476787	4.002493
13542	-1491.5	-1589.095	97.59523	0.811645	0.44273	0.55727	4.059584
13548	-1488.545	-1585.949	97.40412	0.7244671	0.444033	0.555967	4.217852
13554	-1480.617	-1576.603	95.98648	0.5664479	0.537616	0.462384	5.100706
13560	-1491.562	-1585.152	93.59057	0.5073789	0.514235	0.485765	6.445172
13566	-1483.377	-1579.199	95.82198	0.6145404	0.552896	0.447104	5.165195
13572	-1492.529	-1588.989	96.45985	0.7438587	0.315717	0.684283	4.738488
13578	-1490.78	-1586.6	95.82014	0.7438587	0.376015	0.623985	5.094569
13584	-1496.037	-1593.185	97.14799	0.6017135	0.437954	0.562046	4.432061
13590	-1490.078	-1585.954	95.8758	0.5512964	0.417602	0.582398	5.170407
13596	-1485.895	-1581.753	95.85823	0.5688691	0.618518	0.381482	5.170407
13602	-1486.692	-1581.338	94.64589	0.6416624	0.50876	0.49124	5.797409
13608	-1487.33	-1583.277	95.94637	0.694508	0.414707	0.585293	5.051928
13614	-1484.392	-1579.524	95.13145	0.6963029	0.449647	0.550353	5.501075
13620	-1482.037	-1578.344	96.3077	0.6850883	0.401279	0.598721	4.856219
13626	-1486.627	-1582.978	96.35073	0.6420599	0.452688	0.547312	4.856219
13632	-1494.354	-1587.906	93.55216	0.5230532	0.380782	0.619218	6.457496
13638	-1496.763	-1590.354	93.59134	0.4838742	0.427737	0.572263	6.457496
13644	-1502.596	-1596.26	93.66422	0.4109973	0.353419	0.646581	6.457496
13650	-1505.939	-1599.165	93.22597	0.5519134	0.572455	0.427545	6.618474
13656	-1497.145	-1591.05	93.90457	0.408893	0.457036	0.542964	6.328261
13662	-1488.27	-1583.658	95.3887	0.6601503	0.499256	0.500744	5.379341
13668	-1482.516	-1577.72	95.20441	0.5498917	0.499256	0.500744	5.541458
13674	-1488.057	-1585.092	97.03506	0.9001505	0.586904	0.413096	4.327357
13680	-1486.069	-1582.486	96.41718	0.5687955	0.504072	0.495928	4.860014
13686	-1485.041	-1581.459	96.41734	0.5686364	0.555588	0.444412	4.860014
13692	-1483.443	-1580.369	96.92546	0.6803177	0.441543	0.558457	4.513085
13698	-1494.981	-1591.907	96.92546	0.6803177	0.551114	0.448886	4.513085
13704	-1489.894	-1586.507	96.61374	0.6060965	0.551114	0.448886	4.729471
13710	-1481.223	-1577.998	96.77466	0.7016922	0.409862	0.590138	4.585785
13716	-1481.835	-1577.874	96.03941	0.7016922	0.409862	0.590138	4.996278
13722	-1486.108	-1582.193	96.08516	0.6559447	0.460046	0.539954	4.996278
13728	-1489.153	-1584.193	95.04011	0.6046052	0.460046	0.539954	5.601655
13734	-1485.524	-1582.592	97.06818	0.6661115	0.493585	0.506415	4.440749
13740	-1482.339	-1579.556	97.21613	0.721902	0.431993	0.568007	4.325758
13746	-1477.124	-1572.599	95.4752	0.4629886	0.535931	0.464069	5.440306
13752	-1475.283	-1571.629	96.34597	0.7076765	0.423242	0.576758	4.822284
13758	-1475.236	-1571.788	96.55146	0.5021805	0.509032	0.490968	4.822284
13764	-1472.342	-1567.343	95.00145	0.7647056	0.516838	0.483162	5.534946
13770	-1472.53	-1570.072	97.54246	0.8235437	0.311739	0.688261	4.082879
13776	-1481.235	-1580.279	99.04421	0.9644828	0.296981	0.703019	3.128398
13782	-1484.167	-1581.996	97.82992	0.8078661	0.433031	0.566969	3.927605
13788	-1477.055	-1574.366	97.31071	0.7687243	0.410289	0.589711	4.245719
13794	-1476.375	-1572.352	95.97719	0.4525912	0.522148	0.477852	5.168924
13800	-1484.043	-1581.041	96.99777	0.602189	0.506327	0.493673	4.516354
13806	-1477.98	-1572.743	94.76362	0.6587295	0.452835	0.547165	5.723607
13812	-1480.545	-1575.267	94.72252	0.6109104	0.512615	0.487385	5.772301
13818	-1479.646	-1576.386	96.74002	0.6109104	0.279582	0.720418	4.656108
13824	-1478.677	-1576.302	97.62507	0.9398119	0.501339	0.498661	3.969341
13830	-1476.343	-1573.334	96.99053	0.7366328	0.396052	0.603948	4.444762
13836	-1483.144	-1580.281	97.13672	0.7239521	0.419496	0.580504	4.369468
13842	-1481.745	-1576.445	94.70021	0.7193444	0.624127	0.375873	5.725138
13848	-1484.842	-1581.961	97.11964	0.7811401	0.471722	0.528278	4.346811
13854	-1495.457	-1591.447	95.98965	0.5794999	0.474063	0.525937	5.091713
13860	-1485.475	-1583.712	98.2374	1.03236	0.407659	0.592341	3.562889
13866	-1480.969	-1579.082	98.11248	0.9308688	0.473358	0.526642	3.694188
13872	-1490.322	-1586.107	95.7855	0.649385	0.503206	0.496794	5.166097
13878	-1479.532	-1575.452	95.9207	0.3931001	0.432345	0.567655	5.233082
13884	-1483.029	-1578.435	95.4062	0.5079076	0.568045	0.431955	5.45356
13890	-1485.85	-1581.045	95.19502	0.5259352	0.409912	0.590088	5.559784
13896	-1478.573	-1573.783	95.20925	0.5117034	0.467846	0.532154	5.559784
13902	-1476.503	-1573.886	97.3825	0.7403526	0.412971	0.587029	4.221105
13908	-1484.471	-1582.843	98.37227	1.090385	0.488824	0.511176	3.450401
13914	-1474.993	-1573.537	98.54456	1.090385	0.416489	0.583511	3.3494
13920	-1473.258	-1570.025	96.76673	0.6138496	0.387088	0.612912	4.639497
13926	-1473.303	-1569.548	96.24499	0.6618074	0.398675	0.601325	4.904121
13932	-1476.648	-1572.559	95.91121	0.5026722	0.532117	0.467883	5.177721
13938	-1482.866	-1579.359	96.49291	0.2883491	0.534512	0.465488	4.973959
13944	-1483.834	-1578.819	94.98545	0.3982223	0.552075	0.447925	5.74479
13950	-1480.794	-1577.438	96.64372	0.6479096	0.430295	0.569705	4.689309
13956	-1488.222	-1585.211	96.98893	0.6442545	0.38804	0.61196	4.497668
13962	-1490.723	-1587.46	96.73689	0.6542808	0.538106	0.461894	4.633562
13968	-1494.016	-1589.207	95.1911	0.5665199	0.538936	0.461064	5.539638
13974	-1494.832	-1592.311	97.47902	0.8012604	0.623505	0.376495	4.131682
13980	-1489.913	-1587.411	97.49736	0.7829197	0.402095	0.597905	4.131682
13986	-1490.009	-1585.713	95.70432	0.6500864	0.36536	0.63464	5.210627
13992	-1478.338	-1576.019	97.68077	0.7465937	0.534927	0.465073	4.047901
13998	-1485.163	-1583.63	98.46706	0.7476309	0.537883	0.462117	3.594895
14004	-1484.123	-1580.879	96.7564	0.7979788	0.510358	0.489642	4.541975
14010	-1482.575	-1577.366	94.79142	0.4803219	0.469014	0.530986	5.80606
14016	-1486.621	-1583.396	96.7744	0.686012	0.518598	0.481402	4.594731
14022	-1487.435	-1585.339	97.90357	0.6243006	0.501372	0.498628	3.990508
14028	-1487.65	-1583.638	95.98805	0.5015168	0.428913	0.571087	5.135816
14034	-1491.114	-1585.579	94.4652	0.5015168	0.483313	0.516687	5.972723
14040	-1487.274	-1582.904	95.62985	0.5546335	0.613079	0.386921	5.304521
14046	-1490.934	-1586.801	95.86697	0.3175096	0.545708	0.454292	5.304521
14052	-1478.625	-1574.518	95.89279	0.5145028	0.554243	0.445757	5.181367
14058	-1481.086	-1576.571	95.4852	0.4901313	0.545031	0.454969	5.419849
14064	-1488.058	-1585.624	97.56592	0.8412569	0.518577	0.481423	4.05941
14070	-1485.347	-1581.704	96.35719	0.7839824	0.428447	0.571553	4.773428
14076	-1503.633	-1600.202	96.56894	0.8589752	0.308952	0.691048	4.612959
14082	-1490.853	-1586.977	96.12406	0.4797494	0.422926	0.577074	5.072491
14088	-1485.132	-1580.322	95.1903	0.6022253	0.527655	0.472345	5.520449
14094	-1486.733	-1581.921	95.1878	0.6047201	0.493354	0.506646	5.520449
14100	-1486.891	-1583.433	96.54207	0.862801	0.324666	0.675334	4.62588
14106	-1479.905	-1575.825	95.9205	0.7285398	0.362225	0.637775	5.047401
14112	-1481.03	-1577.704	96.67329	0.6021372	0.571229	0.428771	4.698377
14118	-1477.451	-1573.965	96.51406	0.6639261	0.429629	0.570371	4.75286
14124	-1469.687	-1566.315	96.62826	0.7217657	0.325212	0.674788	4.656614
14130	-1488.838	-1584.576	95.73855	0.7729298	0.572952	0.427048	5.123678
14136	-1485.749	-1581.632	95.88313	0.7101567	0.452141	0.547859	5.078329
14142	-1486.022	-1582.156	96.13481	0.6305902	0.441078	0.558922	4.982773
14148	-1477.501	-1572.745	95.24383	0.3722508	0.494646	0.505354	5.617374
14154	-1490.545	-1586.74	96.1952	0.5735445	0.476424	0.523576	4.980918
14160	-1483.726	-1580.66	96.93363	0.6754751	0.35537	0.64463	4.511211
14166	-1488.338	-1584.309	95.97083	0.5459669	0.53317	0.46683	5.120733
14172	-1489.505	-1584.888	95.38285	0.4983999	0.456564	0.543436	5.471647
14178	-1483.458	-1579.949	96.49041	0.7606981	0.461772	0.538228	4.711979
14184	-1479.244	-1577.104	97.85969	0.7700945	0.429209	0.570791	3.932189
14190	-1478.592	-1575.313	96.72064	0.7129976	0.482056	0.517944	4.60975
14196	-1483.788	-1580.027	96.23893	0.6067016	0.49357	0.50643	4.938161
14202	-1485.355	-1580.484	95.12985	0.5575632	0.532744	0.467256	5.578209
14208	-1480.306	-1576.31	96.00472	0.6793721	0.444126	0.555874	5.027939
14214	-1476.819	-1571.604	94.78495	0.4943226	0.474948	0.525052	5.801942
14220	-1471.282	-1567.02	95.73824	0.5680112	0.521685	0.478315	5.237255
14226	-1482.913	-1577.376	94.46343	0.4161993	0.600189	0.399811	6.020228
14232	-1482.571	-1577.457	94.8867	0.6347967	0.540728	0.459272	5.669264
14238	-1481.345	-1576.372	95.02643	0.4950695	0.489933	0.510067	5.669264
14244	-1475.308	-1572.784	97.47595	0.8744198	0.299724	0.700276	4.091785
14250	-1484.801	-1583.836	99.03442	1.009585	0.550599	0.449401	3.107366
14256	-1481.963	-1581.636	99.6729	1.001851	0.550599	0.449401	2.726644
14262	-1486.925	-1586.84	99.9148	1.089157	0.550599	0.449401	2.523286
14268	-1490.12	-1590.648	100.5276	1.30095	0.612584	0.387416	1.993068
14274	-1478.72	-1576.804	98.08318	0.9751055	0.412669	0.587331	3.685546
14280	-1491.465	-1588.658	97.19228	0.9129501	0.45644	0.54356	4.231095
14286	-1482.279	-1577.937	95.6581	0.6480141	0.54212	0.45788	5.237332
14292	-1478.691	-1574.241	95.54997	0.5455591	0.458964	0.541036	5.353604
14298	-1474.17	-1569.235	95.06497	0.6070796	0.416036	0.583964	5.586646
14304	-1476.249	-1572.923	96.67414	0.7840004	0.516173	0.483827	4.596003
14310	-1480.43	-1577.993	97.56333	0.8188196	0.490753	0.509247	4.073683
14316	-1478.023	-1574.525	96.50273	0.5421487	0.448594	0.551406	4.827173
14322	-1480.363	-1577.123	96.76029	0.7786756	0.577217	0.422783	4.55063
14328	-1479.127	-1575.887	96.76029	0.7786756	0.47906	0.52094	4.55063
14334	-1481.178	-1577.519	96.34137	0.8086164	0.529938	0.470062	4.768507
14340	-1478.905	-1574.009	95.10371	0.4487952	0.52056	0.47944	5.652258
14346	-1479.707	-1575.345	95.63795	0.7672929	0.390277	0.609723	5.182503
14352	-1483.502	-1579.299	95.79654	0.7227858	0.520037	0.479963	5.11933
14358	-1482.782	-1579.259	96.47726	0.6626817	0.380699	0.619301	4.774114
14364	-1491.762	-1586.533	94.77067	0.6849951	0.48133	0.51867	5.705354
14370	-1489.001	-1586.83	97.82897	0.7041796	0.517236	0.482764	3.987488
14376	-1486.45	-1581.965	95.51533	0.5317343	0.380569	0.619431	5.380326
14382	-1484.983	-1579.868	94.88531	0.604399	0.34696	0.65304	5.68669
14388	-1479.465	-1575.092	95.62703	0.5764239	0.583789	0.416211	5.294047
14394	-1474.643	-1570.251	95.60796	0.5954934	0.530999	0.469001	5.294047
14400	-1475.253	-1570.905	95.65156	0.4359447	0.557975	0.442025	5.358026
14406	-1476.937	-1572.65	95.71246	0.3750499	0.47591	0.52409	5.358026
14412	-1477.41	-1572.943	95.53316	0.5543484	0.552446	0.447554	5.358026
14418	-1475.895	-1571.517	95.62176	0.5612732	0.565576	0.434424	5.305321
14424	-1475.304	-1571.18	95.87662	0.5120747	0.505347	0.494653	5.191664
14430	-1477.423	-1573.879	96.45607	0.5480377	0.391456	0.608544	4.849905
14436	-1480.631	-1575.786	95.15428	0.4330307	0.449384	0.550616	5.63316
14442	-1480.756	-1575.842	95.08613	0.5011789	0.513708	0.486292	5.63316
14448	-1487.644	-1582.926	95.28196	0.5068939	0.36731	0.63269	5.522469
14454	-1487.344	-1581.211	93.86677	0.4314052	0.472096	0.527904	6.336564
14460	-1482.63	-1578.385	95.7547	0.6337658	0.457213	0.542787	5.191788
14466	-1484.438	-1579.595	95.15699	0.6875377	0.485103	0.514897	5.491853
14472	-1485.427	-1582.505	97.07812	1.029396	0.438144	0.561856	4.229799
14478	-1485.618	-1584.358	98.73981	1.029396	0.571858	0.428142	3.270325
14484	-1484.929	-1581.626	96.6973	0.7225819	0.324986	0.675014	4.617461
14490	-1475.736	-1571.901	96.16462	0.6111948	0.529221	0.470779	4.976986
14496	-1488.015	-1583.834	95.81827	0.6111948	0.529221	0.470779	5.1691
14502	-1483.796	-1581.489	97.69328	0.6718597	0.51223	0.48777	4.083374
14508	-1486.767	-1583.449	96.68183	0.8588223	0.579681	0.420319	4.549685
14514	-1489.886	-1585.651	95.76532	0.736838	0.534766	0.465234	5.128843
14520	-1495.068	-1593.919	98.85065	0.9791159	0.460679	0.539321	3.234544
14526	-1479.75	-1576.947	97.19729	0.8295685	0.446367	0.553633	4.275501
14532	-1481.424	-1579.857	98.43383	0.9443384	0.449651	0.550349	3.499741
14538	-1494.125	-1591.137	97.01125	0.8999871	0.392303	0.607697	4.340903
14544	-1484.746	-1582.904	98.1583	0.8924076	0.501127	0.498873	3.689932
14550	-1491.069	-1585.819	94.75001	0.6526134	0.35121	0.64879	5.734415
14556	-1483.482	-1578.842	95.35985	0.5931589	0.421454	0.578546	5.432144
14562	-1490.07	-1587.368	97.29854	0.570662	0.517475	0.482525	4.364647
14568	-1487.486	-1583.518	96.03168	0.5295325	0.552746	0.447254	5.096116
14574	-1484.473	-1582.104	97.63196	0.6140291	0.563146	0.436854	4.151186
14580	-1481.684	-1578.192	96.5082	0.5420126	0.374324	0.625676	4.824199
14586	-1485.3	-1580.778	95.47808	0.3876651	0.42577	0.57423	5.480177
14592	-1485.914	-1582.006	96.0927	0.7090892	0.460184	0.539816	4.962547
14598	-1480.674	-1575.4	94.7259	0.591233	0.536492	0.463508	5.781224
14604	-1489.032	-1583.002	93.96994	0.5254574	0.434948	0.565052	6.229423
14610	-1491.011	-1584.968	93.95629	0.5391146	0.483803	0.516197	6.229423
14616	-1479.995	-1575.017	95.02218	0.4787265	0.500717	0.499283	5.680554
14622	-1481.163	-1576.972	95.80834	0.5760188	0.578472	0.421528	5.194062
14628	-1485.97	-1581.576	95.6061	0.611334	0.547109	0.452891	5.286325
14634	-1481.97	-1577.514	95.54397	0.3021458	0.550807	0.449193	5.490978
14640	-1482.432	-1577.523	95.09125	0.3952657	0.446027	0.553973	5.688443
14646	-1485.417	-1580.473	95.05639	0.4301251	0.451495	0.548505	5.688443
14652	-1488.055	-1583.673	95.61762	0.3891187	0.366366	0.633634	5.402545
14658	-1490.185	-1585.867	95.68171	0.3250366	0.421306	0.578694	5.402545
14664	-1494.958	-1589.183	94.22507	0.2954685	0.522423	0.477577	6.215759
14670	-1491.571	-1586.966	95.39566	0.5069043	0.377489	0.622511	5.459919
14676	-1498.163	-1592.982	94.81865	0.447123	0.440745	0.559255	5.809329
14682	-1490.99	-1587.349	96.35972	0.6521289	0.416996	0.583004	4.845592
14688	-1496.547	-1593.136	96.58892	0.6619646	0.44946	0.55054	4.71211
14694	-1501.283	-1598.093	96.81005	0.5834846	0.529152	0.470848	4.632233
14700	-1495.688	-1592.441	96.75375	0.7469834	0.481009	0.518991	4.572104
14706	-1500.702	-1596.05	95.34812	0.6487309	0.473104	0.526896	5.407996
14712	-1488.918	-1584.92	96.00208	0.6586867	0.511176	0.488824	5.040892
14718	-1503.976	-1599.079	95.10326	0.5193075	0.283362	0.716638	5.613815
14724	-1485.47	-1581.042	95.5722	0.6649851	0.523569	0.476431	5.275417
14730	-1483.256	-1579.495	96.23887	0.6649851	0.470995	0.529005	4.905761
14736	-1479.969	-1576.278	96.30909	0.5947654	0.51522	0.48478	4.905761
14742	-1488.707	-1585.25	96.54308	0.6125331	0.46592	0.53408	4.765359
14748	-1473.88	-1568.586	94.7061	0.6404127	0.46592	0.53408	5.765141
14754	-1499.018	-1596.537	97.51833	0.8498436	0.44811	0.55189	4.081647
14760	-1485.259	-1583.053	97.79392	0.7809775	0.585543	0.414457	3.963611
14766	-1487.662	-1585.447	97.7855	0.8044241	0.508185	0.491815	3.955012
14772	-1482.762	-1579.624	96.86185	0.8851875	0.625204	0.374796	4.433566
14778	-1485.403	-1581.288	95.88483	0.6901389	0.549069	0.450931	5.088487
14784	-1478.71	-1575.129	96.41833	0.6443879	0.549069	0.450931	4.817224
14790	-1482.729	-1579.091	96.36148	0.701229	0.592882	0.407118	4.817224
14796	-1481.821	-1578.159	96.3382	0.7245147	0.464678	0.535322	4.817224
14802	-1488.244	-1583.94	95.69637	0.6769395	0.506147	0.493853	5.200172
14808	-1493.241	-1588.7	95.45875	0.8095687	0.458414	0.541586	5.258219
14814	-1489.581	-1585.214	95.63263	0.6274158	0.501121	0.498879	5.262787
14820	-1484.086	-1579.302	95.2159	0.4460591	0.395981	0.604019	5.59219
14826	-1484.106	-1579.731	95.62529	0.4813783	0.516421	0.483579	5.347456
14832	-1486.746	-1584.226	97.47993	0.8350701	0.562186	0.437814	4.111927
14838	-1483.539	-1580.218	96.67882	0.729161	0.480741	0.519259	4.624136
14844	-1480.513	-1576.524	96.01055	0.7674558	0.419994	0.580006	4.97577
14850	-1481.36	-1577.3	95.94022	0.5808134	0.446308	0.553692	5.118384
14856	-1489.012	-1585.648	96.63564	0.732464	0.440446	0.559554	4.646487
14862	-1483.38	-1580.135	96.75539	0.6127104	0.349985	0.650015	4.646487
14868	-1491.198	-1586.678	95.48064	0.4776608	0.432235	0.567765	5.429228
14874	-1488.281	-1586.127	97.84624	0.7388775	0.546228	0.453772	3.957761
14880	-1484.94	-1581.128	96.18876	0.604721	0.459368	0.540632	4.967166
14886	-1485.204	-1581.289	96.08406	0.7094219	0.464533	0.535467	4.967166
14892	-1485.453	-1580.558	95.10434	0.5092854	0.584552	0.415448	5.618719
14898	-1489.671	-1583.836	94.16526	0.3736823	0.415977	0.584023	6.205749
14904	-1489.602	-1583.879	94.27735	0.4885791	0.411216	0.588784	6.082198
14910	-1496.189	-1590.274	94.0858	0.5727858	0.383105	0.616895	6.140655
14916	-1495.701	-1589.655	93.95407	0.4856823	0.519755	0.480245	6.259667
14922	-1496.834	-1592.278	95.44374	0.7895072	0.542643	0.457357	5.277594
14928	-1487.618	-1583.32	95.70203	0.5312211	0.551	0.449	5.277594
14934	-1497.139	-1594.051	96.91189	0.6023803	0.533671	0.466329	4.5645
14940	-1485.98	-1581.586	95.60611	0.4487705	0.306187	0.693813	5.376015
14946	-1489.034	-1584.435	95.40021	0.3876811	0.598363	0.401637	5.522994
14952	-1491.085	-1586.701	95.61619	0.6016442	0.460571	0.539429	5.286104
14958	-1493.503	-1589.378	95.87497	0.782446	0.508762	0.491238	5.042748
14964	-1482.054	-1578.609	96.5554	0.5246215	0.475419	0.524581	4.807567
14970	-1491.36	-1589.102	97.74236	0.7549243	0.530202	0.469798	4.007986
14976	-1497.694	-1595.368	97.67465	0.8226341	0.572637	0.427363	4.007986
14982	-1494.95	-1590.912	95.96241	0.8133085	0.370921	0.629079	4.977041
14988	-1491.523	-1586.515	94.9916	0.6239753	0.462144	0.537856	5.617652
14994	-1494.259	-1590.398	96.13848	0.6082256	0.337229	0.662771	4.993166
15000	-1495.208	-1588.486	93.27792	0.5533212	0.334197	0.665803	6.58961
15006	-1487.849	-1581.211	93.36207	0.3526876	0.419528	0.580472	6.652608
15012	-1485.275	-1578.804	93.52877	0.3624244	0.530424	0.469576	6.557163
15018	-1491.106	-1584.124	93.01811	0.4484866	0.450951	0.549049	6.786661
15024	-1501.106	-1595.791	94.68544	0.5859669	0.388697	0.611303	5.806247
15030	-1496.063	-1591.483	95.42065	0.7386222	0.456246	0.543754	5.318435
15036	-1482.78	-1578.116	95.33626	0.8230103	0.474027	0.525973	5.318435
15042	-1487.441	-1583.849	96.40813	0.6362506	0.640182	0.359818	4.827452
15048	-1486.621	-1585.263	98.64151	1.033234	0.354083	0.645917	3.325991
15054	-1487.457	-1586.035	98.57842	1.033234	0.423905	0.576095	3.363086
15060	-1492.658	-1590.894	98.2359	1.010694	0.521725	0.478275	3.576354
15066	-1483.883	-1580.717	96.83376	0.8096365	0.451059	0.548941	4.491925
15072	-1493.022	-1588.654	95.63207	0.7796931	0.617854	0.382146	5.178896
15078	-1481.746	-1578.239	96.49353	0.7009197	0.565348	0.434652	4.743664
15084	-1480.323	-1576.583	96.25943	0.6001711	0.455575	0.544425	4.930392
15090	-1487.947	-1582.917	94.96999	0.307149	0.504103	0.495897	5.803112
15096	-1486.036	-1582.228	96.19172	0.5591505	0.448413	0.551587	4.990851
15102	-1487.014	-1583.195	96.18142	0.6563268	0.412516	0.587484	4.942549
15108	-1479.192	-1575.144	95.95233	0.4183406	0.538482	0.461518	5.201631
15114	-1501.525	-1596.86	95.33552	0.6943448	0.553347	0.446653	5.389807
15120	-1489.22	-1585.744	96.52366	0.6959559	0.291922	0.708078	4.729591
15126	-1486.644	-1581.802	95.15819	0.6088529	0.412771	0.587229	5.534459
15132	-1507.482	-1602.075	94.59333	0.6984307	0.509291	0.490709	5.795106
15138	-1487.003	-1581.732	94.72898	0.6085811	0.428195	0.571805	5.770041
15144	-1479.518	-1575.134	95.6154	0.5612436	0.572419	0.427581	5.308847
15150	-1483.361	-1579.701	96.33965	0.7874666	0.615075	0.384925	4.781278
15156	-1478.303	-1575.329	97.02538	0.69081	0.618325	0.381675	4.450942
15162	-1484.464	-1581.012	96.54809	0.674765	0.596512	0.403488	4.727782
15168	-1489.004	-1586.23	97.22655	0.674765	0.563141	0.436859	4.346509
15174	-1490.532	-1586.182	95.64958	0.6148524	0.415986	0.584014	5.260366
15180	-1482.583	-1579.043	96.45996	0.6807954	0.536932	0.463068	4.773661
15186	-1478.321	-1575.572	97.25043	0.8525042	0.417781	0.582219	4.232399
15192	-1488.088	-1583.622	95.53423	0.7176125	0.442354	0.557646	5.26732
15198	-1480.8	-1575.982	95.18237	0.3981427	0.569125	0.430875	5.63689
15204	-1482.291	-1577.524	95.2326	0.3479157	0.523691	0.476309	5.63689
15210	-1482.665	-1579.136	96.47128	0.6405116	0.448592	0.551408	4.789833
15216	-1484.517	-1580.85	96.33282	0.7789769	0.585046	0.414954	4.789833
15222	-1473.384	-1568.881	95.49767	0.5785017	0.589607	0.410393	5.364278
15228	-1482.506	-1579.382	96.87592	0.8689602	0.564821	0.435179	4.43478
15234	-1480.471	-1577.555	97.08333	0.7180622	0.539827	0.460173	4.402922
15240	-1478.887	-1575.161	96.27459	0.6904369	0.539827	0.460173	4.871691
15246	-1474.62	-1570.533	95.91308	0.7271247	0.46851	0.53149	5.052301
15252	-1483.116	-1579.158	96.04203	0.5525242	0.493477	0.506523	5.077627
15258	-1485.641	-1581.602	95.96094	0.6336129	0.484129	0.515871	5.077627
15264	-1480.259	-1576.6	96.34021	0.8831733	0.547921	0.452079	4.727485
15270	-1489.407	-1586.658	97.25136	0.7472724	0.497432	0.502568	4.291481
15276	-1487.253	-1584.201	96.9471	0.8029497	0.475582	0.524418	4.43187
15282	-1492.057	-1590.034	97.97724	0.8857522	0.527066	0.472934	3.798259
15288	-1480.02	-1576.708	96.68716	0.676483	0.483753	0.516247	4.648986
15294	-1487.806	-1584.998	97.19197	0.676483	0.631043	0.368957	4.365072
15300	-1494.832	-1591.77	96.93783	0.7891831	0.52256	0.47744	4.44485
15306	-1488.057	-1583.462	95.40485	0.7475913	0.521749	0.478251	5.322207
15312	-1485.507	-1581	95.49367	0.6587696	0.366363	0.633637	5.322207
15318	-1491.367	-1586.275	94.90762	0.7524432	0.582934	0.417066	5.59323
15324	-1488.185	-1582.929	94.74383	0.6211433	0.455745	0.544255	5.755031
15330	-1487.698	-1583.456	95.75767	0.5790358	0.44603	0.55397	5.22042
15336	-1495.067	-1590.162	95.0949	0.5169626	0.445575	0.554425	5.619687
15342	-1490.177	-1585.363	95.18608	0.4257897	0.412305	0.587695	5.619687
15348	-1485.231	-1581.408	96.17668	0.4814182	0.514969	0.485031	5.042373
15354	-1482.906	-1578.455	95.54909	0.5477683	0.451361	0.548639	5.35287
15360	-1478.648	-1572.729	94.08081	0.6448863	0.454007	0.545993	6.104114
15366	-1471.983	-1567.981	95.99767	0.667165	0.439522	0.560478	5.038632
15372	-1476.588	-1572.703	96.11578	0.5490563	0.538493	0.461507	5.038632
15378	-1486.537	-1583.257	96.72018	0.6680396	0.353697	0.646303	4.635215
15384	-1478.697	-1576.643	97.94618	0.7859199	0.406878	0.593122	3.873515
15390	-1493.658	-1589.72	96.06147	0.5074983	0.470633	0.529367	5.091817
15396	-1498.987	-1594.896	95.9088	0.6601645	0.367398	0.632602	5.091817
15402	-1484.246	-1581.237	96.99092	0.7916801	0.448469	0.551531	4.41352
15408	-1483.416	-1580.199	96.78301	0.623009	0.465353	0.534647	4.625234
15414	-1496.568	-1592.599	96.03159	0.7867037	0.579999	0.420001	4.953368
15420	-1500.038	-1596.394	96.35654	0.4511495	0.475635	0.524365	4.959269
15426	-1493.032	-1589.201	96.1686	0.6216016	0.524649	0.475351	4.96899
15432	-1488.25	-1585.295	97.04567	0.6690631	0.396165	0.603835	4.451768
15438	-1486.022	-1583.355	97.33302	0.7062821	0.529306	0.470694	4.268455
15444	-1490.52	-1589.01	98.49061	0.9361263	0.352207	0.647793	3.471391
15450	-1485.47	-1582.278	96.80782	0.9042906	0.582586	0.417414	4.453242
15456	-1488.757	-1586.221	97.46381	0.7815157	0.388394	0.611606	4.151558
15462	-1475.803	-1573.409	97.60673	0.7314668	0.435359	0.564641	4.098724
15468	-1481.903	-1579.612	97.70895	0.8869731	0.493237	0.506763	3.951579
15474	-1478.484	-1576.387	97.90264	0.9618647	0.538258	0.461742	3.797387
15480	-1478.518	-1576.087	97.56937	0.9303759	0.429357	0.570643	4.006575
15486	-1491.455	-1589.315	97.8599	0.9002801	0.440884	0.559116	3.857386
15492	-1482.163	-1579.306	97.14263	0.8121221	0.523356	0.476644	4.316306
15498	-1480.766	-1576.818	96.05134	0.8121221	0.523356	0.476644	4.92824
15504	-1481.715	-1578.949	97.23372	0.830994	0.527689	0.472311	4.254061
15510	-1491.417	-1587.724	96.30691	0.9152042	0.545679	0.454321	4.728199
15516	-1492.261	-1588.073	95.81177	0.4573213	0.546897	0.453103	5.257793
15522	-1489.24	-1586.881	97.64174	0.7820277	0.496509	0.503491	4.049949
15528	-1486.828	-1585.019	98.19038	1.038972	0.496509	0.503491	3.586377
15534	-1500.651	-1599.518	98.86734	0.8781816	0.518129	0.481871	3.284295
15540	-1486.884	-1584.54	97.65555	0.8781816	0.465999	0.534001	3.987154
15546	-1489.446	-1587.545	98.09953	0.8686289	0.462509	0.537491	3.737625
15552	-1484.286	-1583.306	99.02041	1.025335	0.469776	0.530224	3.106333
15558	-1480.309	-1576.962	96.65249	0.8221232	0.528337	0.471663	4.586763
15564	-1475.743	-1573.209	97.46555	0.7902932	0.44353	0.55647	4.14558
15570	-1471.505	-1568.156	96.6511	0.7902773	0.469063	0.530937	4.605408
15576	-1477.703	-1574.622	96.91928	0.8687641	0.577857	0.422143	4.410446
15582	-1479.005	-1575.587	96.58161	0.5970743	0.393826	0.606174	4.75247
15588	-1481.967	-1578.28	96.31361	0.5737636	0.371352	0.628648	4.914933
15594	-1477.909	-1575.4	97.491	0.8850193	0.467845	0.532155	4.077176
15600	-1474.903	-1571.562	96.65917	0.810392	0.576956	0.423044	4.589599
15606	-1477.647	-1574.691	97.0444	0.6961251	0.507965	0.492035	4.437235
15612	-1480.22	-1576.963	96.74321	0.704972	0.538259	0.461741	4.601594
15618	-1490.413	-1587.965	97.55232	0.704972	0.499192	0.500808	4.144759
15624	-1479.979	-1576.668	96.68839	0.704972	0.534915	0.465085	4.632332
15630	-1495.338	-1592.722	97.38377	0.8616378	0.392114	0.607886	4.151513
15636	-1480.281	-1575.794	95.51363	0.9048562	0.436242	0.563758	5.175178
15642	-1477.893	-1573.791	95.89792	0.5205597	0.393879	0.606121	5.175178
15648	-1479.135	-1575.514	96.37961	0.5512159	0.362662	0.637338	4.890742
15654	-1478.398	-1574.592	96.19375	0.7370706	0.563103	0.436897	4.890742
15660	-1482.293	-1578.047	95.75448	0.6252272	0.481725	0.518275	5.196633
15666	-1478.518	-1576.047	97.52846	0.884208	0.454122	0.545878	4.056283
15672	-1489.245	-1587.687	98.44256	1.099072	0.454122	0.545878	3.404164
15678	-1489.324	-1586.168	96.84396	0.8219075	0.505313	0.494687	4.47928
15684	-1486.189	-1583.347	97.15844	0.5121915	0.471754	0.528246	4.476596
15690	-1492.791	-1589.737	96.9465	0.8254866	0.457157	0.542843	4.419504
15696	-1493.287	-1591.398	98.1107	0.9596305	0.457157	0.542843	3.67858
15702	-1485.553	-1582.813	97.25999	1.095629	0.568048	0.431952	4.088797
15708	-1476.803	-1572.763	95.96025	0.732246	0.510672	0.489328	5.023274
15714	-1472.394	-1567.718	95.32343	0.5812176	0.512629	0.487371	5.458771
15720	-1481.419	-1576.124	94.70535	0.4306248	0.400497	0.599503	5.880298
15726	-1476.022	-1571.863	95.84135	0.6352912	0.493916	0.506084	5.142978
15732	-1478.935	-1576.336	97.40078	0.7627399	0.504765	0.495235	4.198027
15738	-1480.128	-1576.167	96.03931	0.5699844	0.453014	0.546986	5.06945
15744	-1472.376	-1569.159	96.7837	0.6244946	0.451548	0.548452	4.624016
15750	-1473.997	-1570.491	96.49428	0.575587	0.434479	0.565521	4.813235
15756	-1484.867	-1579.063	94.19675	0.5444001	0.574108	0.425892	6.095698
15762	-1485.28	-1582.089	96.809	0.7918928	0.454263	0.545737	4.51583
15768	-1492.402	-1589.545	97.14327	0.7212835	0.615331	0.384669	4.367273
15774	-1491.003	-1586.238	95.23521	0.6883093	0.399433	0.600567	5.448383
15780	-1496.524	-1593.06	96.53588	0.6018241	0.589629	0.410371	4.775366
15786	-1498.321	-1594.926	96.60559	0.6677168	0.336628	0.663372	4.699561
15792	-1490.151	-1587.49	97.33904	0.7831589	0.461957	0.538043	4.221472
15798	-1489.427	-1585.977	96.55054	0.7451331	0.497958	0.502042	4.687047
15804	-1491.026	-1587.63	96.60347	0.6452461	0.497958	0.502042	4.713321
15810	-1486.725	-1585.708	98.98265	1.056806	0.653377	0.346623	3.110075
15816	-1486.366	-1583.657	97.29087	1.093326	0.4455	0.5545	4.072516
15822	-1491.944	-1589.112	97.1685	0.6517451	0.382085	0.617915	4.392286
15828	-1505.397	-1603.668	98.27056	0.833086	0.647496	0.352504	3.659293
15834	-1492.263	-1590.248	97.98509	0.9244806	0.414495	0.585505	3.771421
15840	-1489.64	-1586.53	96.89012	0.8403361	0.52295	0.47705	4.442911
15846	-1490.689	-1586.987	96.2986	0.6936832	0.386008	0.613992	4.856497
15852	-1485.597	-1581.353	95.75546	0.4339712	0.533959	0.466041	5.301788
15858	-1487.777	-1582.811	95.03419	0.5535672	0.450737	0.549263	5.632918
15864	-1484.777	-1580.392	95.61424	0.6387209	0.373725	0.626275	5.266703
15870	-1485.059	-1580.557	95.49759	0.7865107	0.494085	0.505915	5.249495
15876	-1485.775	-1580.998	95.22309	0.5345504	0.458297	0.541703	5.539626
15882	-1487.294	-1582.845	95.55031	0.6758011	0.414669	0.585331	5.281533
15888	-1485.789	-1581.132	95.34358	0.6084155	0.472649	0.527351	5.432704
15894	-1490.898	-1586.563	95.6647	0.6106272	0.466733	0.533267	5.254347
15900	-1487.629	-1584.612	96.98294	0.9315101	0.331313	0.668687	4.339087
15906	-1483.325	-1580.164	96.8389	0.8219937	0.424183	0.575817	4.482081
15912	-1479.295	-1575.738	96.44328	0.7810705	0.43751	0.56249	4.726947
15918	-1482.912	-1579.412	96.5002	0.7241473	0.432271	0.567729	4.726947
15924	-1484.538	-1581.57	97.03242	0.9093789	0.451202	0.548798	4.323632
15930	-1473.937	-1570.214	96.27665	0.6106304	0.528607	0.471393	4.914988
15936	-1480.418	-1577.055	96.63718	0.6393771	0.573992	0.426008	4.697746
15942	-1491.6	-1589.539	97.9389	0.7634088	0.503063	0.496937	3.890613
15948	-1487.072	-1583.345	96.273	0.9079288	0.436781	0.563219	4.751217
15954	-1483.735	-1580.399	96.66364	0.8895039	0.436781	0.563219	4.542668
15960	-1493.558	-1589.908	96.35023	0.5804715	0.536496	0.463504	4.890808
15966	-1484.834	-1580.384	95.55024	0.7495562	0.440517	0.559483	5.240823
15972	-1485.928	-1580.631	94.70345	0.605222	0.548015	0.451985	5.785853
15978	-1491.36	-1586.064	94.70345	0.605222	0.409333	0.590667	5.785853
15984	-1494.826	-1590.507	95.68028	0.60377	0.485724	0.514276	5.249524
15990	-1495.496	-1591.476	95.97967	0.59066	0.619621	0.380379	5.091058
15996	-1492.328	-1588.766	96.43744	0.6778569	0.470093	0.529907	4.787877
16002	-1492.661	-1589.22	96.55832	0.7825614	0.551885	0.448115	4.661737
16008	-1482.869	-1579.394	96.52568	0.7413646	0.414721	0.585279	4.703066
16014	-1483.616	-1580.481	96.86508	0.7677911	0.42152	0.57848	4.497848
16020	-1498.019	-1596.215	98.19622	0.9960184	0.567034	0.432966	3.607927
16026	-1501.983	-1599.83	97.847	0.8889713	0.556483	0.443517	3.871289
16032	-1497.297	-1594.569	97.27196	0.8992318	0.413189	0.586811	4.193673
16038	-1487.128	-1584.959	97.83054	0.9909605	0.488469	0.511531	3.822134
16044	-1485.09	-1582.376	97.28525	1.00576	0.552712	0.447288	4.125582
16050	-1478.482	-1573.529	95.04703	0.7917383	0.484966	0.515034	5.495017
16056	-1476.417	-1573.099	96.68279	0.7877426	0.448924	0.551076	4.589053
16062	-1478.121	-1574.463	96.34183	0.7107466	0.551136	0.448864	4.822882
16068	-1472.591	-1569.368	96.7766	0.6888422	0.42123	0.57877	4.59191
16074	-1478.522	-1573.404	94.88208	0.5944354	0.504899	0.495101	5.693923
16080	-1487.087	-1581.455	94.36838	0.5051517	0.361715	0.638285	6.023554
16086	-1494.511	-1588.563	94.05238	0.4772643	0.396226	0.603774	6.210806
16092	-1490.623	-1587.723	97.09984	0.615253	0.359552	0.640448	4.45156
16098	-1486.649	-1583.757	97.1075	0.7956053	0.621345	0.378655	4.345499
16104	-1488.233	-1585.798	97.56544	0.9686681	0.425729	0.574271	3.986939
16110	-1489.5	-1586.052	96.55232	0.7107895	0.449939	0.550061	4.705268
16116	-1494.254	-1591.553	97.29861	0.7822884	0.476263	0.523737	4.244892
16122	-1489.17	-1586.075	96.90461	0.6757171	0.531907	0.468093	4.527392
16128	-1485.027	-1581.849	96.8216	0.7587275	0.459324	0.540676	4.527392
16134	-1483.824	-1580.947	97.12362	0.7038741	0.354978	0.645022	4.388194
16140	-1469.718	-1566.393	96.67455	0.7739709	0.492372	0.507628	4.601404
16146	-1479.222	-1574.903	95.68054	0.4338678	0.383812	0.616188	5.343192
16152	-1476.604	-1573.447	96.8433	0.6694063	0.394914	0.605086	4.565381
16158	-1484.79	-1580.266	95.47581	0.6742422	0.488547	0.511453	5.323523
16164	-1484.537	-1580.537	96.00082	0.7224692	0.361098	0.638902	5.006171
16170	-1485.157	-1583.047	97.88965	0.9360552	0.410402	0.589598	3.819719
16176	-1484.328	-1581.216	96.88806	0.6802483	0.410402	0.589598	4.534144
16182	-1490.782	-1586.25	95.46802	0.528165	0.434637	0.565363	5.408363
16188	-1499.765	-1593.147	93.3818	0.5917883	0.619097	0.380903	6.512555
16194	-1478.763	-1576.31	97.54728	0.9608503	0.563769	0.436231	4.001785
16200	-1482.592	-1579.681	97.0894	0.9830384	0.565744	0.434256	4.249686
16206	-1482.318	-1579.925	97.60754	0.8272368	0.542013	0.457987	4.043671
16212	-1488.371	-1584.634	96.26242	0.8003672	0.491241	0.508759	4.817183
16218	-1480.727	-1578.592	97.86468	1.024143	0.504744	0.495256	3.783382
16224	-1484.763	-1583.379	98.61565	0.8983551	0.61474	0.38526	3.420349
16230	-1490.999	-1585.953	94.95413	0.5323087	0.379543	0.620457	5.688483
16236	-1499.484	-1595.569	96.08579	0.705775	0.626633	0.373367	4.968233
16242	-1500.577	-1596.426	95.84995	0.7465573	0.542479	0.457521	5.076543
16248	-1500.217	-1596.068	95.851	0.635182	0.506432	0.493568	5.137695
16254	-1494.025	-1591.191	97.16571	0.8798856	0.43714	0.56286	4.264893
16260	-1480.377	-1577.957	97.57987	0.8798856	0.57216	0.42784	4.029414
16266	-1485.172	-1582.658	97.48679	0.7297098	0.297933	0.702067	4.167945
16272	-1484.698	-1581.524	96.82647	0.7430178	0.674736	0.325264	4.533486
16278	-1486.147	-1582.965	96.81758	0.776675	0.483027	0.516973	4.519564
16284	-1476.704	-1573.49	96.78559	0.6510651	0.453013	0.546987	4.60806
16290	-1474.559	-1569.874	95.31425	0.5798024	0.440737	0.559263	5.464602
16296	-1480.654	-1575.769	95.11515	0.6622372	0.5011	0.4989	5.528771
16302	-1498.792	-1594.014	95.22119	0.6447206	0.424752	0.575248	5.480088
16308	-1481.884	-1578.186	96.30203	0.4799177	0.364119	0.635881	4.973579
16314	-1489.036	-1585.15	96.11381	0.69552	0.423618	0.576382	4.958353
16320	-1484.837	-1581.677	96.83999	0.6819061	0.331845	0.668155	4.560219
16326	-1480.071	-1576.124	96.05324	0.6819061	0.42444	0.57556	4.999588
16332	-1485.679	-1582.023	96.34398	0.6807012	0.510118	0.489882	4.838437
16338	-1483.172	-1579.518	96.34625	0.6239719	0.438958	0.561042	4.868792
16344	-1476.78	-1574.034	97.25442	0.7864999	0.512045	0.487955	4.267541
16350	-1490.227	-1588.205	97.97805	0.7112265	0.537184	0.462816	3.898088
16356	-1482.281	-1578.006	95.72492	0.56185	0.431812	0.568188	5.248021
16362	-1485.214	-1581.108	95.89407	0.6344169	0.507089	0.492911	5.114252
16368	-1482.384	-1578.147	95.76285	0.4834	0.50199	0.49801	5.270409
16374	-1482.736	-1579.363	96.62729	0.6629255	0.503304	0.496696	4.690102
16380	-1489.263	-1584.939	95.6754	0.4135531	0.439425	0.560575	5.357231
16386	-1494.447	-1591.599	97.15174	0.7786708	0.45332	0.54668	4.330067
16392	-1484.525	-1580.635	96.10985	0.6945376	0.45332	0.54668	4.961102
16398	-1480.081	-1576.273	96.19199	0.6715008	0.45332	0.54668	4.928227
16404	-1481.014	-1576.749	95.73471	0.6554535	0.609238	0.390762	5.19085
16410	-1478.973	-1576.285	97.31158	0.8673026	0.474294	0.525706	4.18931
16416	-1482.373	-1578.606	96.23298	0.7243326	0.531672	0.468328	4.875984
16422	-1486.499	-1582.607	96.10737	0.8499435	0.531672	0.468328	4.875984
16428	-1490.755	-1587.262	96.50716	0.6246057	0.417249	0.582751	4.778683
16434	-1488.265	-1584.342	96.07775	0.6959764	0.417249	0.582751	4.978145
16440	-1475.293	-1572.316	97.02284	0.8167042	0.41683	0.58317	4.381395
16446	-1488.509	-1587.31	98.80073	0.8167042	0.455332	0.544668	3.359689
16452	-1486.774	-1584.381	97.60684	0.8064769	0.490996	0.509004	4.055914
16458	-1491.564	-1588.286	96.72245	0.6400828	0.507349	0.492651	4.649606
16464	-1483.199	-1580.81	97.61099	0.75439	0.507349	0.492651	4.083236
16470	-1488.655	-1585.183	96.52745	0.7349753	0.491975	0.508025	4.705652
16476	-1483.778	-1580.714	96.93548	0.7349753	0.483261	0.516739	4.476697
16482	-1488.329	-1584.851	96.52193	0.6355202	0.257374	0.742626	4.764335
16488	-1482.652	-1579.649	96.99789	0.6355202	0.412131	0.587869	4.497543
16494	-1489.499	-1586.436	96.93632	0.6970918	0.335348	0.664652	4.497543
16500	-1488.677	-1586.304	97.62679	0.6919447	0.406035	0.593965	4.109804
16506	-1486.354	-1582.452	96.09815	0.6436436	0.45344	0.54656	4.995892
16512	-1489.614	-1585.688	96.07365	0.3920082	0.45046	0.54954	5.149061
16518	-1494.516	-1590.482	95.96556	0.7016169	0.61725	0.38275	5.037334
16524	-1492.791	-1589.833	97.04242	0.5099978	0.53593	0.46407	4.543073
16530	-1485.47	-1582.05	96.57915	0.6270507	0.419534	0.580466	4.737093
16536	-1489.924	-1585.774	95.84987	0.6778098	0.557966	0.442034	5.114703
16542	-1483.521	-1579.64	96.11934	0.6700951	0.54073	0.45927	4.969416
16548	-1490.266	-1585.952	95.68556	0.6553702	0.583508	0.416492	5.218084
16554	-1482.045	-1577.18	95.13556	0.4321053	0.399287	0.600713	5.64394
16560	-1490.666	-1585.49	94.82463	0.4465802	0.510701	0.489299	5.806356
16566	-1496.706	-1593.066	96.35951	0.1733338	0.437054	0.562946	5.11184
16572	-1487.873	-1582.881	95.00806	0.3532798	0.482544	0.517456	5.757023
16578	-1478.911	-1574.74	95.82903	0.5917827	0.538911	0.461089	5.173888
16584	-1482.076	-1577.931	95.85494	0.5696254	0.49204	0.50796	5.17181
16590	-1487.133	-1584.547	97.4136	0.8469629	0.436582	0.563418	4.142901
16596	-1495.597	-1592.215	96.61821	0.731256	0.534107	0.465893	4.656925
16602	-1484.144	-1580.475	96.33137	0.5720964	0.565543	0.434457	4.905976
16608	-1484.98	-1581.29	96.31014	0.6162649	0.467395	0.532605	4.893203
16614	-1483.877	-1579.216	95.33832	0.7018619	0.474477	0.525523	5.384118
16620	-1484.055	-1581.368	97.31223	0.9444219	0.408628	0.591372	4.145121
16626	-1484.449	-1581.824	97.3751	0.8815556	0.332299	0.667701	4.145121
16632	-1479.779	-1576.935	97.15604	0.6926467	0.484651	0.515349	4.376232
16638	-1479.232	-1575.263	96.03055	0.6755712	0.464735	0.535265	5.015707
16644	-1486.784	-1581.457	94.67304	0.5745403	0.500061	0.499939	5.819279
16650	-1487.685	-1582.356	94.6719	0.5756858	0.518245	0.481755	5.819279
16656	-1492.176	-1588.647	96.4708	0.5515001	0.399648	0.600352	4.839764
16662	-1485.735	-1581.954	96.21913	0.5704434	0.476246	0.523754	4.96934
16668	-1486.772	-1582.991	96.21913	0.5704434	0.432453	0.567547	4.96934
16674	-1494.883	-1590.989	96.1063	0.6832763	0.414951	0.585049	4.96934
16680	-1490.735	-1586.035	95.30028	0.7520502	0.368109	0.631891	5.377424
16686	-1498.046	-1594.845	96.79907	0.7651695	0.413658	0.586342	4.53643
16692	-1496.054	-1593.064	97.00991	0.6316889	0.548009	0.451991	4.492936
16698	-1492.531	-1589.878	97.34705	0.7592191	0.441339	0.558661	4.230511
16704	-1486.256	-1582.324	96.0679	0.7592191	0.422913	0.577087	4.948462
16710	-1488.152	-1584.288	96.13637	0.6907453	0.329364	0.670636	4.948462
16716	-1479.814	-1576.38	96.56616	0.685445	0.437179	0.562821	4.711706
16722	-1481.589	-1578.221	96.6326	0.7509491	0.492209	0.507791	4.63783
16728	-1486.3	-1580.548	94.24848	0.7741356	0.385165	0.614835	5.942213
16734	-1483.582	-1580.726	97.14406	0.8108112	0.455647	0.544353	4.316241
16740	-1481.816	-1578.977	97.16045	0.8108112	0.355353	0.644647	4.306966
16746	-1478.713	-1576.029	97.31594	0.6553304	0.484968	0.515032	4.306966
16752	-1476.111	-1571.371	95.25993	0.5931035	0.520965	0.479035	5.487174
16758	-1481.248	-1577.911	96.66387	0.6915375	0.445523	0.554477	4.653598
16764	-1483.994	-1579.313	95.31839	0.7265551	0.505978	0.494022	5.38149
16770	-1489.42	-1584.687	95.26749	0.6774414	0.570988	0.429012	5.436593
16776	-1490.976	-1586.254	95.27854	0.7460193	0.457159	0.542841	5.392726
16782	-1491.124	-1586.781	95.65697	0.5498216	0.529684	0.470316	5.292203
16788	-1491.363	-1585.239	93.87566	0.4096016	0.400226	0.599774	6.34357
16794	-1487.924	-1583.283	95.35902	0.5149736	0.534203	0.465797	5.475638
16800	-1489.93	-1585.77	95.84006	0.5918772	0.485317	0.514683	5.167732
16806	-1476.188	-1572.417	96.22858	0.6415426	0.440736	0.559264	4.924533
16812	-1496.884	-1593.7	96.81613	0.7252923	0.4307	0.5693	4.549253
16818	-1489.688	-1587.34	97.65237	0.7979903	0.422704	0.577296	4.034777
16824	-1482.961	-1582.134	99.17302	0.9415614	0.457477	0.542523	3.065258
16830	-1481.65	-1578.379	96.72896	0.7920059	0.437493	0.562507	4.560739
16836	-1483.179	-1580.317	97.13797	0.6506588	0.468876	0.531124	4.410116
16842	-1484.09	-1583.37	99.28013	1.082479	0.468876	0.531124	2.916345
16848	-1485.698	-1582.861	97.163	0.6142749	0.468876	0.531124	4.416518
16854	-1480.518	-1578.004	97.4861	1.008586	0.511291	0.488709	4.009469
16860	-1481.04	-1578.443	97.40253	0.9267622	0.558847	0.441153	4.103791
16866	-1487.129	-1583.559	96.4303	0.5913833	0.415626	0.584374	4.840111
16872	-1484.767	-1580.72	95.95263	0.5486357	0.428535	0.571465	5.129337
16878	-1481.03	-1577.613	96.58378	0.7576104	0.552356	0.447644	4.661447
16884	-1488.179	-1586.316	98.137	0.8124736	0.552356	0.447644	3.748413
16890	-1490.114	-1585.911	95.79621	0.8707065	0.323137	0.676863	5.037477
16896	-1476.432	-1570.614	94.18275	0.4551989	0.412657	0.587343	6.151884
16902	-1477.442	-1572.538	95.09621	0.6102553	0.527939	0.472061	5.567745
16908	-1477.36	-1574.519	97.15873	0.8766525	0.422332	0.577668	4.270679
16914	-1479.266	-1575.61	96.34388	0.8418092	0.490366	0.509634	4.748558
16920	-1474.254	-1571.424	97.17057	0.727009	0.406214	0.593786	4.348619
16926	-1486.801	-1583.466	96.66412	0.8352662	0.472902	0.527098	4.572858
16932	-1486.649	-1583.444	96.79477	0.6842994	0.442419	0.557581	4.58426
16938	-1481.394	-1578.133	96.739	0.7285586	0.503239	0.496761	4.590722
16944	-1488.069	-1582.474	94.4049	0.619171	0.470602	0.529398	5.94142
16950	-1480.936	-1575.978	95.04243	0.6528384	0.420942	0.579058	5.573893
16956	-1486.007	-1581.241	95.23471	0.5616494	0.420942	0.579058	5.518339
16962	-1482.247	-1579.17	96.92297	0.6087509	0.350534	0.649466	4.5547
16968	-1480.718	-1576.719	96.00128	0.5126369	0.39339	0.60661	5.122325
16974	-1476.697	-1573.701	97.00361	0.7781322	0.437481	0.562519	4.414002
16980	-1474.395	-1570.317	95.92147	0.6735227	0.462671	0.537329	5.077386
16986	-1476.67	-1571.774	95.10377	0.5554768	0.462671	0.537329	5.593676
16992	-1486.731	-1582.437	95.70604	0.6057557	0.495587	0.504413	5.234189
16998	-1485.544	-1580.904	95.36039	0.6008199	0.510341	0.489659	5.427628
17004	-1481.273	-1577.645	96.37238	0.5023562	0.553091	0.446909	4.921967
17010	-1483.915	-1579.432	95.51708	0.826692	0.409263	0.590737	5.216509
17016	-1483.83	-1579.79	95.96033	0.6254678	0.491531	0.508469	5.082482
17022	-1479.113	-1575.489	96.37611	0.5837682	0.401081	0.598919	4.874556
17028	-1484.181	-1579.236	95.05558	0.7623956	0.401081	0.598919	5.506455
17034	-1479.003	-1574.306	95.30327	0.5147043	0.46692	0.53308	5.506455
17040	-1486.01	-1583.203	97.1929	0.8165309	0.480775	0.519225	4.285372
17046	-1483.307	-1579.211	95.9046	0.6563076	0.441297	0.558703	5.096283
17052	-1492.678	-1586.917	94.23901	0.3855807	0.582365	0.417635	6.159155
17058	-1484.396	-1579.347	94.95082	0.3283033	0.41319	0.58681	5.802025
17064	-1486.311	-1582.015	95.70342	0.5980084	0.38381	0.61619	5.23992
17070	-1484.358	-1579.437	95.0783	0.4380494	0.511092	0.488908	5.672085
17076	-1475.889	-1571.434	95.5443	0.3945744	0.470033	0.529967	5.439926
17082	-1484.811	-1581.1	96.28939	0.5515588	0.470033	0.529967	4.940768
17088	-1491.597	-1586.719	95.12284	0.6097654	0.42341	0.57659	5.553385
17094	-1483.325	-1579.516	96.19102	0.6687639	0.517607	0.482393	4.930287
17100	-1478.788	-1576.606	97.81805	0.8266645	0.457004	0.542996	3.923635
17106	-1478.248	-1574.05	95.80252	0.5713192	0.434068	0.565932	5.199881
17112	-1486.711	-1582.509	95.79805	0.5757921	0.570852	0.429148	5.199881
17118	-1492.563	-1590.61	98.04674	0.984817	0.362431	0.637569	3.701006
17124	-1491.563	-1589.661	98.09758	0.9339776	0.601679	0.398321	3.701006
17130	-1488.99	-1587.18	98.19013	0.8414225	0.378539	0.621461	3.701006
17136	-1497.265	-1593.489	96.2241	0.8708286	0.414833	0.585167	4.799247
17142	-1492.458	-1588.898	96.44019	0.5123144	0.48638	0.51362	4.878667
17148	-1481.289	-1577.099	95.8101	0.6316328	0.48638	0.51362	5.162305
17154	-1492.854	-1588.118	95.26407	0.4598602	0.477733	0.522267	5.558149
17160	-1486.289	-1581.559	95.27019	0.6460079	0.568508	0.431492	5.452413
17166	-1489.971	-1585.706	95.73472	0.5400492	0.463911	0.536089	5.254656
17172	-1487.1	-1582.186	95.08654	0.5605779	0.447214	0.552786	5.600336
17178	-1482.409	-1578.678	96.26905	0.6746107	0.457336	0.542664	4.883592
17184	-1479.072	-1574.664	95.59172	0.6746107	0.40365	0.59635	5.259318
17190	-1483.52	-1579.267	95.74719	0.5191363	0.490672	0.509328	5.259318
17196	-1479.319	-1574.85	95.5319	0.525007	0.475841	0.524159	5.3749
17202	-1478.047	-1573.508	95.4608	0.5961036	0.546156	0.453844	5.3749
17208	-1484.845	-1580.292	95.44673	0.5281166	0.467447	0.532553	5.420117
17214	-1473.131	-1568.457	95.32559	0.5818918	0.478546	0.521454	5.457212
17220	-1479.528	-1574.075	94.54687	0.6552629	0.516442	0.483558	5.844134
17226	-1483.189	-1576.997	93.80794	0.5252537	0.516442	0.483558	6.317549
17232	-1487.294	-1582.642	95.34799	0.579616	0.516442	0.483558	5.446133
17238	-1481.597	-1578.083	96.48561	0.6486131	0.535648	0.464352	4.777312
17244	-1479.767	-1575.667	95.8999	0.8148266	0.581377	0.418623	5.010931
17250	-1482.237	-1578.184	95.94626	0.5700506	0.422584	0.577416	5.121004
17256	-1489.811	-1586.884	97.07224	0.8019943	0.459323	0.540677	4.361806
17262	-1481.834	-1578.59	96.75603	0.7629474	0.550683	0.449317	4.561855
17268	-1482.441	-1577.506	95.06489	0.4447466	0.522454	0.477546	5.675767
17274	-1490.747	-1586.394	95.64689	0.3088588	0.402308	0.597692	5.430636
17280	-1485.209	-1580.317	95.10797	0.6632894	0.462078	0.537922	5.532137
17286	-1482.658	-1579.212	96.55452	0.6544441	0.399044	0.600956	4.735548
17292	-1472.116	-1567.843	95.72748	0.5793307	0.50775	0.49225	5.236944
17298	-1476.035	-1571.848	95.81275	0.6313595	0.422287	0.577713	5.16099
17304	-1480.085	-1575.878	95.79369	0.6361197	0.450361	0.549639	5.168905
17310	-1480.353	-1577.225	96.87195	0.5244926	0.511008	0.488992	4.630604
17316	-1485.313	-1581.371	96.05873	0.5292074	0.475466	0.524534	5.081295
17322	-1478.41	-1574.894	96.48347	0.6392828	0.532835	0.467165	4.783713
17328	-1476.563	-1571.779	95.21618	0.5077312	0.446328	0.553672	5.558162
17334	-1470.164	-1566.907	96.74234	0.7335144	0.480031	0.519969	4.586069
17340	-1476.444	-1574.068	97.62378	0.6988793	0.587618	0.412382	4.10757
17346	-1471.36	-1566.539	95.17883	0.641426	0.415988	0.584012	5.5052
17352	-1479.976	-1575.931	95.95493	0.5415397	0.381058	0.618942	5.131995
17358	-1478.577	-1574.073	95.49546	0.9275163	0.441458	0.558542	5.172691
17364	-1478.992	-1574.717	95.72482	0.773342	0.353409	0.646591	5.131059
17370	-1484.193	-1581.607	97.41439	0.9159719	0.422512	0.577488	4.103183
17376	-1493.2	-1590.843	97.64331	0.9362568	0.422512	0.577488	3.960939
17382	-1474.563	-1571.058	96.49574	0.8437413	0.505095	0.494905	4.662517
17388	-1476.834	-1573.467	96.63312	0.7063678	0.544624	0.455376	4.662517
17394	-1478.379	-1573.845	95.46631	0.5133822	0.48875	0.51125	5.417449
17400	-1483.172	-1578.359	95.18721	0.5755755	0.411605	0.588395	5.536799
17406	-1490.219	-1586.797	96.57802	0.6046037	0.452794	0.547206	4.750273
17412	-1489.701	-1584.406	94.70493	0.558766	0.489314	0.510686	5.810464
17418	-1490.573	-1585.946	95.37361	0.8132763	0.489314	0.510686	5.303194
17424	-1494.399	-1590.505	96.10624	0.6926375	0.528142	0.471858	4.964167
17430	-1489.654	-1586.855	97.20091	0.6352991	0.354882	0.645118	4.383275
17436	-1486.456	-1583.286	96.83032	0.7866516	0.435773	0.564227	4.506788
17442	-1485.893	-1580.357	94.46377	0.4815404	0.545429	0.454571	5.984403
17448	-1491.772	-1585.531	93.7588	0.5683875	0.366872	0.633128	6.320811
17454	-1488.217	-1584.522	96.30403	0.8407697	0.612148	0.387852	4.771404
17460	-1489.378	-1585.602	96.22414	0.5475586	0.64746	0.35254	4.979272
17466	-1486.58	-1583.206	96.62615	0.4462052	0.500983	0.499017	4.811845
17472	-1489.731	-1586.62	96.88869	0.8906701	0.654472	0.345528	4.415344
17478	-1491.466	-1589.189	97.72307	0.8821039	0.373514	0.626486	3.94628
17484	-1492.092	-1589.763	97.67096	0.9342178	0.373514	0.626486	3.94628
17490	-1485.956	-1582.671	96.71484	0.6851384	0.606674	0.393326	4.62862
17496	-1477.98	-1575.145	97.16414	0.7913424	0.400541	0.599459	4.315892
17502	-1483.316	-1578.321	95.00454	0.7050628	0.526882	0.473118	5.56602
17508	-1488.053	-1583.934	95.88125	0.4981442	0.472448	0.527552	5.196806
17514	-1489.477	-1584.566	95.08894	0.5277985	0.59131	0.40869	5.617013
17520	-1489.079	-1584.709	95.62992	0.5702892	0.466179	0.533821	5.295838
17526	-1492.488	-1588.102	95.6142	0.5860093	0.390029	0.609971	5.295838
17532	-1486.551	-1582.823	96.27158	0.8026289	0.461978	0.538022	4.81081
17538	-1484.364	-1580.893	96.52919	0.5450205	0.385926	0.614074	4.81081
17544	-1486.213	-1581.812	95.5998	0.7203008	0.59219	0.40781	5.2296
17550	-1477.825	-1572.304	94.47912	0.6260112	0.574401	0.425599	5.897148
17556	-1477.178	-1572.67	95.49253	0.5998338	0.566017	0.433983	5.35535
17562	-1488.875	-1585.391	96.51634	0.5003063	0.482192	0.517808	4.842917
17568	-1496.027	-1592.217	96.18967	0.4552755	0.412035	0.587965	5.049669
17574	-1485.762	-1581.775	96.0128	0.7113745	0.574848	0.425152	5.00568
17580	-1492.809	-1587.664	94.85543	0.531402	0.438388	0.561612	5.743063
17586	-1493.477	-1589.823	96.34597	0.6736571	0.533852	0.466148	4.841256
17592	-1481.996	-1578.312	96.31562	0.6194041	0.396257	0.603743	4.8884
17598	-1480.662	-1575.676	95.01394	0.5289688	0.460008	0.539992	5.657521
17604	-1482.583	-1578.669	96.08572	0.5784378	0.56269	0.43731	5.039006
17610	-1480.605	-1575.889	95.28337	0.5799451	0.328509	0.671491	5.481516
17616	-1489.83	-1586.535	96.70518	0.6086087	0.640917	0.359083	4.676904
17622	-1486.378	-1582.139	95.76136	0.5732709	0.501536	0.498464	5.221563
17628	-1477.962	-1573.55	95.58854	0.3779605	0.520061	0.479939	5.424714
17634	-1479.01	-1573.437	94.42701	0.5931927	0.406745	0.593255	5.943533
17640	-1480.323	-1576.841	96.5177	0.7553309	0.581459	0.418541	4.699717
17646	-1493.262	-1587.644	94.3819	0.4777291	0.512821	0.487179	6.031137
17652	-1497.354	-1594.208	96.85359	0.6826587	0.435766	0.564234	4.552158
17658	-1492.042	-1586.116	94.07438	0.6965756	0.538971	0.461029	6.079462
17664	-1489.444	-1585.973	96.52885	0.4734472	0.51079	0.48921	4.850918
17670	-1489.726	-1585.943	96.21682	0.6026352	0.419682	0.580318	4.952723
17676	-1480.642	-1577.544	96.9023	0.7411457	0.333413	0.666587	4.491898
17682	-1487.115	-1583.963	96.8477	0.7500607	0.302579	0.697421	4.517588
17688	-1485.691	-1583.404	97.71312	0.813786	0.338253	0.661747	3.991055
17694	-1485.297	-1581.335	96.038	0.4642584	0.340055	0.659945	5.12879
17700	-1486.633	-1583.242	96.60865	0.5210678	0.502153	0.497847	4.779824
17706	-1486.289	-1583.179	96.89008	0.6596468	0.487765	0.512235	4.544589
17712	-1498.173	-1595.478	97.30415	0.8687307	0.523137	0.476863	4.192714
17718	-1484.897	-1582.862	97.96498	0.9981325	0.610612	0.389388	3.740541
17724	-1489.195	-1585.304	96.10962	0.7855673	0.553059	0.446941	4.910587
17730	-1482.729	-1578.842	96.11293	0.7833669	0.480584	0.519416	4.909969
17736	-1490.135	-1587.94	97.80424	0.8216635	0.530345	0.469655	3.934409
17742	-1486.895	-1582.528	95.633	0.7276944	0.534637	0.465363	5.20715
17748	-1496.445	-1593.815	97.37018	0.8174806	0.534637	0.465363	4.184323
17754	-1498.338	-1595.496	97.15762	0.8385302	0.449207	0.550793	4.292886
17760	-1495.477	-1593.191	97.71485	0.70881	0.513521	0.486479	4.050014
17766	-1487.433	-1584.258	96.82552	0.8368132	0.422352	0.577648	4.48127
17772	-1490.319	-1586.478	96.15952	0.6738165	0.491519	0.508481	4.945005
17778	-1491.916	-1588.89	96.97443	0.7470312	0.468173	0.531827	4.447975
17784	-1490.065	-1586.95	96.88489	0.7206162	0.335924	0.664076	4.513236
17790	-1487.625	-1583.283	95.65876	0.5507476	0.609519	0.390481	5.290706
17796	-1494.419	-1591.618	97.19884	0.6761366	0.507662	0.492338	4.361388
17802	-1481.327	-1578.956	97.62916	0.9503014	0.436257	0.563743	3.961001
17808	-1471.647	-1569.786	98.13909	0.7468233	0.509994	0.490006	3.785056
17814	-1477.768	-1574.757	96.98856	0.596024	0.509994	0.490006	4.524998
17820	-1481.118	-1577.96	96.84212	0.738477	0.358912	0.641088	4.52724
17826	-1483.904	-1578.469	94.56537	0.5412309	0.352508	0.647492	5.896349
17832	-1476.314	-1571.727	95.41351	0.5646232	0.416145	0.583855	5.418308
17838	-1476.706	-1573.031	96.32529	0.5871463	0.495001	0.504999	4.900982
17844	-1481.127	-1577.09	95.963	0.5347542	0.495001	0.504999	5.13128
17850	-1483.71	-1579.828	96.11794	0.3798238	0.426633	0.573367	5.13128
17856	-1481.751	-1576.829	95.07747	0.5279156	0.32662	0.67338	5.623246
17862	-1476.514	-1572.347	95.83279	0.7973566	0.444248	0.555752	5.057882
17868	-1476.169	-1573.581	97.41264	1.036939	0.433039	0.566961	4.035221
17874	-1479.917	-1575.497	95.58015	0.8420186	0.433039	0.566961	5.173137
17880	-1478.345	-1575.44	97.09548	0.6869832	0.480996	0.519004	4.413594
17886	-1485.526	-1582.533	97.00709	0.6421046	0.504316	0.495684	4.488664
17892	-1485.905	-1582.873	96.96785	0.628636	0.507649	0.492351	4.518308
17898	-1481.613	-1577.726	96.11323	0.6723676	0.358123	0.641877	4.971546
17904	-1481.476	-1576.743	95.26713	0.4192628	0.546394	0.453606	5.578772
17910	-1483.848	-1577.625	93.77733	0.3386537	0.529277	0.470723	6.435399
17916	-1496.411	-1590.035	93.6234	0.2928582	0.46783	0.53217	6.543597
17922	-1482.02	-1576.84	94.81972	0.5904035	0.362881	0.637119	5.730304
17928	-1483.746	-1580.052	96.30605	0.7349549	0.458978	0.541022	4.829336
17934	-1496.404	-1592.887	96.48337	0.7084001	0.385949	0.614051	4.745159
17940	-1488.491	-1584.277	95.78517	0.6650185	0.567614	0.432386	5.157624
17946	-1481.183	-1576.312	95.12912	0.7259701	0.50021	0.49979	5.48604
17952	-1478.211	-1574.646	96.43557	0.6056571	0.532793	0.467207	4.829208
17958	-1482.192	-1579.732	97.53916	0.762714	0.386887	0.613113	4.119396
17964	-1482.729	-1579.477	96.74772	0.7343678	0.455008	0.544992	4.582567
17970	-1486.357	-1583.548	97.19096	0.882182	0.455008	0.544992	4.249287
17976	-1488.476	-1586.44	97.96334	0.9324347	0.542596	0.457404	3.779371
17982	-1491.011	-1586.398	95.387	0.6529596	0.590664	0.409336	5.384241
17988	-1484.501	-1581.676	97.17515	0.8690551	0.531011	0.468989	4.265681
17994	-1481.22	-1576.842	95.62258	0.8690551	0.432808	0.567192	5.134673
18000	-1483.373	-1579.237	95.86335	0.6282818	0.448719	0.551281	5.134673
18006	-1482.133	-1577.626	95.49211	0.6467137	0.408338	0.591662	5.329718
18012	-1479.708	-1576.839	97.13072	0.894191	0.446752	0.553248	4.276607
18018	-1481.818	-1576.177	94.35927	0.6998405	0.445187	0.554813	5.922287
18024	-1480.351	-1576.696	96.34475	0.8074036	0.407267	0.592733	4.767297
18030	-1479.903	-1576.242	96.33835	0.8138039	0.496354	0.503646	4.767297
18036	-1477.808	-1575.137	97.32926	0.8448481	0.569837	0.430163	4.192016
18042	-1480.131	-1577.856	97.7251	0.8119054	0.518032	0.481968	3.985285
18048	-1481.821	-1578.949	97.12802	0.7658006	0.528477	0.471523	4.350745
18054	-1496.469	-1592.402	95.93288	0.7460735	0.540962	0.459038	5.030796
18060	-1499.625	-1596.101	96.47582	0.7765407	0.608913	0.391087	4.711283
18066	-1493.491	-1590.919	97.42843	0.9125561	0.384944	0.615056	4.097134
18072	-1492.531	-1589.281	96.74994	0.8098009	0.407304	0.592696	4.538961
18078	-1494.665	-1589.114	94.4493	0.7110352	0.494996	0.505004	5.866983
18084	-1483.54	-1578.178	94.63824	0.3519705	0.396223	0.603777	5.959906
18090	-1489.35	-1584.222	94.8718	0.3974175	0.481365	0.518635	5.807443
18096	-1491.58	-1586.567	94.98656	0.4459022	0.463245	0.536755	5.718068
18102	-1484.55	-1579.605	95.05488	0.4885068	0.566987	0.433013	5.65726
18108	-1480.977	-1577.882	96.9046	0.8767037	0.566987	0.433013	4.41425
18114	-1483.432	-1581.354	97.92138	0.7581646	0.464586	0.535414	3.903671
18120	-1486.37	-1586.029	99.65891	0.9510712	0.537805	0.462195	2.766235
18126	-1487.243	-1585.86	98.6168	0.8465916	0.508524	0.491476	3.449969
18132	-1492.293	-1590.295	98.0026	0.9618298	0.589428	0.410572	3.739781
18138	-1491.982	-1590.762	98.77977	0.9866123	0.508867	0.491133	3.271989
18144	-1483.834	-1581.15	97.31633	0.7806356	0.395101	0.604899	4.235785
18150	-1486.257	-1583.914	97.65712	0.8186076	0.471542	0.528458	4.020293
18156	-1493.268	-1589.326	96.05781	0.4692118	0.491786	0.508214	5.115067
18162	-1490.048	-1585.784	95.73622	0.6376218	0.424075	0.575925	5.19988
18168	-1490.754	-1587.934	97.17968	0.6886013	0.442798	0.557202	4.365169
18174	-1480.361	-1576.801	96.44012	0.671514	0.415646	0.584354	4.78992
18180	-1475.981	-1571.138	95.15731	0.6807974	0.396261	0.603739	5.495384
18186	-1474.356	-1568.874	94.51724	0.5831799	0.425066	0.574934	5.899725
18192	-1477.832	-1573.114	95.28191	0.5214032	0.484132	0.515868	5.514519
18198	-1473.127	-1569.531	96.40372	0.7863626	0.49712	0.50288	4.7461
18204	-1476.458	-1572.207	95.74889	0.6455535	0.471696	0.528304	5.188479
18210	-1481.795	-1578.233	96.43745	0.7751727	0.452099	0.547901	4.733503
18216	-1482.49	-1578.66	96.16983	0.7558433	0.441554	0.558446	4.893609
18222	-1475.164	-1572.085	96.9218	0.7452428	0.536174	0.463826	4.478618
18228	-1482.607	-1580.447	97.83985	0.742602	0.438523	0.561477	3.959289
18234	-1483.534	-1581.362	97.82793	0.9590366	0.409942	0.590058	3.841995
18240	-1477.162	-1575.58	98.41824	0.8242773	0.54478	0.45522	3.578726
18246	-1478.289	-1573.914	95.6244	0.6847164	0.407029	0.592971	5.235672
18252	-1483.364	-1581.634	98.26962	0.8636828	0.381495	0.618505	3.642114
18258	-1481.315	-1577.71	96.3957	0.7925592	0.441428	0.558572	4.747122
18264	-1471.057	-1567.348	96.29134	0.7665643	0.516434	0.483566	4.819906
18270	-1477.648	-1574.822	97.17424	0.8068174	0.412939	0.587061	4.301424
18276	-1480.653	-1577.961	97.30767	0.6733958	0.476738	0.523262	4.301424
18282	-1477.312	-1573.459	96.14745	0.6987961	0.339352	0.660648	4.937819
18288	-1475.746	-1572.922	97.17552	0.7766631	0.47367	0.52633	4.317757
18294	-1483.594	-1580.096	96.50192	0.8014485	0.529137	0.470863	4.682737
18300	-1486.162	-1583.471	97.30932	0.6549642	0.495761	0.504239	4.310917
18306	-1491.927	-1588.669	96.74171	0.7164856	0.450936	0.549064	4.595973
18312	-1485.935	-1580.605	94.6694	0.5603431	0.494901	0.505099	5.829036
18318	-1491.832	-1587.54	95.70841	0.6207067	0.683645	0.316355	5.224612
18324	-1487.746	-1585.638	97.89234	0.8091157	0.472745	0.527255	3.891102
18330	-1493.781	-1591.324	97.54277	0.7606981	0.408803	0.591197	4.118492
18336	-1495.713	-1593.668	97.95466	0.9797865	0.370889	0.629111	3.757079
18342	-1489.185	-1587.047	97.8619	0.9598208	0.515921	0.484079	3.822008
18348	-1490.019	-1587.26	97.24187	0.8371143	0.474633	0.525367	4.245974
18354	-1496.586	-1593.438	96.85181	0.8392208	0.395237	0.604763	4.465115
18360	-1497.793	-1594.463	96.67053	0.8644634	0.495496	0.504504	4.552865
18366	-1489.199	-1584.969	95.77022	0.6823114	0.505684	0.494316	5.156326
18372	-1486.973	-1582.743	95.77022	0.6823114	0.507925	0.492075	5.156326
18378	-1491.724	-1587.548	95.82386	0.6530731	0.485362	0.514638	5.142816
18384	-1502.441	-1597.668	95.22695	0.6281841	0.475467	0.524533	5.486014
18390	-1494.582	-1590	95.41834	0.6626239	0.439716	0.560284	5.361636
18396	-1493.61	-1590.396	96.78535	0.6626239	0.45122	0.54878	4.601711
18402	-1496.142	-1594.944	98.80155	1.061653	0.403925	0.596075	3.214756
18408	-1488.75	-1587.828	99.07828	1.0832	0.466068	0.533932	3.037213
18414	-1492.739	-1591.705	98.96547	0.8900461	0.508381	0.491619	3.219306
18420	-1489.807	-1588.742	98.93475	0.9207715	0.453109	0.546891	3.219306
18426	-1490.452	-1587.97	97.51761	0.9207715	0.516573	0.483427	4.041614
18432	-1501.306	-1598.19	96.88394	0.7645371	0.515955	0.484045	4.489068
18438	-1498.963	-1593.96	94.99725	0.5838039	0.609303	0.390697	5.636597
18444	-1498.721	-1595.788	97.06723	0.6275308	0.647555	0.352445	4.463012
18450	-1497.892	-1594.545	96.65327	0.7528727	0.424399	0.575601	4.625164
18456	-1501.404	-1597.241	95.83776	0.8312698	0.583201	0.416799	5.036302
18462	-1487.849	-1582.909	95.05973	0.715679	0.583201	0.416799	5.529856
18468	-1488.027	-1585.679	97.65151	1.046535	0.454679	0.545321	3.893057
18474	-1484.684	-1581.073	96.38991	0.8016461	0.457468	0.542532	4.745281
18480	-1489.862	-1586.064	96.20219	0.6517195	0.432694	0.567306	4.933559
18486	-1491.238	-1588.675	97.43713	0.6894926	0.583239	0.416761	4.218966
18492	-1479.24	-1575.835	96.59493	0.6643385	0.489073	0.510927	4.707418
18498	-1488	-1583.836	95.83607	0.5597672	0.556674	0.443326	5.187707
18504	-1475.049	-1570.95	95.90182	0.633491	0.556674	0.443326	5.110474
18510	-1479.428	-1575.273	95.8453	0.6991847	0.551518	0.448482	5.105388
18516	-1478.397	-1573.454	95.05635	0.6991847	0.442485	0.557515	5.540783
18522	-1480.464	-1576.253	95.78896	0.5833073	0.401542	0.598458	5.200752
18528	-1482.601	-1577.263	94.66171	0.4504108	0.439821	0.560179	5.893332
18534	-1481.099	-1575.813	94.7147	0.6862021	0.405698	0.594302	5.735355
18540	-1497.423	-1594.707	97.28393	0.7800851	0.533182	0.466818	4.254457
18546	-1490.204	-1586.344	96.13995	0.7800851	0.497932	0.502068	4.896749
18552	-1493.347	-1589.672	96.32535	0.8110649	0.38701	0.61299	4.776083
18558	-1496.93	-1592.043	95.11294	0.5610877	0.38151	0.61849	5.585559
18564	-1484.297	-1579.749	95.45189	0.6606035	0.421991	0.578009	5.344243
18570	-1488.241	-1583.848	95.60676	0.5976037	0.504138	0.495862	5.293543
18576	-1491.012	-1588.445	97.43333	0.6920527	0.321036	0.678964	4.219666
18582	-1488.627	-1585.403	96.77588	0.6920527	0.46958	0.53042	4.590512
18588	-1489.511	-1584.909	95.3978	0.5795465	0.471119	0.528881	5.41874
18594	-1490.135	-1588.078	97.9431	0.923673	0.449917	0.550083	3.79608
18600	-1488.851	-1587.025	98.17403	0.9368176	0.555855	0.444145	3.655121
18606	-1487.977	-1587.041	99.06337	1.046254	0.519838	0.480162	3.068217
18612	-1501.906	-1598.971	97.06528	0.8135854	0.39373	0.60627	4.359194
18618	-1502.21	-1599.858	97.64788	0.8481323	0.604887	0.395113	4.008711
18624	-1487.414	-1585.057	97.64393	0.7365819	0.465557	0.534443	4.074614
18630	-1494.557	-1591.123	96.5662	0.8029235	0.426379	0.573621	4.645912
18636	-1489.085	-1584.721	95.63535	0.5831398	0.419626	0.580374	5.285743
18642	-1494.216	-1591.307	97.09088	1.088644	0.446827	0.553173	4.188945
18648	-1491.177	-1590.596	99.41973	1.088644	0.446827	0.553173	2.828095
18654	-1487.641	-1585.199	97.55781	0.778018	0.449827	0.550173	4.100069
18660	-1481.59	-1578.918	97.32776	0.7198747	0.453972	0.546028	4.263736
18666	-1476.112	-1573.939	97.82741	0.7738525	0.47762	0.52238	3.948519
18672	-1480.035	-1577.403	97.36827	0.7701097	0.482529	0.517471	4.212295
18678	-1485.6	-1583.337	97.73762	0.7701097	0.419949	0.580051	4.002014
18684	-1495.574	-1595.344	99.77037	1.012197	0.372046	0.627954	2.660443
18690	-1484.317	-1583.23	98.9134	1.10464	0.488378	0.511622	3.122835
18696	-1488.215	-1586.878	98.66276	0.9338837	0.367411	0.632589	3.371897
18702	-1481.615	-1579.765	98.15051	0.7395532	0.545779	0.454221	3.782666
18708	-1481.623	-1578.562	96.93913	0.8134928	0.519146	0.480854	4.430416
18714	-1479.124	-1575.282	96.15749	0.7477302	0.543856	0.456144	4.904998
18720	-1474.826	-1572.149	97.32358	0.7426127	0.499052	0.500948	4.253223
18726	-1481.661	-1577.001	95.34006	0.7246791	0.631691	0.368309	5.37058
18732	-1483.909	-1579.549	95.64011	0.6228186	0.537532	0.462468	5.261196
18738	-1477.959	-1575.126	97.16756	0.6558423	0.458879	0.541121	4.390501
18744	-1487.75	-1585.412	97.66222	0.5569024	0.520122	0.479878	4.166456
18750	-1481.31	-1577.94	96.63023	0.7587868	0.648386	0.351614	4.634766
18756	-1473.85	-1571.285	97.4357	0.7164096	0.455361	0.544639	4.204503
18762	-1481.505	-1579.275	97.76981	0.6974171	0.523466	0.476534	4.025152
18768	-1483.462	-1581.672	98.21091	1.018264	0.485825	0.514175	3.586483
18774	-1487.964	-1585.457	97.49284	0.6708925	0.395353	0.604647	4.197911
18780	-1484.716	-1580.667	95.95085	0.6337589	0.406119	0.593881	5.083142
18786	-1483.495	-1578.031	94.53596	0.643379	0.406119	0.593881	5.856598
18792	-1480.79	-1576.967	96.17717	0.5393839	0.406119	0.593881	5.009911
18798	-1484.001	-1581.739	97.73831	0.9097696	0.392807	0.607193	3.921707
18804	-1479.098	-1574.684	95.58645	0.5687061	0.537596	0.462404	5.320707
18810	-1476.477	-1570.756	94.27958	0.693731	0.32756	0.67244	5.969127
18816	-1479.939	-1576.352	96.41285	0.6626769	0.568718	0.431282	4.810074
18822	-1479.603	-1575.93	96.32693	0.6499812	0.547174	0.452826	4.865067
18828	-1485.529	-1582.813	97.28329	0.7599837	0.303181	0.696819	4.26621
18834	-1487.952	-1583.22	95.26831	0.6676155	0.481992	0.518008	5.44155
18840	-1494.034	-1591.545	97.51087	0.8131126	0.538262	0.461738	4.106815
18846	-1493.897	-1591.435	97.53775	0.8951981	0.40424	0.59576	4.044715
18852	-1483.978	-1581.516	97.5385	0.8951981	0.468964	0.531036	4.044284
18858	-1483.172	-1581.212	98.03943	0.8296901	0.516307	0.483693	3.794729
18864	-1491.385	-1588.312	96.92727	0.6804434	0.466466	0.533534	4.511995
18870	-1485.341	-1582.856	97.51543	0.8259017	0.466466	0.533534	4.096936
18876	-1481.946	-1578.865	96.91837	0.7033499	0.466466	0.533534	4.504116
18882	-1491.23	-1590.592	99.36144	1.153505	0.382066	0.617934	2.824105
18888	-1487.588	-1585.844	98.25605	1.0426	0.366744	0.633256	3.546077
18894	-1497.091	-1594.17	97.07958	0.8700389	0.337783	0.662217	4.31921
18900	-1488.556	-1582.86	94.30386	0.5719108	0.334617	0.665383	6.022334
18906	-1500.575	-1596.679	96.10331	0.5122224	0.382469	0.617531	5.06599
18912	-1478.616	-1574.62	96.00407	0.6150581	0.426261	0.573739	5.063993
18918	-1478.291	-1575.523	97.23205	0.7919793	0.470215	0.529785	4.277103
18924	-1482.408	-1580.075	97.66687	0.7493024	0.324529	0.675471	4.054283
18930	-1486.737	-1584.553	97.8154	0.6353519	0.371267	0.628733	4.034552
18936	-1487.444	-1584.785	97.34088	0.8923142	0.363159	0.636841	4.158458
18942	-1484.623	-1580.744	96.12081	0.7759896	0.408722	0.591278	4.909688
18948	-1484.392	-1579.858	95.46569	0.6126348	0.396087	0.603913	5.363091
18954	-1491.177	-1588.013	96.83558	0.5449536	0.54201	0.45799	4.639521
18960	-1499.853	-1593.194	93.34166	0.422969	0.530852	0.469148	6.625638
18966	-1479.077	-1575.142	96.06485	0.8083501	0.524833	0.475167	4.922825
18972	-1486.329	-1580.514	94.18453	0.6692346	0.524833	0.475167	6.034334
18978	-1479.07	-1573.36	94.29063	0.5631369	0.540913	0.459087	6.034334
18984	-1481.84	-1578.997	97.1571	0.6178855	0.482538	0.517462	4.41781
18990	-1484.089	-1579.494	95.40441	0.5598397	0.552469	0.447531	5.425955
18996	-1482.327	-1577.699	95.37191	0.5923357	0.410364	0.589636	5.425955
19002	-1483.106	-1579.898	96.7921	0.6783424	0.478901	0.521099	4.5891
19008	-1488.606	-1585.912	97.30638	0.7406285	0.427854	0.572146	4.264091
19014	-1489.161	-1587.662	98.50089	0.9818093	0.588697	0.411303	3.438676
19020	-1489.503	-1587.183	97.68045	0.6587737	0.465652	0.534348	4.098133
19026	-1473.34	-1570.459	97.11925	0.7977182	0.375282	0.624718	4.337667
19032	-1467.992	-1564.961	96.96946	0.7373633	0.437045	0.562955	4.456219
19038	-1470.649	-1567.431	96.78207	0.7133936	0.409645	0.590355	4.575061
19044	-1474.098	-1571.001	96.90283	0.592631	0.476401	0.523599	4.575061
19050	-1473.466	-1569.661	96.19413	0.7287014	0.450304	0.549696	4.895192
19056	-1470.139	-1565.193	95.05385	0.585604	0.454759	0.545241	5.604546
19062	-1474.431	-1570.785	96.35434	0.6134217	0.603031	0.396969	4.870165
19068	-1475.984	-1572.119	96.1354	0.8323655	0.583695	0.416305	4.870165
19074	-1474.392	-1570.017	95.62497	0.6791075	0.589501	0.410499	5.238457
19080	-1478.694	-1574.236	95.54175	0.7623308	0.597398	0.402602	5.238457
19086	-1477.477	-1573.706	96.22929	0.6260383	0.572179	0.427821	4.93277
19092	-1476.192	-1572.051	95.85918	0.6921958	0.446171	0.553829	5.101567
19098	-1482.125	-1578.083	95.95734	0.5940388	0.677688	0.322312	5.101567
19104	-1484.71	-1580.655	95.945	0.606376	0.57955	0.42045	5.101567
19110	-1477.375	-1571.975	94.59964	0.5029142	0.53162	0.46838	5.898557
19116	-1475.365	-1570.383	95.01786	0.7287751	0.499775	0.500225	5.545676
19122	-1474.142	-1569.215	95.07284	0.633899	0.376537	0.623463	5.567595
19128	-1478.168	-1573.434	95.26617	0.4405686	0.495253	0.504747	5.567595
19134	-1486.933	-1580.852	93.91891	0.4844158	0.456057	0.543943	6.279462
19140	-1486.953	-1581.34	94.38775	0.5731517	0.381793	0.618207	5.975899
19146	-1473.205	-1570.324	97.11933	0.8341365	0.449805	0.550195	4.317035
19152	-1473.455	-1569.435	95.97933	0.5855259	0.475904	0.524096	5.094095
19158	-1477.642	-1574.078	96.43533	0.777219	0.538865	0.461135	4.733542
19164	-1478.458	-1575.048	96.58941	1.149756	0.418755	0.581245	4.438
19170	-1480.988	-1576.149	95.16133	0.7926191	0.495699	0.504301	5.431625
19176	-1486.369	-1583.06	96.69103	0.7781138	0.351924	0.648076	4.589833
19182	-1487.392	-1583.972	96.57948	0.8662379	0.690249	0.309751	4.602974
19188	-1481.857	-1579.568	97.71109	0.9567794	0.467166	0.532834	3.91036
19194	-1491.019	-1589.726	98.70666	0.9567794	0.399218	0.600782	3.332646
19200	-1492.391	-1589.666	97.27435	0.6616078	0.337549	0.662451	4.326933
19206	-1487.903	-1583.889	95.98525	0.5009341	0.455077	0.544923	5.137693
19212	-1492.437	-1588.604	96.16618	0.6269826	0.607998	0.392002	4.967346
19218	-1500.11	-1595.775	95.66517	0.6222525	0.475854	0.524146	5.247662
19224	-1480.123	-1575.719	95.596	0.6141262	0.610693	0.389307	5.290363
19230	-1486.933	-1582.348	95.4153	0.4804293	0.580577	0.419423	5.46368
19236	-1484.74	-1578.832	94.09207	0.4953129	0.37726	0.62274	6.179398
19242	-1494.686	-1588.812	94.1251	0.7410045	0.393839	0.606161	6.027602
19248	-1487.247	-1582.497	95.25053	0.6041512	0.467233	0.532767	5.486263
19254	-1481.309	-1577.752	96.44292	0.7039568	0.442203	0.557797	4.770242
19260	-1484.948	-1580.421	95.47299	0.3948324	0.503199	0.496801	5.479037
19266	-1475.796	-1570.724	94.92814	0.6055318	0.428367	0.571633	5.662588
19272	-1472.307	-1567.786	95.47913	0.4224483	0.466606	0.533394	5.460461
19278	-1486.827	-1581.238	94.41187	0.5710061	0.429886	0.570114	5.963908
19284	-1476.147	-1571.465	95.3182	0.7701073	0.441227	0.558773	5.357586
19290	-1473.931	-1568.44	94.50955	0.6069752	0.483641	0.516359	5.890928
19296	-1475.985	-1571.941	95.9568	0.5850676	0.437785	0.562215	5.106836
19302	-1478.855	-1574.862	96.00732	0.5345491	0.369359	0.630641	5.106836
19308	-1476.867	-1572.295	95.4279	0.5068666	0.317539	0.682461	5.442189
19314	-1472.119	-1568.609	96.49059	0.8119455	0.488686	0.511314	4.683206
19320	-1472.77	-1569.869	97.0981	0.8119455	0.428685	0.571315	4.341576
19326	-1479.457	-1576.479	97.02229	0.7885963	0.428685	0.571315	4.397562
19332	-1482.122	-1580.424	98.30144	1.032537	0.497929	0.502071	3.525507
19338	-1490.77	-1588.409	97.63896	0.8716843	0.452254	0.547746	4.000352
19344	-1486.089	-1583.735	97.64668	0.8639638	0.583797	0.416203	4.000352
19350	-1482.587	-1580.112	97.52494	0.8241591	0.469363	0.530637	4.092514
19356	-1490.712	-1588.618	97.90633	0.9842933	0.469363	0.530637	3.78234
19362	-1485.76	-1583.937	98.1772	0.8485863	0.44624	0.55376	3.704341
19368	-1482.723	-1580.136	97.41309	0.663196	0.525065	0.474935	4.247503
19374	-1479.988	-1576.544	96.55641	0.7460056	0.577239	0.422761	4.683272
19380	-1485.864	-1580.787	94.92337	0.7610887	0.528418	0.471582	5.579833
19386	-1485.69	-1582.226	96.5355	0.8525674	0.348775	0.651225	4.6353
19392	-1488.064	-1586.49	98.42546	0.9699565	0.514285	0.485715	3.489678
19398	-1487.679	-1585.35	97.67116	0.9915806	0.426119	0.573881	3.913301
19404	-1484.471	-1580.803	96.3319	0.8246811	0.529047	0.470953	4.764821
19410	-1486.646	-1583.576	96.93051	0.8043382	0.618936	0.381064	4.440434
19416	-1493.377	-1588.745	95.36806	0.7945927	0.567377	0.432623	5.316569
19422	-1493.474	-1590.116	96.64279	0.7329237	0.413768	0.586232	4.64222
19428	-1487.303	-1582.222	94.91903	0.5068096	0.468328	0.531672	5.721694
19434	-1475.917	-1571.568	95.65107	0.517915	0.43014	0.56986	5.313075
19440	-1482.32	-1578.909	96.58863	0.5283214	0.563384	0.436616	4.786953
19446	-1474.728	-1570.712	95.98432	0.5761374	0.486321	0.513679	5.096536
19452	-1479.586	-1574.348	94.76141	0.4370748	0.486321	0.513679	5.846129
19458	-1488.709	-1586.568	97.85967	0.6064718	0.394219	0.605781	4.025769
19464	-1478.185	-1574.458	96.27284	0.3367327	0.466586	0.533414	5.069299
19470	-1484.015	-1578.68	94.66559	0.2977512	0.466586	0.533414	5.974568
19476	-1476.731	-1572.217	95.48626	0.6118741	0.566346	0.433654	5.352165
19482	-1480.29	-1576.767	96.4767	0.7030594	0.381546	0.618454	4.751871
19488	-1480.046	-1578.138	98.09172	1.084796	0.618002	0.381998	3.617053
19494	-1484.306	-1581.184	96.87834	0.861197	0.478122	0.521878	4.43779
19500	-1478.811	-1574.798	95.98712	0.6360108	0.528352	0.471648	5.061777
19506	-1480.796	-1576.129	95.33356	0.6360108	0.420447	0.579553	5.423022
19512	-1477.535	-1573.104	95.56914	0.4004328	0.367875	0.632125	5.423022
19518	-1479.809	-1575.011	95.20119	0.5961825	0.473803	0.526197	5.517784
19524	-1494.283	-1589.546	95.26321	0.6300364	0.375287	0.624713	5.465044
19530	-1496.662	-1591.223	94.56118	0.5690261	0.426108	0.573892	5.883449
19536	-1486.318	-1581.349	95.03135	0.4787828	0.385218	0.614782	5.675495
19542	-1483.913	-1578.98	95.06632	0.4438123	0.395301	0.604699	5.675495
19548	-1492.34	-1587.328	94.9889	0.3242031	0.425577	0.574423	5.783428
19554	-1489.544	-1586.603	97.05974	0.5976835	0.390448	0.609552	4.484033
19560	-1486.986	-1584.729	97.74263	0.7912366	0.489036	0.510964	3.987078
19566	-1496.981	-1594.286	97.30418	0.7836599	0.412229	0.587771	4.240958
19572	-1486.866	-1581.55	94.68412	0.6234078	0.529701	0.470299	5.786483
19578	-1482.937	-1577.98	95.04244	0.6258396	0.501955	0.498045	5.588714
19584	-1484.255	-1579.763	95.50817	0.6005659	0.454665	0.545335	5.346319
19590	-1489.524	-1585.093	95.569	0.539734	0.291613	0.708387	5.346319
19596	-1474.159	-1569.443	95.28435	0.6557095	0.463183	0.536817	5.439273
19602	-1483.556	-1578.111	94.5551	0.6108614	0.605408	0.394592	5.863912
19608	-1485.723	-1582.706	96.98307	0.6066535	0.368464	0.631536	4.52211
19614	-1480.811	-1577.188	96.37709	0.7227801	0.519925	0.480075	4.796487
19620	-1479.316	-1574.767	95.45073	0.5597407	0.465348	0.534652	5.400489
19626	-1487.752	-1583.222	95.46937	0.6852465	0.463712	0.536288	5.321004
19632	-1487.066	-1583.972	96.90545	0.6895237	0.523019	0.476981	4.51916
19638	-1482.864	-1578.579	95.71468	0.5136813	0.506495	0.493505	5.280292
19644	-1476.196	-1572.364	96.16853	0.5813928	0.560542	0.439458	4.991374
19650	-1482.002	-1578.414	96.41218	0.3111681	0.64771	0.35229	5.006139
19656	-1483.531	-1579.382	95.85044	0.4170322	0.573061	0.426939	5.258685
19662	-1482.593	-1576.371	93.77805	0.6933397	0.48533	0.51467	6.242473
19668	-1486.197	-1582.295	96.09781	0.6500724	0.380258	0.619742	4.992512
19674	-1480.408	-1577.621	97.21333	0.7681469	0.489678	0.510322	4.301192
19680	-1484.731	-1582.632	97.90058	0.6948839	0.496171	0.503829	3.951843
19686	-1483.093	-1581.802	98.70956	0.782536	0.514553	0.485447	3.433176
19692	-1484.703	-1582.131	97.42824	0.7621798	0.424661	0.575339	4.182759
19698	-1484.826	-1583.028	98.20164	0.6761797	0.443745	0.556255	3.789718
19704	-1484.923	-1582.443	97.52037	0.9290765	0.443754	0.556246	4.035299
19710	-1489.852	-1585.118	95.26649	0.6183318	0.511556	0.488444	5.469679
19716	-1485.15	-1580.112	94.96225	0.6700348	0.391913	0.608087	5.608477
19722	-1475.749	-1572.944	97.19514	0.618202	0.35191	0.64809	4.39618
19728	-1477.882	-1574.792	96.90974	0.8263513	0.570055	0.429945	4.439736
19734	-1487.195	-1584.375	97.17956	0.5528502	0.679925	0.320075	4.441806
19740	-1490.871	-1584.891	94.01992	0.4757194	0.364365	0.635635	6.229295
19746	-1485.382	-1582.31	96.9278	0.7749462	0.402763	0.597237	4.458515
19752	-1484.362	-1580.242	95.8799	0.7044093	0.567387	0.432613	5.083308
19758	-1477.116	-1573.841	96.7243	0.8370404	0.468023	0.531977	4.538064
19764	-1487.818	-1585.015	97.19666	0.7029102	0.327279	0.672721	4.347496
19770	-1471.982	-1568.222	96.23981	0.638411	0.488632	0.511368	4.920028
19776	-1476.604	-1573.91	97.30605	0.9192246	0.477015	0.522985	4.162958
19782	-1479.277	-1576.703	97.42632	0.7275338	0.433612	0.566388	4.203515
19788	-1483.762	-1579.118	95.35567	0.3667437	0.574133	0.425867	5.558982
19794	-1484.215	-1579.31	95.09561	0.5543507	0.462654	0.537346	5.598773
19800	-1485.194	-1580.132	94.93757	0.554344	0.555788	0.444212	5.685484
19806	-1480.891	-1577.269	96.3781	0.5119441	0.438929	0.561071	4.913449
19812	-1476.075	-1571.802	95.72681	0.4760079	0.399492	0.600508	5.294399
19818	-1485.468	-1581.973	96.50492	0.5401839	0.515351	0.484649	4.827045
19824	-1486.995	-1583.692	96.69741	0.6701496	0.553758	0.446242	4.64679
19830	-1492.027	-1588.213	96.18515	0.598063	0.360993	0.639007	4.972875
19836	-1487.846	-1584.625	96.7786	0.6950477	0.418082	0.581918	4.587304
19842	-1486.262	-1583.43	97.16777	0.6950477	0.565968	0.434032	4.368253
19848	-1492.017	-1588.254	96.23747	0.5294165	0.540361	0.459639	4.981948
19854	-1485.889	-1581.421	95.53217	0.6493079	0.411217	0.588783	5.306179
19860	-1486.391	-1582.095	95.70389	0.4775909	0.444081	0.555919	5.306179
19866	-1482.426	-1579.448	97.0223	0.8476541	0.404854	0.595146	4.364225
19872	-1482.909	-1578.101	95.19191	0.5090344	0.351672	0.648328	5.570777
19878	-1481.246	-1575.554	94.3081	0.493263	0.441207	0.558793	6.062892
19884	-1479.926	-1574.204	94.27775	0.5236138	0.498713	0.501287	6.062892
19890	-1483.355	-1578.567	95.21171	0.48073	0.428751	0.571249	5.57545
19896	-1493.065	-1589.037	95.97171	0.5461144	0.482013	0.517987	5.12016
19902	-1485.507	-1581.961	96.45381	0.4405134	0.466616	0.533384	4.911065
19908	-1483.857	-1580.044	96.18687	0.7074527	0.454703	0.545297	4.911065
19914	-1491.425	-1586.878	95.45272	0.575541	0.375688	0.624312	5.390687
19920	-1474.151	-1570.114	95.96314	0.5254155	0.383312	0.616688	5.136376
19926	-1474.925	-1570.273	95.34794	0.3719183	0.540652	0.459348	5.560388
19932	-1474.469	-1570.085	95.61578	0.503429	0.469514	0.530486	5.340543
19938	-1482.157	-1577.375	95.21746	0.4802584	0.600394	0.399606	5.57255
19944	-1491.122	-1587.158	96.03565	0.6085031	0.466226	0.533774	5.05011
19950	-1499.424	-1594.43	95.00639	0.2012067	0.472724	0.527276	5.841149
19956	-1498.022	-1593.662	95.63912	0.5955051	0.472724	0.527276	5.27683
19962	-1484.071	-1579.388	95.31669	0.611346	0.463169	0.536831	5.445893
19968	-1481.731	-1577.284	95.55364	0.3744038	0.411434	0.588566	5.445893
19974	-1488.699	-1585.485	96.78629	0.7652199	0.548338	0.451662	4.543586
19980	-1483.5	-1578.898	95.3982	0.313353	0.426633	0.573367	5.564952
19986	-1484.332	-1579.265	94.93302	0.4966609	0.426633	0.573367	5.719593
19992	-1484.6	-1580.071	95.47164	0.4113952	0.443638	0.556362	5.470666
19998	-1492.731	-1588.916	96.18532	0.6782725	0.427658	0.572342	4.928172
20004	-1501.396	-1597.871	96.47445	0.4353677	0.427658	0.572342	4.902438
20010	-1503.867	-1600.316	96.44897	0.6654163	0.336158	0.663842	4.788387
20016	-1486.974	-1583.932	96.95812	0.6976472	0.577381	0.422619	4.484966
20022	-1483.895	-1579.127	95.23164	0.5044876	0.460924	0.539076	5.551445
20028	-1487.135	-1582.451	95.31536	0.6245643	0.404776	0.595224	5.439348
20034	-1494.105	-1588.746	94.64044	0.375891	0.44249	0.55751	5.945644
20040	-1485.738	-1582.086	96.34729	0.5556182	0.473691	0.526309	4.906289
20046	-1502.863	-1599.149	96.2865	0.6164067	0.469764	0.530236	4.906289
20052	-1490.121	-1588.173	98.05273	0.8471936	0.358314	0.641686	3.776984
20058	-1494.448	-1592.438	97.98979	0.7726686	0.382301	0.617699	3.85608
20064	-1493.731	-1591.662	97.93115	0.9197036	0.483288	0.516712	3.805243
20070	-1488.173	-1585.66	97.48717	0.7221497	0.418498	0.581502	4.172021
20076	-1489.81	-1586.195	96.38504	0.626979	0.429096	0.570904	4.845495
20082	-1484.928	-1581.14	96.21274	0.7992828	0.425931	0.574069	4.845495
20088	-1487.927	-1582.627	94.70072	0.6282721	0.430395	0.569605	5.774732
20094	-1485.297	-1580.694	95.39614	0.7313772	0.400312	0.599688	5.335958
20100	-1483.671	-1578.079	94.40748	0.6632382	0.416426	0.583574	5.91595
20106	-1488.217	-1583.563	95.34617	0.3845655	0.465424	0.534576	5.554408
20112	-1494.451	-1589.992	95.5403	0.544907	0.465424	0.534576	5.359293
20118	-1487.45	-1583.572	96.12205	0.544907	0.378851	0.621149	5.037454
20124	-1488.004	-1584.147	96.14291	0.7043432	0.496875	0.503125	4.937262
20130	-1484.294	-1582.928	98.63365	0.7740778	0.424926	0.575074	3.482491
20136	-1485.473	-1584.234	98.76067	0.8901908	0.359643	0.640357	3.340046
20142	-1487.279	-1585.903	98.62391	1.02695	0.472382	0.527618	3.340046
20148	-1496.652	-1593.502	96.85088	0.917692	0.327972	0.672028	4.421425
20154	-1488.028	-1585.468	97.44042	0.8165125	0.446059	0.553941	4.144961
20160	-1484.192	-1581.785	97.5935	0.6664707	0.561552	0.438448	4.143236
20166	-1481.371	-1578.93	97.5587	0.693024	0.40482	0.59518	4.147921
20172	-1488.016	-1583.249	95.23391	0.5389445	0.368647	0.631353	5.531265
20178	-1486.072	-1581.84	95.76808	0.7895986	0.519373	0.480627	5.098076
20184	-1484.752	-1581.843	97.09151	0.8675444	0.449302	0.550698	4.313874
20190	-1489.407	-1587.009	97.60135	0.8675444	0.506004	0.493996	4.024195
20196	-1488.458	-1587.03	98.57194	0.941195	0.483854	0.516146	3.420858
20202	-1489.344	-1588.584	99.24028	1.11979	0.540274	0.459726	2.917875
20208	-1484.091	-1581.239	97.14819	0.7315323	0.540274	0.459726	4.358707
20214	-1482.704	-1578.778	96.07404	0.6516658	0.533152	0.466848	5.004832
20220	-1486.526	-1582.705	96.17909	0.6516658	0.500476	0.499524	4.946437
20226	-1486.55	-1582.839	96.28836	0.523527	0.47222	0.52778	4.956935
20232	-1476.011	-1572.027	96.0162	0.399268	0.397337	0.602663	5.176844
20238	-1475.163	-1570.819	95.65521	0.7602617	0.397337	0.602663	5.176844
20244	-1479.903	-1578.976	99.07279	0.8925048	0.428945	0.571055	3.154199
20250	-1478.666	-1576.439	97.77379	0.9075031	0.47129	0.52871	3.902667
20256	-1486.187	-1583.145	96.95743	0.8736187	0.55023	0.44977	4.386185
20262	-1475.912	-1574.208	98.29505	0.8663657	0.465562	0.534438	3.625813
20268	-1480.161	-1578.23	98.06814	0.8691548	0.477701	0.522299	3.755435
20274	-1484.148	-1581.331	97.18222	0.6329273	0.448559	0.551441	4.39516
20280	-1482.595	-1578.963	96.36839	0.658361	0.493293	0.506707	4.837281
20286	-1481.847	-1578.497	96.65042	0.8318461	0.526555	0.473445	4.582467
20292	-1480.776	-1578.21	97.43376	0.7504772	0.473051	0.526949	4.186266
20298	-1474.71	-1571.84	97.13041	0.7504772	0.563898	0.436102	4.358053
20304	-1478.981	-1575.322	96.34098	0.598458	0.386127	0.613873	4.885946
20310	-1484.183	-1581.529	97.34589	1.058354	0.549259	0.450741	4.061086
20316	-1481.184	-1577.2	96.01571	0.7646008	0.530931	0.469069	4.974489
20322	-1482.81	-1578.778	95.96815	0.7598965	0.489766	0.510234	5.003532
20328	-1476.361	-1572.633	96.27176	0.7574385	0.592363	0.407637	4.835917
20334	-1476.885	-1573.205	96.31981	0.7093939	0.550133	0.449867	4.835917
20340	-1478.895	-1575.196	96.30184	0.73117	0.47136	0.52864	4.833794
20346	-1481.85	-1576.491	94.64112	0.5705095	0.553614	0.446386	5.838939
20352	-1479.111	-1574.508	95.39636	0.5803254	0.548662	0.451338	5.419104
20358	-1480.753	-1577.716	96.96311	0.6028588	0.476074	0.523926	4.535461
20364	-1482.317	-1579.933	97.61568	0.8099083	0.398555	0.601445	4.048912
20370	-1484.712	-1583.058	98.34583	1.029704	0.371304	0.628696	3.50128
20376	-1475.488	-1574.027	98.53881	0.8367219	0.420306	0.579694	3.50128
20382	-1488.861	-1587.076	98.21518	0.9735922	0.518463	0.481537	3.60994
20388	-1485.385	-1580.77	95.3856	0.6002654	0.441451	0.558549	5.414048
20394	-1487.656	-1585.389	97.73281	0.7227985	0.460977	0.539023	4.031784
20400	-1488.083	-1584.199	96.11619	0.4267028	0.555844	0.444156	5.106271
20406	-1490.457	-1585.841	95.38391	0.7025388	0.520929	0.479071	5.358609
20412	-1487.21	-1583.838	96.62839	0.874305	0.413916	0.586084	4.571001
20418	-1492.303	-1586.72	94.41676	0.7191803	0.559637	0.440363	5.880316
20424	-1487.148	-1584.249	97.10134	0.8462221	0.446104	0.553896	4.320369
20430	-1485.369	-1583.391	98.02265	0.6736249	0.448409	0.551591	3.894073
20436	-1489.871	-1586.696	96.82519	0.7418579	0.462609	0.537391	4.534854
20442	-1482.254	-1580.479	98.22483	1.154612	0.410184	0.589816	3.499001
20448	-1487.029	-1583.47	96.44154	0.7789306	0.518358	0.481642	4.729115
20454	-1494.665	-1590.093	95.42838	0.8016319	0.387066	0.612934	5.279377
20460	-1486.998	-1584.441	97.44284	0.8016319	0.387066	0.612934	4.152049
20466	-1482.82	-1579.903	97.08311	0.6364068	0.385778	0.614222	4.449071
20472	-1482.47	-1579.423	96.95311	0.7664022	0.434845	0.565155	4.449071
20478	-1483.178	-1578.964	95.78635	0.4577159	0.430467	0.569533	5.271616
20484	-1478.574	-1574.345	95.77111	0.5242922	0.503513	0.496487	5.243252
20490	-1484.812	-1581.539	96.72742	0.5140301	0.487264	0.512736	4.717382
20496	-1484.389	-1581.656	97.26738	0.6067906	0.413833	0.586167	4.361841
20502	-1489.231	-1586.682	97.45108	0.7118347	0.528515	0.471485	4.198374
20508	-1479.45	-1575.895	96.44513	0.6840778	0.316395	0.683605	4.780107
20514	-1480.008	-1576.618	96.60951	0.5211977	0.451821	0.548179	4.779272
20520	-1484.436	-1581.426	96.98994	0.6644914	0.501619	0.498381	4.485713
20526	-1486.994	-1581.926	94.93154	0.6146777	0.429781	0.570219	5.655706
20532	-1477.088	-1573.149	96.06179	0.5683342	0.537654	0.462346	5.057896
20538	-1476.018	-1572.01	95.99189	0.6382326	0.424665	0.575335	5.057896
20544	-1495.597	-1590.468	94.87089	0.6466221	0.483861	0.516139	5.671448
20550	-1480.64	-1574.234	93.59418	0.6801465	0.475692	0.524308	6.349507
20556	-1480.924	-1577.217	96.29303	0.5424674	0.540615	0.459385	4.943798
20562	-1483.348	-1580.067	96.71912	0.7258191	0.472179	0.527821	4.603409
20568	-1483.013	-1579.028	96.01505	0.7032631	0.45671	0.54329	5.008938
20574	-1479.05	-1575.538	96.48741	0.7351692	0.45671	0.54329	4.727937
20580	-1485.458	-1582.141	96.68348	0.7066207	0.414331	0.585669	4.634156
20586	-1490.584	-1586.283	95.69899	0.7437969	0.318515	0.681485	5.161721
20592	-1482.767	-1579.172	96.40466	0.7523614	0.51963	0.48037	4.764575
20598	-1481.692	-1578.052	96.35978	0.6694695	0.457164	0.542836	4.835891
20604	-1484.434	-1581.35	96.91548	0.5774601	0.457164	0.542836	4.576475
20610	-1481.647	-1577.313	95.66526	0.6050232	0.457164	0.542836	5.257134
20616	-1476.055	-1571.186	95.13013	0.5813916	0.457164	0.542836	5.564964
20622	-1487.209	-1583.227	96.01797	0.5878188	0.471639	0.528361	5.071396
20628	-1488.281	-1582.518	94.23674	0.5405119	0.534673	0.465327	6.076031
20634	-1491.416	-1588.624	97.20774	0.6018112	0.44005	0.55995	4.398319
20640	-1477.94	-1575.754	97.81314	0.9458677	0.445609	0.554391	3.858058
20646	-1486.797	-1585.138	98.34043	0.9102117	0.623757	0.376243	3.574002
20652	-1484.61	-1584.037	99.42641	1.016075	0.568257	0.431743	2.868056
20658	-1474.327	-1572.37	98.04321	1.016075	0.438376	0.561624	3.684968
20664	-1479.77	-1579.794	100.0233	1.171397	0.470507	0.529493	2.403618
20670	-1479.458	-1579.217	99.75848	1.294267	0.364573	0.635427	2.492817
20676	-1483.674	-1580.674	97.00085	0.9697061	0.408322	0.591678	4.307369
20682	-1478.731	-1575.379	96.64785	0.7457631	0.437168	0.562832	4.63219
20688	-1474.944	-1571.741	96.79748	0.560247	0.522805	0.477195	4.6523
20694	-1477.771	-1574.213	96.44197	0.5537496	0.420796	0.579204	4.854581
20700	-1476.613	-1572.19	95.57661	0.4695333	0.547087	0.452913	5.380832
20706	-1482.73	-1578.994	96.26418	0.8437382	0.543959	0.456041	4.791998
20712	-1483.721	-1578.843	95.12118	0.6318838	0.44346	0.55654	5.542139
20718	-1482.298	-1577.667	95.36914	0.7557502	0.561487	0.438513	5.337405
20724	-1482.642	-1578.963	96.32055	0.5581284	0.529695	0.470305	4.919776
20730	-1468.747	-1564.919	96.17258	0.7060953	0.56642	0.43358	4.919776
20736	-1482.635	-1577.209	94.57428	0.5431809	0.407591	0.592409	5.890415
20742	-1479.423	-1574.969	95.54608	0.6538369	0.481525	0.518475	5.295999
20748	-1463.535	-1561.199	97.66472	0.9841329	0.413078	0.586922	3.921264
20754	-1474.525	-1572.992	98.46704	1.197485	0.53783	0.46217	3.332005
20760	-1478.165	-1577.117	98.95105	0.9837367	0.494093	0.505907	3.172318
20766	-1478.707	-1575.766	97.05869	0.9837367	0.389969	0.610031	4.266687
20772	-1473.539	-1571.942	98.40361	1.129166	0.562274	0.437726	3.409354
20778	-1473.082	-1569.11	96.0275	0.7680444	0.489659	0.510341	4.966017
20784	-1472.955	-1571.572	98.61765	0.793312	0.533373	0.466627	3.480603
20790	-1474.332	-1570.907	96.57517	0.6662835	0.533373	0.466627	4.71738
20796	-1483.569	-1579.703	96.13377	0.7527207	0.438331	0.561669	4.915426
20802	-1483.609	-1580.635	97.02504	0.5490244	0.314956	0.685044	4.530909
20808	-1476.93	-1573.824	96.89356	0.8115586	0.552363	0.447637	4.457183
20814	-1477.757	-1573.083	95.32676	0.5771579	0.557977	0.442023	5.459173
20820	-1480.242	-1575.74	95.49747	0.4064451	0.279928	0.720072	5.459173
20826	-1479.616	-1576.45	96.83406	0.6227416	0.575397	0.424603	4.596754
20832	-1490.839	-1588.036	97.19672	0.6841319	0.472653	0.527347	4.35807
20838	-1488.847	-1585.507	96.66069	0.6542488	0.472653	0.527347	4.676263
20844	-1494.035	-1591.259	97.22384	0.7491657	0.347663	0.652337	4.30598
20850	-1490.05	-1586.767	96.7168	0.6584731	0.370088	0.629912	4.642469
20856	-1483.022	-1577.253	94.23107	0.5341144	0.427749	0.572251	6.082607
20862	-1485.808	-1581.544	95.73623	0.6153841	0.427749	0.572251	5.212171
20868	-1489.856	-1586.948	97.09138	0.9690966	0.427749	0.572251	4.256464
20874	-1494.74	-1591.228	96.48751	0.6985655	0.475685	0.524315	4.748339
20880	-1489.794	-1587.643	97.849	0.8224864	0.40248	0.59752	3.908288
20886	-1495.911	-1594.106	98.19561	0.8893534	0.390673	0.609327	3.670109
20892	-1489.383	-1586.623	97.24011	0.8287922	0.535322	0.464678	4.251687
20898	-1488.518	-1585.814	97.2955	0.7734044	0.50288	0.49712	4.251687
20904	-1481.04	-1576.878	95.83758	0.6962615	0.587693	0.412307	5.111285
20910	-1491.846	-1588.289	96.44283	0.6905558	0.353007	0.646993	4.777778
20916	-1481.243	-1578.302	97.05818	0.8153318	0.400929	0.599071	4.362215
20922	-1483.728	-1579.973	96.24428	0.6022144	0.396455	0.603545	4.937681
20928	-1486.205	-1582.508	96.30252	0.543975	0.242511	0.757489	4.937681
20934	-1488.478	-1583.916	95.43754	0.7447832	0.434962	0.565038	5.305711
20940	-1487.745	-1583.855	96.10998	0.658766	0.410585	0.589415	4.980913
20946	-1486.672	-1582.854	96.18239	0.7556152	0.52529	0.47471	4.886741
20952	-1487.833	-1584.53	96.69722	0.553565	0.517535	0.482465	4.712164
20958	-1490.496	-1586.069	95.57321	0.6705712	0.541219	0.458781	5.271772
20964	-1486.776	-1582.412	95.63548	0.6068685	0.60247	0.39753	5.272564
20970	-1485.347	-1580.342	94.99444	0.6364997	0.370561	0.629439	5.609218
20976	-1492.981	-1590.364	97.38274	0.6594689	0.672423	0.327577	4.266812
20982	-1489.009	-1586.289	97.2809	0.7613051	0.492471	0.507529	4.266812
20988	-1488.471	-1585.874	97.40285	0.6442989	0.517227	0.482773	4.264013
20994	-1478.253	-1575.519	97.26575	0.9040596	0.43682	0.56318	4.194461
21000	-1473.705	-1570.123	96.41721	0.7659521	0.472417	0.527583	4.749969
21006	-1476.027	-1571.568	95.5406	0.6875285	0.472417	0.527583	5.280421
21012	-1481.893	-1579.398	97.50435	0.7322079	0.494625	0.505375	4.156543
21018	-1475.67	-1573.002	97.33292	0.9386876	0.469713	0.530287	4.136614
21024	-1474.779	-1572.813	98.03411	0.9030151	0.469713	0.530287	3.755536
21030	-1483.012	-1581.531	98.51878	1.076062	0.469713	0.530287	3.372957
21036	-1484.479	-1582.258	97.77911	0.7050097	0.492604	0.507396	4.015502
21042	-1487.838	-1584.569	96.73058	0.6740615	0.346033	0.653967	4.626007
21048	-1490.842	-1587.827	96.98466	0.8769394	0.411714	0.588286	4.368944
21054	-1492.834	-1587.683	94.84873	0.4851301	0.494301	0.505699	5.772067
21060	-1481.483	-1577.382	95.8986	0.6860124	0.432876	0.567124	5.08314
21066	-1475.463	-1571.34	95.87636	0.7082539	0.449298	0.550702	5.08314
21072	-1485.012	-1583.37	98.35795	0.8420915	0.529776	0.470224	3.603401
21078	-1478.28	-1574.934	96.65367	0.6871118	0.411078	0.588922	4.661788
21084	-1484.317	-1581.543	97.22683	0.7920147	0.51525	0.48475	4.280043
21090	-1484.378	-1581.932	97.55368	0.8167653	0.51525	0.48475	4.08035
21096	-1481.286	-1579.496	98.20941	0.9726909	0.51525	0.48475	3.613811
21102	-1476.054	-1573.79	97.73534	0.9081429	0.407201	0.592799	3.924339
21108	-1487.107	-1583.742	96.63496	0.6805531	0.585136	0.414864	4.675943
21114	-1494.377	-1590.494	96.11657	0.950708	0.475942	0.524058	4.814676
21120	-1492.455	-1588.711	96.25611	0.8594039	0.467554	0.532446	4.787756
21126	-1481.347	-1578.636	97.2893	0.8862388	0.381325	0.618675	4.191204
21132	-1494.166	-1590.153	95.9869	0.7775905	0.508738	0.491262	4.983282
21138	-1494.531	-1590.623	96.09212	0.9378364	0.499015	0.500985	4.835494
21144	-1488.18	-1584.43	96.25004	0.7799231	0.457054	0.542946	4.835494
21150	-1483.894	-1581.503	97.60925	0.9468666	0.397872	0.602128	3.974357
21156	-1477.505	-1574.304	96.79891	0.9517078	0.457923	0.542077	4.431548
21162	-1480.096	-1575.778	95.68216	0.5060964	0.414601	0.585399	5.302436
21168	-1478.423	-1574.024	95.60108	0.5871803	0.538803	0.461197	5.302436
21174	-1474.829	-1571.077	96.24807	0.7082791	0.558299	0.441701	4.876524
21180	-1475.317	-1570.955	95.63781	0.6108088	0.447617	0.552383	5.269105
21186	-1482.68	-1579.174	96.49408	0.5734775	0.35817	0.64183	4.814522
21192	-1480.155	-1576.524	96.36907	0.6984892	0.458804	0.541196	4.814522
21198	-1490.299	-1586.63	96.3316	0.7359568	0.49018	0.50982	4.814522
21204	-1483.071	-1579.147	96.07656	0.5989	0.526471	0.473529	5.032736
21210	-1486.08	-1581.891	95.81096	0.5886652	0.421787	0.578213	5.185611
21216	-1481.284	-1576.255	94.97045	0.5783714	0.470082	0.529918	5.654279
21222	-1484.599	-1579.128	94.52868	0.5735928	0.592865	0.407135	5.898714
21228	-1482.675	-1577.807	95.13175	0.6926543	0.368959	0.631041	5.50292
21234	-1483.023	-1579.008	95.98414	0.957991	0.456553	0.543447	4.884443
21240	-1477.222	-1573.877	96.65479	0.7596693	0.477222	0.522778	4.620503
21246	-1486.075	-1582.447	96.37239	0.681599	0.437834	0.562166	4.822089
21252	-1474.858	-1571.635	96.77687	0.7779024	0.437834	0.562166	4.541751
21258	-1472.088	-1567.303	95.21517	0.5023182	0.361726	0.638274	5.56169
21264	-1481.267	-1576.867	95.60019	0.7297361	0.561902	0.438098	5.224168
21270	-1471.586	-1567.817	96.23034	0.6161991	0.540932	0.459068	4.937658
21276	-1476.649	-1573.943	97.29392	0.7697629	0.465239	0.534761	4.254644
21282	-1481.137	-1579.153	98.01624	0.817399	0.541277	0.458723	3.815155
21288	-1479.034	-1575.799	96.7653	0.7994581	0.476637	0.523363	4.536143
21294	-1487.195	-1584.626	97.43046	0.749289	0.504859	0.495141	4.188816
21300	-1489.179	-1586.932	97.75303	1.069501	0.464921	0.535079	3.821545
21306	-1480.045	-1577.989	97.94389	0.8786387	0.507727	0.492273	3.821545
21312	-1470.09	-1566.189	96.09966	0.7181365	0.568828	0.431172	4.953646
21318	-1483.813	-1579.934	96.12056	0.8449241	0.568651	0.431349	4.871434
21324	-1475.858	-1571.894	96.03683	0.8114929	0.561412	0.438588	4.936665
21330	-1480.503	-1576.918	96.41536	0.666666	0.479919	0.520081	4.806449
21336	-1489.107	-1586.586	97.47934	0.8741837	0.434444	0.565556	4.089994
21342	-1490.723	-1588.738	98.01489	0.8741837	0.384401	0.615599	3.783235
21348	-1481.702	-1578.055	96.35328	0.8741837	0.441919	0.558081	4.725204
21354	-1482.972	-1579.918	96.94583	0.9114644	0.446898	0.553102	4.371375
21360	-1476.471	-1571.966	95.49496	0.672228	0.337645	0.662355	5.314067
21366	-1480.122	-1575.678	95.55587	0.7506742	0.587751	0.412249	5.237092
21372	-1487.067	-1582.908	95.84174	0.5776263	0.555608	0.444392	5.174686
21378	-1480.973	-1576.775	95.80175	0.6176207	0.439105	0.560895	5.174686
21384	-1479.756	-1576.162	96.40679	0.5699323	0.540373	0.459627	4.865174
21390	-1481.02	-1577.288	96.26801	0.6108955	0.532876	0.467124	4.919646
21396	-1484.118	-1580.942	96.82406	0.9596834	0.523582	0.476418	4.412875
21402	-1486.424	-1583.611	97.18683	0.7528102	0.50743	0.49257	4.32485
21408	-1480.593	-1577.157	96.56391	0.848371	0.410191	0.589809	4.621724
21414	-1485.894	-1583.242	97.34797	0.8556035	0.444459	0.555541	4.175284
21420	-1483.408	-1578.738	95.32959	0.5655223	0.50721	0.49279	5.464019
21426	-1477.788	-1573.221	95.43292	0.4621924	0.399295	0.600705	5.464019
21432	-1481.685	-1577.198	95.51374	0.381367	0.495752	0.504248	5.464019
21438	-1481.13	-1578.098	96.96816	0.5891656	0.350031	0.649969	4.540319
21444	-1478.451	-1576.643	98.19165	0.8540199	0.409264	0.590736	3.692844
21450	-1485.075	-1581.568	96.49282	0.5291074	0.459118	0.540882	4.839971
21456	-1487.274	-1584.492	97.21851	0.6892717	0.548034	0.451966	4.342855
21462	-1481.721	-1578.6	96.87888	0.6545802	0.51746	0.48254	4.553725
21468	-1483.768	-1580.297	96.52867	0.5927167	0.453788	0.546212	4.784475
21474	-1497.447	-1592.895	95.448	0.6254331	0.602142	0.397858	5.365788
21480	-1488.226	-1584.539	96.31284	0.6764892	0.426717	0.573283	4.858148
21486	-1482.029	-1577.659	95.63004	0.4849568	0.509304	0.490696	5.342864
21492	-1490.208	-1586.044	95.83669	0.6338041	0.494797	0.505203	5.146383
21498	-1484.2	-1580.553	96.3535	0.6049979	0.408146	0.591854	4.875324
21504	-1478.718	-1574.571	95.85246	0.7931377	0.521192	0.478808	5.049311
21510	-1488.632	-1585.666	97.03331	0.5808653	0.459337	0.540663	4.508361
21516	-1489.577	-1585.863	96.28578	0.5373771	0.546759	0.453241	4.950662
21522	-1493.413	-1590.772	97.35866	0.7785328	0.557606	0.442394	4.212972
21528	-1490.518	-1587.759	97.24059	0.8965953	0.413119	0.586881	4.212972
21534	-1491.262	-1588.089	96.82622	0.8420232	0.520493	0.479507	4.477942
21540	-1489.321	-1584.657	95.3355	0.7367306	0.520493	0.479507	5.36645
21546	-1483.567	-1578.975	95.40795	0.6642786	0.54911	0.45089	5.36645
21552	-1485.878	-1582.394	96.51585	0.7070869	0.54911	0.45089	4.727736
21558	-1480.026	-1576.493	96.46667	0.756271	0.47254	0.52746	4.727736
21564	-1476.622	-1573.511	96.8892	0.7727265	0.47254	0.52746	4.481494
21570	-1484.082	-1581.263	97.18105	0.582628	0.444785	0.555215	4.424187
21576	-1486.856	-1583.921	97.06504	0.9000629	0.437606	0.562394	4.310452
21582	-1485.404	-1584.239	98.83486	1.06957	0.640702	0.359298	3.19033
21588	-1476.529	-1571.549	95.02071	0.4771498	0.573024	0.426976	5.682223
21594	-1487.059	-1582.633	95.57421	0.6361687	0.439227	0.560773	5.290223
21600	-1498.343	-1594.645	96.3023	0.8010415	0.541234	0.458766	4.794551
21606	-1488.09	-1584.197	96.10717	0.4500621	0.541234	0.458766	5.098319
21612	-1486.215	-1581.454	95.23947	0.574551	0.541234	0.458766	5.508628
21618	-1485.458	-1581.358	95.90021	0.5210786	0.406895	0.593105	5.173623
21624	-1492.595	-1588.406	95.81117	0.6101228	0.53305	0.46695	5.173623
21630	-1486.837	-1582.617	95.78	0.6412879	0.566108	0.433892	5.173623
21636	-1480.048	-1577.947	97.89936	0.7435913	0.419743	0.580257	3.924645
21642	-1482.929	-1578.813	95.88401	0.6798711	0.388241	0.611759	5.094638
21648	-1477.38	-1573.49	96.11007	0.6798711	0.582816	0.417184	4.969136
21654	-1481.333	-1577.451	96.11788	0.6720631	0.582816	0.417184	4.969136
21660	-1484.812	-1583.049	98.23679	0.9586353	0.262774	0.737226	3.606081
21666	-1474.328	-1571.418	97.09069	1.001495	0.522381	0.477619	4.238496
21672	-1475.542	-1573.661	98.11885	0.8736923	0.456726	0.543274	3.72355
21678	-1478.845	-1576.374	97.52861	0.9389971	0.308075	0.691925	4.024931
21684	-1478.46	-1574.523	96.06219	0.9096942	0.381365	0.618635	4.867869
21690	-1477.835	-1574.085	96.2502	0.5878408	0.370979	0.629021	4.942384
21696	-1478.913	-1574.269	95.35536	0.6024728	0.374968	0.625032	5.429487
21702	-1475.968	-1572.64	96.67236	0.8436994	0.530783	0.469217	4.563496
21708	-1475.446	-1572.789	97.34225	1.039172	0.545022	0.454978	4.074097
21714	-1473.843	-1572.206	98.3635	1.048188	0.467419	0.532581	3.480177
21720	-1479.176	-1576.221	97.04539	0.7601545	0.463138	0.536862	4.40058
21726	-1473.447	-1570.199	96.75161	0.6836764	0.4516	0.5484	4.608823
21732	-1488.367	-1584.356	95.98919	0.5493842	0.420275	0.579725	5.108665
21738	-1482.027	-1577.981	95.95393	0.6286486	0.407584	0.592416	5.084271
21744	-1488.47	-1583.632	95.16204	0.6345504	0.380721	0.619279	5.518215
21750	-1486.199	-1582.454	96.25576	0.5450177	0.484322	0.515678	4.963112
21756	-1491.921	-1588.416	96.4949	0.6401061	0.342347	0.657653	4.776871
21762	-1485.942	-1581.283	95.34135	0.4728003	0.554346	0.445654	5.508558
21768	-1484.391	-1579.793	95.4019	0.4122484	0.554346	0.445654	5.508558
21774	-1489.446	-1585.321	95.87557	0.5059953	0.450222	0.549778	5.195605
21780	-1488.209	-1583.944	95.73515	0.646421	0.375073	0.624927	5.195605
21786	-1485.537	-1582.276	96.73901	0.7031322	0.501371	0.498629	4.604979
21792	-1492.937	-1588.452	95.51532	0.63111	0.464582	0.535418	5.325522
21798	-1492.433	-1586.748	94.31519	0.6830121	0.487178	0.512822	5.955543
21804	-1482.586	-1578.429	95.84316	0.6840761	0.465741	0.534259	5.114948
21810	-1485.17	-1581.223	96.05281	0.4744256	0.497417	0.502583	5.114948
21816	-1493.146	-1587.659	94.51318	0.3487603	0.503735	0.496265	6.029875
21822	-1481.1	-1578.498	97.39859	0.6271662	0.51749	0.48251	4.276129
21828	-1486.682	-1585.879	99.19704	0.9807735	0.51749	0.48251	3.027432
21834	-1492.699	-1591.699	99	0.9807735	0.367948	0.632052	3.145004
21840	-1489.58	-1586.452	96.87216	1.035604	0.321941	0.678059	4.342869
21846	-1490.427	-1587.143	96.71592	0.7756105	0.321941	0.678059	4.577267
21852	-1490.85	-1588.015	97.16549	0.7724782	0.444102	0.555898	4.325798
21858	-1495.824	-1592.833	97.00866	1.013165	0.444102	0.555898	4.278355
21864	-1483.323	-1579.332	96.00914	0.5267294	0.45562	0.54438	5.110165
21870	-1491.014	-1586.029	95.01458	0.4204566	0.502807	0.497193	5.716657
21876	-1487.83	-1583.766	95.93637	0.582637	0.510832	0.489168	5.119506
21882	-1487.08	-1582.31	95.22991	0.6093417	0.40179	0.59821	5.494753
21888	-1485.662	-1581.087	95.42422	0.4150286	0.484183	0.515817	5.494753
21894	-1488.186	-1583.244	95.05812	0.6975386	0.364232	0.635768	5.540716
21900	-1492.94	-1588.466	95.52604	0.5654717	0.565136	0.434864	5.355819
21906	-1487.343	-1583.444	96.10107	0.829402	0.579545	0.420455	4.890937
21912	-1493.425	-1589.023	95.59813	0.7902385	0.562045	0.437955	5.191844
21918	-1489.279	-1586.168	96.88907	0.5294032	0.451384	0.548616	4.618253
21924	-1494.376	-1592.559	98.18274	0.8220349	0.393848	0.606152	3.716483
21930	-1490.769	-1588.589	97.82024	0.7188447	0.375876	0.624124	3.984092
21936	-1485.056	-1582.92	97.86408	0.7027712	0.47136	0.52864	3.968216
21942	-1481.516	-1578.261	96.74503	0.6571613	0.434261	0.565739	4.627381
21948	-1482.368	-1578.596	96.228	0.4589707	0.505051	0.494949	5.026344
21954	-1487.001	-1582.585	95.5834	0.6825095	0.505051	0.494949	5.259548
21960	-1485.471	-1581.305	95.83357	0.2818889	0.521031	0.478969	5.342607
21966	-1486.034	-1582.749	96.71576	0.6093074	0.411421	0.588579	4.670592
21972	-1490.09	-1586.627	96.5362	0.6845848	0.396067	0.603933	4.728942
21978	-1489.561	-1586.373	96.81259	0.4081942	0.441309	0.558691	4.728942
21984	-1488.361	-1586.301	97.93977	1.012177	0.449263	0.550737	3.746984
21990	-1485.371	-1585.118	99.74689	1.012177	0.503546	0.496454	2.674908
21996	-1482.537	-1579.194	96.65774	0.8301264	0.347756	0.652244	4.579322
22002	-1488.052	-1585.584	97.53171	0.6542325	0.58868	0.41132	4.1853
22008	-1480.702	-1576.029	95.32657	0.435654	0.591064	0.408936	5.537107
22014	-1480.397	-1576.38	95.98362	0.6088239	0.441359	0.558641	5.078795
22020	-1485.82	-1581.806	95.98599	0.6064596	0.431198	0.568802	5.078795
22026	-1497.084	-1594.851	97.7672	0.7677117	0.390974	0.609026	3.986481
22032	-1487.652	-1583.548	95.8962	0.6771096	0.407897	0.592103	5.089408
22038	-1484.957	-1581.685	96.72858	0.5769137	0.348789	0.651211	4.681552
22044	-1497.292	-1593.492	96.19985	0.5769137	0.418821	0.581179	4.976462
22050	-1481.955	-1576.39	94.43535	0.5477532	0.436288	0.563712	5.963781
22056	-1484.625	-1578.921	94.29563	0.603755	0.447509	0.552491	6.009456
22062	-1482.51	-1577.61	95.09944	0.8645755	0.429012	0.570988	5.426085
22068	-1484.732	-1578.719	93.98766	0.6663941	0.513422	0.486578	6.143122
22074	-1483.125	-1577.24	94.11481	0.5392388	0.59778	0.40222	6.143122
22080	-1476.023	-1570.388	94.36525	0.5392388	0.426083	0.573917	6.006673
22086	-1480.239	-1574.794	94.55447	0.4322381	0.478786	0.521214	5.961813
22092	-1479.345	-1577.149	97.80378	0.7895091	0.478786	0.521214	3.953087
22098	-1484.081	-1580.884	96.80379	0.7563684	0.481406	0.518594	4.538728
22104	-1485.162	-1580.63	95.46856	0.7073454	0.481406	0.518594	5.309257
22110	-1484.461	-1581.768	97.30643	0.8719579	0.481406	0.518594	4.18959
22116	-1488.335	-1585.63	97.29439	0.8839985	0.431606	0.568394	4.18959
22122	-1492.396	-1590.933	98.53736	0.8839985	0.440133	0.559867	3.474531
22128	-1489.819	-1587.586	97.76667	0.9651255	0.510449	0.489551	3.873689
22134	-1488.731	-1586.208	97.47635	0.7516576	0.438182	0.561818	4.161405
22140	-1495.911	-1593.888	97.97696	0.71106	0.442525	0.557475	3.89881
22146	-1487.15	-1582.538	95.38765	0.8227228	0.444299	0.555701	5.290227
22152	-1492.769	-1590.296	97.52648	0.9347672	0.580475	0.419525	4.028564
22158	-1500.856	-1596.106	95.24999	0.7532461	0.536266	0.463734	5.404479
22164	-1498.157	-1593.069	94.91187	0.5595547	0.401358	0.598642	5.696714
22170	-1492.81	-1588.413	95.60246	0.5509232	0.434687	0.565313	5.321685
22176	-1490.553	-1587.137	96.58381	0.6868087	0.543087	0.456913	4.701065
22182	-1487.029	-1584.439	97.40992	0.6910805	0.458732	0.541268	4.233494
22188	-1487.824	-1585.441	97.61609	1.008229	0.458732	0.541268	3.935316
22194	-1487.565	-1584.566	97.00067	0.59281	0.430682	0.569318	4.519998
22200	-1483.723	-1580.334	96.61152	0.8178924	0.548298	0.451702	4.612119
22206	-1485.192	-1582.548	97.35602	1.002435	0.378359	0.621641	4.087182
22212	-1481.182	-1578.715	97.53326	0.8251997	0.506142	0.493858	4.087182
22218	-1475.655	-1573.232	97.5776	0.9118822	0.374732	0.625268	4.012439
22224	-1486.046	-1583.623	97.5776	0.9118822	0.45243	0.54757	4.012439
22230	-1484.185	-1580.807	96.62183	0.7051501	0.524245	0.475755	4.669522
22236	-1484.659	-1581.214	96.55493	0.7720499	0.491085	0.508915	4.669522
22242	-1497.365	-1592.533	95.16774	0.5604915	0.431019	0.568981	5.555786
22248	-1486.345	-1583.59	97.24495	0.6560313	0.514716	0.485284	4.346701
22254	-1489.392	-1585.188	95.79622	0.6576322	0.408461	0.591539	5.155598
22260	-1493.893	-1590.338	96.44575	0.7578462	0.408461	0.591539	4.738552
22266	-1485.039	-1579.065	94.02589	0.6038816	0.395758	0.604242	6.156335
22272	-1490.527	-1587.882	97.35518	0.6672691	0.440456	0.559544	4.278001
22278	-1487.509	-1582.612	95.10239	0.6551705	0.442494	0.557506	5.539666
22284	-1488.956	-1585.743	96.78763	0.7523742	0.549356	0.450644	4.55005
22290	-1479.916	-1576.036	96.11991	0.5985931	0.422243	0.577757	5.008829
22296	-1484.454	-1580.687	96.23274	0.5985931	0.422247	0.577753	4.946114
22302	-1490.84	-1586.503	95.66326	0.6496499	0.422247	0.577753	5.233573
22308	-1488.881	-1584.754	95.8734	0.8450867	0.412931	0.587069	5.008841
22314	-1473.05	-1568.701	95.65045	0.815677	0.555696	0.444304	5.148799
22320	-1476.753	-1573.102	96.34947	0.6580199	0.519609	0.480391	4.84802
22326	-1481.092	-1577.404	96.31254	0.6949541	0.519609	0.480391	4.84802
22332	-1485.311	-1581.443	96.13172	0.8757736	0.482117	0.517883	4.84802
22338	-1489.787	-1587.73	97.94234	0.8739501	0.536484	0.463516	3.825134
22344	-1490.373	-1588.868	98.49544	0.9472233	0.517456	0.482544	3.462087
22350	-1480.568	-1575.92	95.35239	0.5988089	0.556461	0.443539	5.43314
22356	-1476.323	-1573.893	97.57016	0.6986305	0.560462	0.439538	4.138218
22362	-1485.306	-1581.599	96.29245	0.6986305	0.522003	0.477997	4.85717
22368	-1487.798	-1584.952	97.15472	0.7756785	0.491965	0.508035	4.330076
22374	-1483.983	-1581.239	97.2558	0.6745956	0.478679	0.521321	4.330076
22380	-1489.61	-1587.288	97.67778	0.6814883	0.512235	0.487765	4.086722
22386	-1485.2	-1582.276	97.07605	0.7096836	0.466986	0.533014	4.411753
22392	-1487.466	-1584.408	96.94182	0.6750608	0.453354	0.546646	4.506837
22398	-1480.931	-1577.767	96.83631	0.7805788	0.546807	0.453193	4.506837
22404	-1482.286	-1577.053	94.76725	0.3679719	0.432139	0.567861	5.880709
22410	-1498.231	-1593.49	95.25932	0.5980862	0.332733	0.667267	5.484768
22416	-1499.586	-1595.719	96.13294	0.4865085	0.655275	0.344725	5.063815
22422	-1481.455	-1576.438	94.98257	0.6427311	0.266511	0.733489	5.612313
22428	-1482.603	-1580.795	98.19185	0.7769319	0.617449	0.382551	3.737269
22434	-1486.519	-1584.785	98.26541	0.8523766	0.395793	0.604207	3.651106
22440	-1481.713	-1577.192	95.47901	0.4405607	0.486789	0.513211	5.450555
22446	-1481.16	-1577.525	96.36512	0.5740508	0.481175	0.518825	4.886094
22452	-1481.675	-1579.415	97.73967	0.9214604	0.439286	0.560714	3.914223
22458	-1479.178	-1576.918	97.74005	0.9210836	0.439286	0.560714	3.914223
22464	-1487.269	-1585.242	97.97303	0.9210836	0.439286	0.560714	3.780329
22470	-1479.077	-1577.732	98.65515	1.02596	0.496889	0.503111	3.322245
22476	-1488.039	-1585.482	97.44332	0.8107476	0.680768	0.319232	4.146593
22482	-1477.485	-1574.91	97.42562	0.7590021	0.46164	0.53836	4.186047
22488	-1473.447	-1570.331	96.88396	0.632517	0.556645	0.443355	4.563261
22494	-1479.527	-1577.498	97.97053	0.7752991	0.351293	0.648707	3.865627
22500	-1479.185	-1577.638	98.45366	0.7752991	0.510183	0.489817	3.586604
22506	-1484.343	-1581.609	97.26619	0.6604905	0.337638	0.662362	4.332177
22512	-1478.54	-1575.417	96.87716	0.7840172	0.573633	0.426367	4.481921
22518	-1482.9	-1579.882	96.98167	0.7256266	0.469143	0.530857	4.455954
22524	-1489.596	-1585.946	96.35043	0.4692523	0.554019	0.445981	4.952598
22530	-1483.953	-1580.537	96.58435	0.5939225	0.471882	0.528118	4.752705
22536	-1482.67	-1578.553	95.88292	0.6170314	0.471882	0.528118	5.130068
22542	-1492.384	-1588.641	96.25676	0.6031894	0.471882	0.528118	4.930198
22548	-1490.757	-1587.264	96.50687	0.5940825	0.408098	0.591902	4.795886
22554	-1484.975	-1580.639	95.66418	0.6600323	0.525639	0.474361	5.227324
22560	-1485.775	-1580.794	95.01956	0.6285757	0.544755	0.455245	5.599775
22566	-1492.109	-1587.07	94.96071	0.6874251	0.364008	0.635992	5.599775
22572	-1490.027	-1586.369	96.3416	0.7292106	0.409696	0.590304	4.812708
22578	-1481.296	-1576.824	95.52803	0.7396563	0.523224	0.476776	5.258569
22584	-1483.625	-1580.289	96.66359	0.7872661	0.544161	0.455839	4.600092
22590	-1487.908	-1585.917	98.00848	0.7887145	0.469608	0.530392	3.836117
22596	-1483.657	-1580.417	96.76076	0.6039494	0.441351	0.558649	4.648387
22602	-1473.955	-1570.951	96.99521	0.6756952	0.422633	0.577367	4.476441
22608	-1471.846	-1567.477	95.63089	0.4703046	0.573019	0.426981	5.350475
22614	-1471.941	-1569.099	97.15813	0.7088433	0.504957	0.495043	4.36591
22620	-1478.173	-1574.536	96.36303	0.5652218	0.482171	0.517829	4.892172
22626	-1484.275	-1581.113	96.83753	0.8045585	0.4609	0.5391	4.492661
22632	-1477.786	-1574.942	97.15604	0.8540302	0.4609	0.5391	4.28501
22638	-1476.445	-1573.55	97.10556	0.8314597	0.494585	0.505415	4.326334
22644	-1477.878	-1575.246	97.36776	0.9170939	0.61237	0.38763	4.129084
22650	-1480.138	-1577.347	97.20874	0.7898919	0.624033	0.375967	4.291482
22656	-1491.786	-1589.248	97.46141	0.6339228	0.45384	0.54616	4.236707
22662	-1477.247	-1573.281	96.0347	0.6458101	0.545034	0.454966	5.029929
22668	-1483.998	-1581.56	97.56258	0.9158346	0.560966	0.439034	4.01876
22674	-1493.463	-1591.949	98.48585	0.7468225	0.459815	0.540185	3.584447
22680	-1480.17	-1576.969	96.79933	0.6726177	0.435838	0.564162	4.588259
22686	-1475.202	-1571.492	96.29001	0.6176639	0.435838	0.564162	4.903634
22692	-1485.689	-1583.309	97.61983	0.7924943	0.535077	0.464923	4.056476
22698	-1473.995	-1571.91	97.91489	0.8407632	0.434718	0.565282	3.859989
22704	-1474.943	-1571.494	96.55063	0.6862103	0.382903	0.617097	4.719965
22710	-1475.512	-1571.204	95.69248	0.4990232	0.395827	0.604173	5.300647
22716	-1477.912	-1574.804	96.89199	0.7269093	0.451216	0.548784	4.505703
22722	-1490.638	-1587.538	96.90009	0.6226391	0.531975	0.468025	4.559754
22728	-1491.309	-1585.837	94.5278	0.4288517	0.425517	0.574483	5.978215
22734	-1490.324	-1586.367	96.04305	0.5304001	0.564266	0.435734	5.089331
22740	-1486.311	-1583.423	97.11226	0.6973021	0.42812	0.57188	4.398312
22746	-1473.48	-1570	96.52	0.7250515	0.553323	0.446677	4.715372
22752	-1476.325	-1572.181	95.85655	0.617399	0.427343	0.572657	5.144466
22758	-1475.031	-1570.968	95.93719	0.7875464	0.393262	0.606738	5.005372
22764	-1476.993	-1573.809	96.81569	0.6998496	0.504614	0.495386	4.563791
22770	-1482.122	-1578.129	96.00709	0.675108	0.522504	0.477496	5.028994
22776	-1473.238	-1568.911	95.67334	0.5774669	0.440652	0.559348	5.267893
22782	-1484.522	-1579.241	94.71938	0.4055257	0.42443	0.57557	5.886346
22788	-1485.187	-1579.62	94.43237	0.6925426	0.384825	0.615175	5.886346
22794	-1482.354	-1577.516	95.16188	0.680032	0.472573	0.527427	5.493288
22800	-1486.886	-1580.749	93.86349	0.4452971	0.431519	0.568481	6.330801
22806	-1535.064	-1629.103	94.03984	0.5024325	0.478108	0.521892	6.203939
22812	-1491.587	-1586.115	94.52791	0.4650561	0.57042	0.42958	5.958402
22818	-1491.311	-1586.609	95.29758	0.7525196	0.57042	0.42958	5.378653
22824	-1490.307	-1586.168	95.86138	0.8439399	0.557541	0.442459	5.016155
22830	-1489.786	-1584.985	95.1994	0.4965234	0.575702	0.424298	5.573537
22836	-1487.948	-1583.416	95.46749	0.4117692	0.401517	0.598483	5.472743
22842	-1481.82	-1577.634	95.81413	0.7153024	0.469264	0.530736	5.113729
22848	-1477.23	-1573.162	95.93151	0.5979198	0.469264	0.530736	5.113729
22854	-1479.227	-1577.27	98.0437	0.7726684	0.416235	0.583765	3.825089
22860	-1484.694	-1582.717	98.02328	0.793088	0.455631	0.544369	3.825089
22866	-1481.122	-1575.259	94.1368	0.5160302	0.455631	0.544369	6.143788
22872	-1480.753	-1574.458	93.70419	0.7611841	0.455631	0.544369	6.245744
22878	-1478.878	-1573.226	94.34864	0.4588157	0.505796	0.494204	6.059576
22884	-1480.154	-1577.417	97.26334	0.6686884	0.400938	0.599062	4.329155
22890	-1481.565	-1578.481	96.91635	0.6395238	0.601965	0.398035	4.541133
22896	-1484.819	-1580.124	95.30494	0.6395238	0.535347	0.464653	5.436848
22902	-1484.805	-1581.378	96.57361	0.7398875	0.548065	0.451935	4.677067
22908	-1489.338	-1586.101	96.76292	0.5505801	0.562482	0.437518	4.677067
22914	-1487.278	-1582.648	95.36986	0.6596321	0.500085	0.499915	5.390007
22920	-1488.372	-1583.546	95.1742	0.6433896	0.57767	0.42233	5.506668
22926	-1487.943	-1583.364	95.4218	0.3957915	0.509204	0.490796	5.506668
22932	-1490.297	-1587.072	96.77461	0.55652	0.512482	0.487518	4.667196
22938	-1495.576	-1591.233	95.65785	0.6095222	0.551846	0.448154	5.258743
22944	-1490.476	-1587.485	97.00911	0.6095222	0.5648	0.4352	4.505855
22950	-1479.888	-1576.826	96.93773	0.6808976	0.437018	0.562982	4.505855
22956	-1489.024	-1585.451	96.42739	0.3783575	0.448226	0.551774	4.960345
22962	-1504.03	-1598.071	94.0415	0.4103283	0.481916	0.518084	6.253105
22968	-1479.063	-1574.83	95.76693	0.5588427	0.367924	0.632076	5.226464
22974	-1491.184	-1586.386	95.20217	0.5900519	0.428086	0.571914	5.520617
22980	-1482.835	-1578.582	95.74712	0.3134872	0.514147	0.485853	5.372859
22986	-1486.021	-1581.515	95.49481	0.5657989	0.505444	0.494556	5.372859
22992	-1502.071	-1596.998	94.92776	0.373926	0.521661	0.478339	5.789676
22998	-1488.056	-1582.208	94.15165	0.5147513	0.504707	0.495293	6.1364
23004	-1490.071	-1586.985	96.91352	0.6239897	0.441915	0.558085	4.55145
23010	-1484.919	-1580.446	95.52641	0.5608981	0.52883	0.47117	5.358138
23016	-1495.558	-1591.931	96.37346	0.8493683	0.406007	0.593993	4.727796
23022	-1495.439	-1590.45	95.01088	0.5923857	0.539746	0.460254	5.624406
23028	-1484.413	-1579.317	94.90406	0.6992079	0.550928	0.449072	5.624406
23034	-1492.895	-1589.814	96.9193	0.8507604	0.489539	0.510461	4.420587
23040	-1493.452	-1590.235	96.7826	0.6431903	0.460096	0.539904	4.61415
23046	-1492.687	-1589.293	96.6054	0.8075426	0.437466	0.562534	4.621354
23052	-1487.879	-1584.648	96.76879	0.6441494	0.437466	0.562534	4.621354
23058	-1496.211	-1593.132	96.92121	0.7042649	0.495872	0.504128	4.502004
23064	-1484.928	-1583.647	98.71917	1.019085	0.467832	0.532168	3.288584
23070	-1486.372	-1582.404	96.0318	0.73928	0.40431	0.59569	4.979621
23076	-1495.146	-1589.806	94.66014	0.5663199	0.547889	0.452111	5.830833
23082	-1476.535	-1572.604	96.06856	0.7147199	0.434451	0.565549	4.972837
23088	-1481.119	-1577.604	96.48486	0.6767694	0.428387	0.571613	4.762003
23094	-1483.54	-1579.635	96.09533	0.6994264	0.547889	0.452111	4.966456
23100	-1487.772	-1583.984	96.21162	0.744865	0.454508	0.545492	4.876448
23106	-1488.791	-1586.449	97.65806	0.8614235	0.464595	0.535405	3.995301
23112	-1484.72	-1582.26	97.54008	0.8578909	0.591262	0.408738	4.064662
23118	-1482.132	-1579.764	97.63209	0.9057933	0.453364	0.546636	3.98478
23124	-1486.395	-1584.91	98.51533	1.018441	0.460145	0.539855	3.408775
23130	-1486.78	-1582.363	95.58246	0.6614052	0.422413	0.577587	5.27173
23136	-1491.502	-1587.604	96.10272	0.4446606	0.480672	0.519328	5.103784
23142	-1486.418	-1582.281	95.86298	0.7427042	0.551918	0.448082	5.071454
23148	-1486.252	-1581.68	95.42771	0.6534085	0.551918	0.448082	5.361547
23154	-1473.258	-1569.478	96.22017	0.6251439	0.556495	0.443505	4.938342
23160	-1485.677	-1583.809	98.13144	1.023305	0.54548	0.45452	3.629681
23166	-1489.495	-1587.654	98.15846	0.9962865	0.497714	0.502286	3.629681
23172	-1498.539	-1594.846	96.30791	0.5104912	0.517665	0.482335	4.953309
23178	-1489.991	-1586.298	96.30717	0.5112328	0.507709	0.492291	4.953309
23184	-1487.584	-1584.855	97.27125	0.8690702	0.442135	0.557865	4.211194
23190	-1485.011	-1582.362	97.35105	0.7892668	0.363987	0.636013	4.211194
23196	-1486.023	-1582.296	96.27354	0.807107	0.554029	0.445971	4.80722
23202	-1478.589	-1575.82	97.23139	0.807107	0.426278	0.573722	4.268915
23208	-1478.144	-1575.376	97.23139	0.807107	0.39097	0.60903	4.268915
23214	-1482.831	-1579.821	96.9907	0.7126553	0.502233	0.497767	4.458174
23220	-1480.918	-1577.896	96.97754	0.713199	0.502233	0.497767	4.465278
23226	-1481.393	-1578.363	96.97014	0.720604	0.447352	0.552648	4.465278
23232	-1490.831	-1586.265	95.43346	0.5702779	0.44781	0.55219	5.404201
23238	-1482.917	-1579.595	96.67727	0.8122509	0.419597	0.580403	4.578393
23244	-1493.819	-1590.122	96.30289	0.7498503	0.419597	0.580403	4.822787
23250	-1492.252	-1588.673	96.42107	0.7409949	0.469899	0.530101	4.761755
23256	-1500.133	-1596.267	96.13413	0.5479533	0.516321	0.483679	5.029058
23262	-1493.698	-1590.193	96.4954	0.6413202	0.516321	0.483679	4.775916
23268	-1482.462	-1578.871	96.40907	0.727648	0.495281	0.504719	4.775916
23274	-1486.272	-1581.392	95.12003	0.7288274	0.456547	0.543453	5.489468
23280	-1480.892	-1575.545	94.65308	0.5635062	0.521659	0.478341	5.836233
23286	-1490.215	-1585.907	95.69269	0.4730332	0.440859	0.559141	5.314875
23292	-1486.756	-1580.13	93.37449	0.4428857	0.452181	0.547819	6.597109
23298	-1482.973	-1577.659	94.68603	0.5390578	0.406559	0.593441	5.831584
23304	-1476.254	-1571.899	95.64519	0.6343715	0.623479	0.376521	5.252005
23310	-1474.657	-1570.258	95.60015	0.6794091	0.527537	0.472463	5.252005
23316	-1483.376	-1578.091	94.71489	0.8850104	0.435601	0.564399	5.626256
23322	-1481.882	-1579.743	97.8611	0.8850104	0.349394	0.650606	3.865465
23328	-1474.742	-1571.2	96.45741	0.8482893	0.3938	0.6062	4.681433
23334	-1487.71	-1584.354	96.64361	0.7253316	0.3938	0.6062	4.646017
23340	-1478.002	-1571.879	93.87681	0.6103537	0.463923	0.536077	6.233903
23346	-1488.044	-1584.161	96.11694	0.510043	0.485125	0.514875	5.059636
23352	-1493.865	-1589.212	95.34661	0.4843402	0.515419	0.484581	5.49932
23358	-1495.664	-1593.255	97.59039	0.6702285	0.568847	0.431153	4.142867
23364	-1486.301	-1581.403	95.1019	0.695256	0.497414	0.502586	5.517905
23370	-1489.737	-1585.544	95.8072	0.7998632	0.562067	0.437933	5.070689
23376	-1490.13	-1587.074	96.94441	0.6469094	0.437425	0.562575	4.52121
23382	-1489.238	-1585.182	95.9438	0.6113909	0.505374	0.494626	5.099452
23388	-1493.352	-1589.843	96.49068	0.4739107	0.514617	0.485383	4.871929
23394	-1485.901	-1580.901	94.99932	0.7362874	0.362197	0.637803	5.551733
23400	-1481.843	-1576.871	95.02806	0.707551	0.365932	0.634068	5.551733
23406	-1479.517	-1576.33	96.81316	0.6827847	0.575324	0.424676	4.57479
23412	-1489.069	-1584.746	95.67687	0.5744245	0.471167	0.528833	5.267623
23418	-1488.909	-1585.766	96.85731	0.5756434	0.492589	0.507411	4.610135
23424	-1494.524	-1589.901	95.3766	0.5763071	0.555399	0.444601	5.432201
23430	-1486.874	-1585.709	98.8349	0.8475003	0.49003	0.50997	3.321491
23436	-1485.602	-1583.211	97.60931	0.8564337	0.428264	0.571736	4.025998
23442	-1497.489	-1594.869	97.38031	0.7461155	0.637538	0.362462	4.219076
23448	-1487.337	-1584.081	96.74406	0.7461155	0.496511	0.503489	4.578031
23454	-1478.739	-1575.502	96.76305	0.7271241	0.496511	0.503489	4.578031
23460	-1481.742	-1578.401	96.65866	0.5000872	0.469492	0.530508	4.763612
23466	-1496.08	-1592.499	96.41847	0.7402762	0.469492	0.530508	4.763612
23472	-1486.888	-1583.302	96.41401	0.7402762	0.469492	0.530508	4.766102
23478	-1489.672	-1586.382	96.70992	0.8170499	0.462048	0.537952	4.55737
23484	-1477.1	-1572.652	95.55166	0.6028051	0.539929	0.460071	5.32109
23490	-1479.223	-1574.684	95.46141	0.6930547	0.499446	0.500554	5.32109
23496	-1480.174	-1575.214	95.03997	0.5145779	0.401955	0.598045	5.651138
23502	-1483.85	-1580.419	96.56831	0.6132841	0.506124	0.493876	4.750849
23508	-1489.668	-1585.541	95.87303	0.3327383	0.53341	0.46659	5.292769
23514	-1486.451	-1582.626	96.17442	0.5227416	0.53341	0.46659	5.020686
23520	-1495.719	-1591.414	95.69487	0.5916665	0.388489	0.611511	5.248151
23526	-1483.564	-1578.849	95.28478	0.7239086	0.47564	0.52436	5.401476
23532	-1480.906	-1577.708	96.80238	0.7717728	0.383192	0.616808	4.53086
23538	-1487.483	-1586.188	98.70455	1.045186	0.584955	0.415045	3.281811
23544	-1480.238	-1577.861	97.6231	0.6687975	0.478187	0.521813	4.125077
23550	-1483.182	-1579.285	96.10292	0.5714837	0.413171	0.586829	5.033318
23556	-1483.153	-1578.204	95.05113	0.5256384	0.597611	0.402389	5.638949
23562	-1487.273	-1582.539	95.26628	0.3218092	0.429068	0.570932	5.632736
23568	-1485.017	-1579.881	94.86473	0.7233608	0.506408	0.493592	5.632736
23574	-1486.942	-1581.847	94.90517	0.6829156	0.477814	0.522186	5.632736
23580	-1487.167	-1582.424	95.25728	0.5939146	0.469151	0.530849	5.488183
23586	-1478.751	-1574.008	95.25728	0.5939146	0.375018	0.624982	5.488183
23592	-1489.891	-1585.673	95.7816	0.7415668	0.476488	0.523512	5.117201
23598	-1484.146	-1579.936	95.79027	0.7328942	0.498304	0.501696	5.117201
23604	-1482.11	-1578.44	96.3304	0.675153	0.386588	0.613412	4.8491
23610	-1481.811	-1578.377	96.56628	0.439273	0.343877	0.656123	4.8491
23616	-1487.345	-1583.82	96.47457	0.9230881	0.452614	0.547386	4.629924
23622	-1489.622	-1586.228	96.60626	0.7381151	0.558796	0.441204	4.659776
23628	-1492.72	-1589.384	96.66386	0.6805221	0.558796	0.441204	4.659776
23634	-1488.888	-1585.693	96.80429	0.5400904	0.389106	0.610894	4.659776
23640	-1479.067	-1575.536	96.46966	0.6144444	0.38334	0.61666	4.80529
23646	-1490.589	-1587.112	96.52257	0.5615287	0.326459	0.673541	4.80529
23652	-1476.403	-1573.476	97.07271	0.6542416	0.533329	0.466671	4.444884
23658	-1479.264	-1575.935	96.67048	0.5433956	0.522956	0.477044	4.732802
23664	-1485.593	-1581.735	96.14252	0.6822591	0.514331	0.485669	4.949763
23670	-1477.544	-1574.939	97.39556	0.8415236	0.476114	0.523886	4.156246
23676	-1477.553	-1574.833	97.27996	0.655223	0.476114	0.523886	4.327371
23682	-1486.636	-1583.795	97.15898	0.7762025	0.476114	0.523886	4.327371
23688	-1475.699	-1573.343	97.64347	0.7762025	0.412614	0.587386	4.052287
23694	-1480.245	-1577.166	96.92103	0.6569297	0.452726	0.547274	4.528721
23700	-1488.299	-1582.9	94.60166	0.4045387	0.474633	0.525367	5.951175
23706	-1488.145	-1582.691	94.54681	0.4593898	0.475948	0.524052	5.951175
23712	-1490.984	-1587.429	96.44504	0.7993978	0.575544	0.424456	4.715715
23718	-1479.826	-1577.123	97.29741	0.7993978	0.468807	0.531193	4.235874
23724	-1479.986	-1577.339	97.35355	0.7993978	0.584336	0.415664	4.204029
23730	-1488.407	-1586.708	98.30178	0.8295233	0.462867	0.537133	3.643273
23736	-1483.645	-1582.494	98.84895	0.924951	0.606739	0.393261	3.267554
23742	-1484.232	-1579.388	95.15608	0.9148844	0.50102	0.49898	5.367147
23748	-1479.172	-1575.829	96.65695	0.7955127	0.50102	0.49898	4.599193
23754	-1484.768	-1580.702	95.93416	0.6958476	0.50102	0.49898	5.057962
23760	-1483.701	-1579.468	95.76735	0.5288192	0.399425	0.600575	5.242827
23766	-1480.515	-1576.168	95.65377	0.6878373	0.468712	0.531288	5.217706
23772	-1484.826	-1581.752	96.92623	0.6711691	0.579517	0.420483	4.517794
23778	-1482.87	-1579.769	96.89907	0.6983252	0.551012	0.448988	4.517794
23784	-1483.034	-1578.784	95.74974	0.6525748	0.537938	0.462062	5.184127
23790	-1483.181	-1578.27	95.08942	0.6626395	0.525916	0.474084	5.54269
23796	-1483.368	-1580.751	97.38336	0.8790162	0.525916	0.474084	4.141867
23802	-1479.109	-1575.681	96.57186	0.6425176	0.562606	0.437394	4.732519
23808	-1486.052	-1582.749	96.69682	0.5175596	0.562606	0.437394	4.732519
23814	-1482.181	-1578.521	96.33964	0.4723201	0.476449	0.523551	4.956891
23820	-1482.261	-1580.096	97.83434	0.7278101	0.476449	0.523551	3.970904
23826	-1488.828	-1585.783	96.95443	0.8623153	0.476245	0.523755	4.394258
23832	-1473.87	-1572.133	98.26328	0.8623153	0.476245	0.523755	3.646578
23838	-1473.648	-1571.912	98.26328	0.8623153	0.417073	0.582927	3.646578
23844	-1483.239	-1580.467	97.22867	0.7224895	0.386235	0.613765	4.318337
23850	-1481.164	-1577.693	96.52878	0.9387347	0.535825	0.464175	4.590745
23856	-1486.859	-1584.882	98.02267	0.9387347	0.461463	0.538537	3.741527
23862	-1479.937	-1577.185	97.24817	0.8134376	0.388217	0.611783	4.255824
23868	-1483.023	-1578.206	95.18322	0.4767167	0.490996	0.509004	5.593299
23874	-1505.003	-1602.542	97.53883	0.9717279	0.397104	0.602896	4.0004
23880	-1488.584	-1585.17	96.58571	0.8911044	0.470235	0.529765	4.58553
23886	-1481.648	-1579.427	97.77972	0.7628129	0.480991	0.519009	3.982124
23892	-1482.867	-1580.548	97.68139	0.8611419	0.382071	0.617929	3.982124
23898	-1478.73	-1576.531	97.80156	0.8703007	0.442399	0.557601	3.908072
23904	-1479.999	-1576.994	96.99518	0.9683549	0.475268	0.524732	4.311337
23910	-1468.111	-1564.14	96.0291	0.8090844	0.471394	0.528606	4.942305
23916	-1474.349	-1570.288	95.93906	0.6176934	0.566468	0.433532	5.098588
23922	-1494.537	-1591.869	97.33253	0.8336006	0.381901	0.618099	4.196549
23928	-1492.447	-1588.953	96.50543	0.8336006	0.383784	0.616216	4.66277
23934	-1492.326	-1587.005	94.67879	0.5622075	0.555339	0.444661	5.822881
23940	-1495.48	-1590.544	95.06411	0.7228401	0.322224	0.677776	5.523515
23946	-1490.245	-1586.484	96.23845	0.899434	0.48085	0.51915	4.775264
23952	-1479.844	-1576.279	96.43511	0.7027708	0.463711	0.536289	4.775264
23958	-1484.226	-1581.045	96.81928	0.8555743	0.530227	0.469773	4.47422
23964	-1485.999	-1582.944	96.94503	0.729828	0.530227	0.469773	4.47422
23970	-1492.1	-1589.41	97.31042	1.108568	0.570341	0.429659	4.052679
23976	-1487.068	-1585.956	98.88817	1.046348	0.558298	0.441702	3.172479
23982	-1489.353	-1586.575	97.22179	0.8702954	0.508448	0.491552	4.238547
23988	-1482.95	-1580.503	97.55316	0.9348809	0.508448	0.491552	4.013265
23994	-1487.982	-1583.772	95.79075	0.6826481	0.568691	0.431309	5.144774
24000	-1493.084	-1589.471	96.387	0.5851736	0.465468	0.534532	4.867706
24006	-1497.272	-1593.203	95.93096	0.6083417	0.534484	0.465516	5.108259
24012	-1494.571	-1591.397	96.82571	0.6517648	0.559686	0.440314	4.585156
24018	-1493.62	-1589.718	96.09806	0.6858843	0.559686	0.440314	4.97247
24024	-1487.295	-1583.266	95.97106	0.731897	0.592285	0.407715	5.017468
24030	-1494.983	-1591.398	96.41539	0.600079	0.50497	0.49503	4.843574
24036	-1488.2	-1584.213	96.01328	0.5220494	0.463515	0.536485	5.110463
24042	-1476.673	-1572.654	95.98093	0.4041481	0.452854	0.547146	5.193663
24048	-1496.258	-1592.067	95.80859	0.5764885	0.452854	0.547146	5.193663
24054	-1492.46	-1587.929	95.4687	0.6379989	0.439516	0.560484	5.34744
24060	-1493.467	-1589.002	95.53473	0.5719669	0.464391	0.535609	5.34744
24066	-1498.358	-1594.097	95.73878	0.3679195	0.456755	0.543245	5.34744
24072	-1493.613	-1588.95	95.33675	0.6915612	0.443858	0.556142	5.390659
24078	-1479.667	-1577.587	97.9206	1.034751	0.443858	0.556142	3.745018
24084	-1511.681	-1607.146	95.46474	0.6379191	0.520133	0.479867	5.34967
24090	-1498.904	-1595.824	96.91967	0.8055254	0.641845	0.358155	4.445873
24096	-1490.028	-1588.547	98.51933	1.141937	0.544534	0.455466	3.333925
24102	-1489.578	-1583.844	94.26578	0.5727519	0.675286	0.324714	6.042635
24108	-1486.599	-1582.64	96.04095	0.4833403	0.491559	0.508441	5.116581
24114	-1482.079	-1581.47	99.39103	1.148391	0.514566	0.485434	2.809224
24120	-1477.402	-1575.646	98.24316	1.076463	0.461994	0.538006	3.533869
24126	-1486.807	-1585.518	98.71058	0.9140965	0.475666	0.524334	3.355434
24132	-1494.12	-1590.508	96.38819	0.8023841	0.483147	0.516853	4.745827
24138	-1495.193	-1591.784	96.59126	0.5824682	0.365467	0.634533	4.75524
24144	-1485.175	-1581.364	96.18905	0.8640732	0.365467	0.634533	4.822577
24150	-1484.865	-1580.553	95.68785	0.721736	0.364061	0.635939	5.1801
24156	-1485.037	-1582.984	97.94666	0.712747	0.364061	0.635939	3.915215
24162	-1495.584	-1591.409	95.82445	0.6507645	0.37359	0.62641	5.143769
24168	-1494.039	-1591.929	97.88949	0.8752174	0.503693	0.496307	3.854785
24174	-1494.919	-1592.734	97.81465	0.9500538	0.503693	0.496307	3.854785
24180	-1482.366	-1580.193	97.82751	0.9372025	0.50475	0.49525	3.854785
24186	-1489.808	-1587.635	97.82751	0.9372025	0.484234	0.515766	3.854785
24192	-1485.554	-1583.179	97.62445	0.9372025	0.484234	0.515766	3.971191
24198	-1493.263	-1591.853	98.58971	0.9310068	0.441595	0.558405	3.416422
24204	-1486.247	-1584.502	98.25435	0.8745123	0.574498	0.425502	3.644686
24210	-1493.621	-1591.464	97.84298	0.82124	0.519751	0.480249	3.912451
24216	-1502.167	-1600.69	98.52307	0.82124	0.445846	0.554154	3.519481
24222	-1480.257	-1574.683	94.42593	0.6360843	0.527579	0.472421	5.920704
24228	-1476.19	-1573.56	97.37024	0.5624982	0.470351	0.529649	4.328751
24234	-1472.727	-1568.785	96.05808	0.5732335	0.470351	0.529649	5.057232
24240	-1474.296	-1570.268	95.97272	0.6586019	0.470351	0.529649	5.057232
24246	-1479.687	-1576.152	96.46462	0.7584165	0.324203	0.675797	4.727683
24252	-1494.058	-1592.023	97.96527	0.583805	0.414557	0.585443	3.978381
24258	-1489.84	-1589.173	99.33373	0.9762133	0.500132	0.499868	2.948089
24264	-1491.379	-1589.424	98.04548	0.7519643	0.494221	0.505779	3.835972
24270	-1489.748	-1587.128	97.3795	0.7849117	0.53898	0.46102	4.197522
24276	-1482.556	-1578.026	95.47029	0.5338234	0.53898	0.46102	5.403997
24282	-1487.802	-1582.947	95.14586	0.4108259	0.466134	0.533866	5.649963
24288	-1494.766	-1589.891	95.12499	0.4316957	0.466134	0.533866	5.649963
24294	-1487.882	-1582.746	94.86451	0.5615432	0.593175	0.406825	5.721577
24300	-1496.961	-1592.053	95.09195	0.3341035	0.506041	0.493959	5.721577
24306	-1497.774	-1592.644	94.87055	0.5555029	0.436078	0.563922	5.721577
24312	-1488.888	-1583.82	94.93125	0.494809	0.406577	0.593423	5.721577
24318	-1495.353	-1592.016	96.66308	0.6260969	0.48563	0.51437	4.690681
24324	-1490.195	-1585.816	95.62076	0.6102558	0.407825	0.592175	5.278825
24330	-1484.395	-1580.283	95.88735	0.6654781	0.513585	0.486415	5.100765
24336	-1488.726	-1587.586	98.85988	0.9267567	0.483883	0.516117	3.260034
24342	-1496.864	-1590.167	93.30224	0.3642748	0.42509	0.57491	6.678687
24348	-1495.864	-1589.139	93.27504	0.3914754	0.527293	0.472707	6.678687
24354	-1489.513	-1586.807	97.29416	0.9131593	0.527293	0.472707	4.173157
24360	-1481.999	-1578.773	96.7736	0.5961777	0.527293	0.472707	4.645545
24366	-1485.509	-1584.227	98.71856	0.9356468	0.548739	0.451261	3.338076
24372	-1489.164	-1587.014	97.84957	0.9336631	0.452037	0.547963	3.84414
24378	-1488.384	-1586.797	98.41322	0.8468968	0.466783	0.533217	3.568498
24384	-1485.779	-1581.641	95.86257	0.9557621	0.483668	0.516332	4.953348
24390	-1480.087	-1578.865	98.77841	0.9335874	0.465866	0.534134	3.30406
24396	-1491.97	-1590.072	98.10157	0.8094768	0.512361	0.487639	3.770569
24402	-1493.904	-1589.905	96.00124	0.6874179	0.557229	0.442771	5.025403
24408	-1477.994	-1572.923	94.92878	0.6134938	0.384503	0.615497	5.657869
24414	-1487.423	-1583.357	95.934	0.6317572	0.428406	0.571594	5.093598
24420	-1487.965	-1583.811	95.84628	0.7194755	0.428406	0.571594	5.093598
24426	-1494.15	-1589.97	95.82042	0.7453348	0.507659	0.492341	5.093598
24432	-1479.906	-1577.068	97.16112	0.8428677	0.489712	0.510288	4.288453
24438	-1487.21	-1584.31	97.10013	0.8943493	0.531838	0.468162	4.293833
24444	-1494.91	-1592.188	97.27844	0.7160389	0.381596	0.618404	4.293833
24450	-1485.981	-1581.802	95.82096	0.5491808	0.471736	0.528264	5.201928
24456	-1490.772	-1586.341	95.56933	0.4434024	0.528365	0.471635	5.399245
24462	-1500.881	-1595.718	94.83682	0.635876	0.528365	0.471635	5.696017
24468	-1494.995	-1588.729	93.73366	0.5149928	0.440618	0.559382	6.363441
24474	-1479.671	-1575.798	96.12652	0.5763983	0.507715	0.492285	5.01749
24480	-1486.088	-1580.304	94.2158	0.5578473	0.435255	0.564745	6.077997
24486	-1478.072	-1572.229	94.15705	0.616598	0.336848	0.663152	6.077997
24492	-1473.075	-1569.075	96.00048	0.6361033	0.541607	0.458393	5.054309
24498	-1478.756	-1574.864	96.10834	0.5282492	0.532063	0.467937	5.054309
24504	-1481.831	-1577.86	96.02882	0.6077677	0.444519	0.555481	5.054309
24510	-1481.17	-1578.671	97.50011	0.887207	0.427048	0.572952	4.070734
24516	-1491.58	-1589.404	97.82368	0.7583446	0.351237	0.648763	3.959535
24522	-1487.055	-1584.816	97.76081	0.7414483	0.509345	0.490655	4.005141
24528	-1492.318	-1590.071	97.75329	0.7489658	0.464962	0.535038	4.005141
24534	-1486.623	-1582.267	95.64395	0.2714176	0.464962	0.535038	5.452871
24540	-1484.508	-1578.251	93.74351	0.7185283	0.552798	0.447202	6.247558
24546	-1474.577	-1571.471	96.89407	0.8240037	0.347855	0.652145	4.449887
24552	-1487.421	-1583.548	96.127	0.6016926	0.405107	0.594893	5.003174
24558	-1486.55	-1582.177	95.62703	0.5605246	0.576067	0.423933	5.302823
24564	-1490.985	-1587.825	96.83998	0.5943017	0.483767	0.516233	4.609389
24570	-1483.647	-1580.85	97.20291	0.7350014	0.483767	0.516233	4.325826
24576	-1488.58	-1584.733	96.15308	0.6129188	0.404081	0.595919	4.982442
24582	-1487.806	-1583.631	95.82456	0.5391749	0.48352	0.51648	5.20547
24588	-1485.32	-1580.773	95.4532	0.5163555	0.48352	0.51648	5.423031
24594	-1498.412	-1596.108	97.69581	0.6149585	0.48352	0.51648	4.114338
24600	-1503.013	-1597.68	94.66699	0.4757063	0.529228	0.470772	5.876627
24606	-1483.521	-1577.289	93.76746	0.3850707	0.437962	0.562038	6.415582
24612	-1480.962	-1575.14	94.17772	0.5865247	0.345496	0.654504	6.083119
24618	-1480.161	-1574.539	94.37858	0.5147812	0.634493	0.365507	6.012744
24624	-1487.327	-1583.149	95.82236	0.6683574	0.640691	0.359309	5.135181
24630	-1478.484	-1574.652	96.16793	0.6105261	0.577055	0.422945	4.975517
24636	-1493.925	-1590.898	96.97305	0.6105261	0.563479	0.436521	4.525563
24642	-1485.06	-1580.055	94.99556	0.4677601	0.528449	0.471551	5.701156
24648	-1480.744	-1576.28	95.53594	0.3648563	0.50548	0.49452	5.460892
24654	-1481.092	-1578.169	97.07752	0.5806578	0.50548	0.49452	4.483606
24660	-1484.573	-1580.302	95.72939	0.4869776	0.38355	0.61645	5.286916
24666	-1484.516	-1580.109	95.59378	0.62259	0.480075	0.519925	5.286916
24672	-1482.297	-1578.609	96.31191	0.5378793	0.347932	0.652068	4.935848
24678	-1480.471	-1576.47	95.99961	0.5281223	0.520857	0.479143	5.114671
24684	-1476.269	-1573.442	97.17332	0.5096959	0.568949	0.431051	4.469625
24690	-1480.896	-1576.765	95.8685	0.4698627	0.460464	0.539536	5.219499
24696	-1480.085	-1575.521	95.43601	0.3492189	0.521585	0.478415	5.52446
24702	-1469.679	-1564.989	95.31053	0.4746951	0.41971	0.58029	5.52446
24708	-1486.727	-1582.412	95.68515	0.4746951	0.563832	0.436168	5.318122
24714	-1483.479	-1579.254	95.77514	0.3847015	0.507276	0.492724	5.318122
24720	-1480.256	-1575.298	95.04207	0.5074088	0.470864	0.529136	5.653919
24726	-1473.713	-1569.264	95.55162	0.6351681	0.470864	0.529136	5.30325
24732	-1489.505	-1585.796	96.29095	0.6435849	0.457702	0.542298	4.888673
24738	-1477.132	-1572.855	95.72341	0.6435849	0.567998	0.432002	5.203664
24744	-1478.084	-1574.06	95.9758	0.7317907	0.461034	0.538966	5.01489
24750	-1478.878	-1575.036	96.15795	0.4417445	0.461034	0.538966	5.074777
24756	-1475.213	-1570.098	94.88541	0.5513071	0.428093	0.571907	5.715733
24762	-1471.33	-1566.195	94.86568	0.5710374	0.428093	0.571907	5.715733
24768	-1484.89	-1579.645	94.75464	0.6820783	0.551198	0.448802	5.715733
24774	-1483	-1578.963	95.96342	0.5707597	0.478179	0.521821	5.111098
24780	-1501.762	-1598.775	97.01245	0.8054884	0.559981	0.440019	4.393588
24786	-1494.957	-1589.949	94.99171	0.6798835	0.563879	0.436121	5.586899
24792	-1495.177	-1592.427	97.24956	0.9154453	0.510185	0.489815	4.197189
24798	-1489.23	-1584.455	95.22429	0.7196502	0.498419	0.501581	5.43714
24804	-1490.015	-1587.118	97.10287	0.6489266	0.565856	0.434144	4.430886
24810	-1479.295	-1576.077	96.78263	0.7045375	0.44868	0.55132	4.579719
24816	-1479.083	-1576.215	97.13251	0.7175746	0.440251	0.559749	4.375445
24822	-1479.91	-1577.801	97.89161	0.8484121	0.401953	0.598047	3.868962
24828	-1481.668	-1578.886	97.218	0.6459333	0.482292	0.517708	4.367623
24834	-1478.443	-1575.664	97.22159	0.7386013	0.415894	0.584106	4.313229
24840	-1489.676	-1587.058	97.38215	0.8698703	0.418031	0.581969	4.147754
24846	-1483.749	-1582.381	98.63263	0.8263957	0.46902	0.53098	3.452524
24852	-1489.83	-1585.256	95.42575	0.7689198	0.508656	0.491344	5.298895
24858	-1481.037	-1576.26	95.22341	0.4323514	0.514462	0.485538	5.595588
24864	-1476.913	-1573.967	97.05353	0.8961484	0.476422	0.523578	4.319175
24870	-1483	-1579.994	96.99413	0.9555454	0.490419	0.509581	4.319175
24876	-1483.192	-1580.31	97.11815	0.8315267	0.490419	0.509581	4.319175
24882	-1480.112	-1577.028	96.91576	0.8315267	0.512303	0.487697	4.433427
24888	-1482.904	-1579.124	96.22019	0.8983191	0.363489	0.636511	4.786082
24894	-1488.125	-1584.211	96.08577	0.6718034	0.363489	0.636511	4.987123
24900	-1487.498	-1586.703	99.20535	0.9233115	0.409365	0.590635	3.056844
24906	-1497.184	-1594.106	96.92224	0.6169667	0.481972	0.518028	4.550495
24912	-1485.805	-1583.824	98.01968	0.8605545	0.414575	0.585425	3.788324
24918	-1486.344	-1581.665	95.32112	0.9097124	0.356062	0.643938	5.278924
24924	-1482.245	-1576.041	93.79556	0.6873191	0.34871	0.65129	6.236229
24930	-1469.878	-1565.468	95.58933	0.6894199	0.593392	0.406608	5.252456
24936	-1473.16	-1568.771	95.61153	0.6672161	0.466072	0.533928	5.252456
24942	-1473.937	-1569.086	95.1497	0.5125344	0.375829	0.624171	5.592034
24948	-1475.423	-1570.464	95.04155	0.7387062	0.508587	0.491413	5.527192
24954	-1477.996	-1572.161	94.16491	0.6036742	0.646012	0.353988	6.080754
24960	-1477.59	-1573.149	95.55876	0.5511282	0.646012	0.353988	5.345682
24966	-1482.754	-1577.373	94.61862	0.555979	0.63408	0.36592	5.859186
24972	-1477.086	-1573.121	96.03523	0.4662365	0.483698	0.516302	5.129225
24978	-1489.181	-1585.115	95.93451	0.5669541	0.483698	0.516302	5.129225
24984	-1480.313	-1577.541	97.22791	0.6690179	0.581895	0.418105	4.348991
24990	-1481.487	-1577.956	96.46813	0.676027	0.378036	0.621964	4.771759
24996	-1487.612	-1583.348	95.73607	0.257248	0.487717	0.512283	5.409942
25002	-1486.445	-1581.799	95.35446	0.5856268	0.459182	0.540818	5.439259
25008	-1485.336	-1580.062	94.72531	0.5553132	0.525401	0.474599	5.801205
25014	-1485.169	-1579.912	94.74229	0.5383268	0.507294	0.492706	5.801205
25020	-1477.265	-1574.041	96.77502	0.7140781	0.464293	0.535707	4.578635
25026	-1484.631	-1581.692	97.06086	0.648522	0.433759	0.566241	4.454781
25032	-1491.112	-1587.27	96.1582	0.6492565	0.698948	0.301052	4.959398
25038	-1481.973	-1577.974	96.00054	0.5366908	0.518764	0.481236	5.109407
25044	-1498.845	-1594.347	95.50179	0.2962872	0.427735	0.572265	5.517395
25050	-1493.718	-1590.769	97.05089	0.8734134	0.293382	0.706618	4.333519
25056	-1486.937	-1583.373	96.43625	0.8361382	0.395294	0.604706	4.700079
25062	-1488.946	-1584.815	95.86852	0.7114134	0.379421	0.620579	5.085736
25068	-1491.595	-1588.473	96.87818	0.7041155	0.580427	0.419573	4.526286
25074	-1492.498	-1587.097	94.59871	0.658341	0.580427	0.419573	5.814102
25080	-1489.499	-1584.15	94.65117	0.6058814	0.385974	0.614026	5.814102
25086	-1492.265	-1586.209	93.94397	0.5235943	0.410345	0.589655	6.244556
25092	-1482.226	-1578.257	96.03092	0.6678005	0.425314	0.574686	5.019818
25098	-1480.877	-1577.517	96.6396	0.566054	0.425314	0.574686	4.737401
25104	-1488.441	-1584.891	96.4503	0.7108586	0.539567	0.460433	4.762265
25110	-1490.212	-1587.001	96.78868	0.7108586	0.570349	0.429651	4.572772
25116	-1489.797	-1586.675	96.87807	0.67949	0.484996	0.515004	4.540188
25122	-1491.759	-1588.354	96.59587	0.761569	0.47598	0.52402	4.65246
25128	-1480.559	-1577.82	97.26137	0.761569	0.47598	0.52402	4.277721
25134	-1486.006	-1582.885	96.87929	0.6129209	0.481664	0.518336	4.576883
25140	-1483.943	-1579.404	95.46162	0.8205325	0.490215	0.509785	5.250574
25146	-1481.309	-1579.307	97.9974	1.006748	0.490215	0.509785	3.716848
25152	-1480.508	-1578.16	97.65131	0.8106624	0.490215	0.509785	4.028151
25158	-1480.506	-1578.051	97.54528	0.7575164	0.490215	0.509785	4.118876
25164	-1481.361	-1577.33	95.96816	0.7575164	0.397101	0.602899	5.004847
25170	-1487.298	-1583.506	96.20769	0.5077904	0.398116	0.601884	5.01051
25176	-1482.013	-1579.336	97.32328	0.9120233	0.491028	0.508972	4.15726
25182	-1484.34	-1583.691	99.35076	1.03776	0.443119	0.556881	2.900697
25188	-1481.874	-1580.763	98.88963	1.03776	0.42779	0.57221	3.176709
25194	-1477.236	-1576.108	98.87268	1.054707	0.434683	0.565317	3.176709
25200	-1473.577	-1572.259	98.68185	1.017814	0.47719	0.52281	3.311325
25206	-1470.573	-1567.745	97.17211	0.9735695	0.439243	0.560757	4.208153
25212	-1478.834	-1577.445	98.61108	0.9872563	0.492004	0.507996	3.370904
25218	-1482.406	-1581.071	98.66555	0.9872563	0.411163	0.588837	3.3389
25224	-1483.628	-1581.811	98.18207	0.6825105	0.485532	0.514468	3.797343
25230	-1485.026	-1582.954	97.92824	0.9363352	0.485532	0.514468	3.797343
25236	-1486.333	-1583.117	96.7832	0.7136488	0.526669	0.473331	4.57428
25242	-1478.178	-1575.89	97.7121	0.5295979	0.497732	0.502268	4.153622
25248	-1481.727	-1581.648	99.92071	1.027586	0.427861	0.572139	2.557931
25254	-1480.94	-1580.455	99.515	1.016789	0.470359	0.529641	2.81387
25260	-1481.444	-1580.204	98.75989	1.016789	0.38255	0.61745	3.265912
25266	-1480.694	-1575.179	94.48433	0.4450894	0.432101	0.567899	5.993075
25272	-1482.317	-1577.644	95.32657	0.6723303	0.483207	0.516793	5.406864
25278	-1478.632	-1573.872	95.23948	0.6557919	0.483207	0.516793	5.463931
25284	-1477.531	-1574.296	96.76505	0.699015	0.489347	0.510653	4.592681
25290	-1475.682	-1572.625	96.94261	0.6810838	0.447919	0.552081	4.503009
25296	-1483.575	-1580.553	96.97826	0.6454349	0.443259	0.556741	4.503009
25302	-1489.19	-1586.837	97.6471	0.7845241	0.443259	0.556741	4.045469
25308	-1480.786	-1578.433	97.6471	0.7845241	0.443259	0.556741	4.045469
25314	-1486.911	-1584.581	97.67019	0.92915	0.482484	0.517516	3.949623
25320	-1478.24	-1575.578	97.33756	0.9120259	0.544116	0.455884	4.149139
25326	-1485.578	-1582.621	97.04289	0.7111563	0.373622	0.626378	4.429613
25332	-1488.094	-1582.895	94.80102	0.4192225	0.490048	0.509952	5.834234
25338	-1477.982	-1574.662	96.68026	0.7230094	0.503931	0.496069	4.62678
25344	-1479.242	-1576.571	97.32893	0.7646341	0.410635	0.589365	4.237713
25350	-1482.49	-1580.45	97.95972	0.8897857	0.527597	0.472403	3.806023
25356	-1485.5	-1583.845	98.34538	0.6952582	0.513607	0.486393	3.695752
25362	-1480.473	-1576.389	95.91586	0.6952582	0.587336	0.412664	5.068437
25368	-1488.774	-1587.517	98.74363	1.022638	0.482299	0.517701	3.272057
25374	-1483.051	-1581.949	98.89815	0.9479065	0.52481	0.47519	3.224907
25380	-1479.16	-1577.815	98.65474	1.191313	0.52481	0.47519	3.224907
25386	-1485.029	-1584.667	99.63798	1.262826	0.429485	0.570515	2.587405
25392	-1482.815	-1582.913	100.0977	1.356456	0.471919	0.528081	2.238231
25398	-1479.327	-1578.83	99.50329	0.9701988	0.434966	0.565034	2.849269
25404	-1474.657	-1572.931	98.27396	0.9233817	0.434966	0.565034	3.604968
25410	-1479.707	-1576.932	97.22531	0.9026503	0.619786	0.380214	4.218207
25416	-1489.906	-1585.557	95.65113	0.7572541	0.49175	0.50825	5.180767
25422	-1483.458	-1579.515	96.05721	0.7336121	0.505041	0.494959	4.968647
25428	-1483.193	-1579.547	96.35442	0.4363962	0.505041	0.494959	4.968647
25434	-1484.695	-1580.458	95.76335	0.5605534	0.505041	0.494959	5.227496
25440	-1481.697	-1578.913	97.21581	0.7853289	0.498136	0.501864	4.290061
25446	-1479.414	-1575.932	96.51835	0.7028462	0.573717	0.426283	4.728708
25452	-1489.666	-1586.494	96.82793	0.7028462	0.333129	0.666871	4.55523
25458	-1499.369	-1597.281	97.91149	0.717976	0.407556	0.592444	3.932369
25464	-1479.866	-1576.688	96.82184	0.7209813	0.507723	0.492277	4.548465
25470	-1496.174	-1593.361	97.18696	0.9539899	0.454576	0.545424	4.210839
25476	-1488.09	-1583.949	95.85874	0.6990963	0.458607	0.541393	5.097984
25482	-1480.283	-1573.946	93.66304	0.6112172	0.471355	0.528645	6.349547
25488	-1477.969	-1571.105	93.13536	0.5822162	0.406397	0.593603	6.651084
25494	-1479.478	-1574.948	95.46938	0.5124743	0.529223	0.470777	5.416256
25500	-1475.84	-1571.605	95.76567	0.4802368	0.348645	0.651355	5.270601
25506	-1475.347	-1572.039	96.69258	0.6462688	0.402124	0.597876	4.662876
25512	-1481.121	-1575.208	94.08654	0.6791792	0.487386	0.512614	6.082315
25518	-1487.589	-1583.563	95.97469	0.7277735	0.548324	0.451676	5.017739
25524	-1485.395	-1581.045	95.64984	0.4282559	0.613528	0.386472	5.363218
25530	-1483.266	-1578.875	95.60938	0.3790786	0.525014	0.474986	5.412621
25536	-1489.298	-1585.462	96.1634	0.7164082	0.525014	0.474986	4.919147
25542	-1493.065	-1589.785	96.7197	0.721424	0.572591	0.427409	4.60555
25548	-1479.39	-1576.987	97.59696	0.801617	0.626923	0.373077	4.064315
25554	-1486.498	-1583.555	97.05683	0.8181357	0.588679	0.411321	4.361394
25560	-1479.737	-1577.355	97.61728	0.7599341	0.542222	0.457778	4.076492
25566	-1485.819	-1582.77	96.95125	0.8031057	0.542222	0.457778	4.42944
25572	-1480.379	-1577.051	96.67117	0.7643414	0.432639	0.567361	4.608698
25578	-1486.649	-1584.688	98.0398	0.8734516	0.417942	0.582058	3.769301
25584	-1474.556	-1573.109	98.55351	0.9546786	0.470014	0.529986	3.423757
25590	-1494.429	-1592.649	98.22059	0.7640606	0.484262	0.515738	3.728109
25596	-1481.608	-1576.852	95.24377	0.6093112	0.589984	0.410016	5.487148
25602	-1476.255	-1572.309	96.05334	0.5598958	0.456036	0.543964	5.067263
25608	-1482.588	-1578.519	95.93068	0.6825578	0.419875	0.580125	5.067263
25614	-1486.807	-1581.614	94.80739	0.6266796	0.518238	0.481762	5.717183
25620	-1487.612	-1583.582	95.97004	0.6197259	0.396721	0.603279	5.080281
25626	-1484.29	-1580.596	96.30637	0.5617443	0.475362	0.524638	4.925651
25632	-1485.192	-1581.675	96.48362	0.6189419	0.518581	0.481419	4.794987
25638	-1476.637	-1573.1	96.46253	0.6400304	0.6308	0.3692	4.794987
25644	-1488.894	-1586.114	97.21961	0.7305471	0.402704	0.597296	4.318907
25650	-1485.314	-1579.958	94.64384	0.5798512	0.516845	0.483155	5.832344
25656	-1484.375	-1579.136	94.76113	0.4625689	0.394591	0.605409	5.832344
25662	-1485.465	-1580.916	95.45076	0.6053627	0.36323	0.63677	5.375329
25668	-1489.864	-1585.87	96.00631	0.5503967	0.368502	0.631498	5.098612
25674	-1480.583	-1576.69	96.10683	0.4498795	0.533456	0.466544	5.098612
25680	-1484.39	-1580.272	95.88158	0.6751305	0.403107	0.596893	5.098612
25686	-1489.204	-1586.952	97.74794	0.5849287	0.506075	0.493925	4.101752
25692	-1492.704	-1590.128	97.4239	0.7963674	0.462024	0.537976	4.1658
25698	-1488.604	-1582.482	93.87847	0.7339884	0.564171	0.435829	6.165756
25704	-1489.066	-1582.938	93.87122	0.5185359	0.564171	0.435829	6.286831
25710	-1491.459	-1586.888	95.42863	0.5177762	0.430953	0.569047	5.435782
25716	-1488.628	-1587.333	98.70495	0.9731047	0.430953	0.569047	3.324046
25722	-1484.904	-1581.319	96.41503	0.8412376	0.536151	0.463849	4.709098
25728	-1484.729	-1581.328	96.59919	0.6570721	0.336811	0.663189	4.709098
25734	-1502.911	-1597.629	94.7179	0.6552049	0.454714	0.545286	5.750579
25740	-1490.581	-1585.98	95.39989	0.6878977	0.499648	0.500352	5.357869
25746	-1495.796	-1594.147	98.35066	0.9494317	0.429924	0.570076	3.54524
25752	-1481.358	-1579.399	98.04006	0.7183201	0.61658	0.38342	3.858423
25758	-1498.329	-1596.465	98.13604	1.370272	0.38736	0.61264	3.424857
25764	-1488.574	-1587.22	98.64601	0.8860836	0.534055	0.465945	3.409755
25770	-1479.285	-1575.451	96.16542	0.7659707	0.377176	0.622824	4.890427
25776	-1485.878	-1581.155	95.27667	0.4970962	0.410985	0.589015	5.530764
25782	-1480.33	-1574.552	94.22158	0.4986232	0.410985	0.589015	6.107107
25788	-1473.025	-1567.734	94.70954	0.5022825	0.384507	0.615493	5.838836
25794	-1485.28	-1583.803	98.52313	0.748068	0.373529	0.626471	3.562048
25800	-1479.468	-1577.922	98.45442	0.8167805	0.525684	0.474316	3.562048
25806	-1477.61	-1575.328	97.71762	0.7169618	0.438675	0.561325	4.043781
25812	-1477.05	-1574.939	97.88871	0.6822224	0.407082	0.592918	3.965877
25818	-1477.228	-1575.639	98.41097	1.006383	0.611384	0.388616	3.476873
25824	-1472.891	-1570.711	97.81944	0.8004902	0.446001	0.553999	3.937833
25830	-1488.234	-1585.818	97.58397	1.035955	0.39796	0.60204	3.937833
25836	-1479.529	-1577.572	98.04275	0.9195803	0.532201	0.467799	3.740992
25842	-1482.099	-1578.015	95.91605	0.665296	0.448558	0.551442	5.084952
25848	-1483.732	-1579.566	95.83448	0.7468651	0.536883	0.463117	5.084952
25854	-1491.199	-1587.263	96.06366	0.7805163	0.486935	0.513065	4.938974
25860	-1493.574	-1588.859	95.28473	0.5584876	0.619825	0.380175	5.492573
25866	-1484.127	-1579.801	95.67437	0.1688433	0.361325	0.638675	5.492573
25872	-1485.222	-1581.615	96.39345	0.3018749	0.509479	0.490521	5.021706
25878	-1486.45	-1581.804	95.35391	0.3813324	0.509479	0.490521	5.551935
25884	-1489.657	-1586.544	96.8875	0.6824237	0.388295	0.611705	4.53324
25890	-1497.296	-1594.183	96.8875	0.6824237	0.41977	0.58023	4.53324
25896	-1495.62	-1594.135	98.5147	1.011117	0.35867	0.64133	3.413435
25902	-1497.119	-1595.634	98.5147	1.011117	0.486811	0.513189	3.413435
25908	-1496.904	-1594.401	97.49704	0.846758	0.486811	0.513189	4.095531
25914	-1500.943	-1598.575	97.63186	0.7119388	0.475726	0.524274	4.095531
25920	-1489.554	-1586.669	97.11505	0.7119388	0.494634	0.505366	4.388476
25926	-1495.747	-1592.387	96.63999	0.5446828	0.494634	0.505366	4.749126
25932	-1487.145	-1582.002	94.85722	0.7261685	0.494634	0.505366	5.635311
25938	-1483.425	-1580.222	96.79694	0.7922373	0.351133	0.648867	4.522418
25944	-1496.216	-1593.013	96.79694	0.7922373	0.351133	0.648867	4.522418
25950	-1493.75	-1589.467	95.71705	0.9181461	0.456087	0.543913	5.055083
25956	-1492.522	-1587.173	94.65061	0.2296066	0.456087	0.543913	6.019908
25962	-1487.592	-1581.783	94.19132	0.5580233	0.386635	0.613365	6.091238
25968	-1486.155	-1582.021	95.86587	0.4038023	0.425008	0.574992	5.257469
25974	-1486.202	-1583.34	97.13818	0.8833509	0.556746	0.443254	4.278522
25980	-1481.637	-1577.07	95.43329	0.5601177	0.521626	0.478374	5.409895
25986	-1481.589	-1577.267	95.6781	0.5322119	0.477707	0.522293	5.290262
25992	-1491.742	-1586.019	94.27668	0.5255309	0.477707	0.522293	6.062433
25998	-1484.436	-1579.863	95.42683	0.5935137	0.342203	0.657797	5.395051
26004	-1482.681	-1575.496	92.81481	0.5947246	0.450209	0.549791	6.817455
26010	-1484.691	-1578.965	94.27366	0.5217753	0.401231	0.598769	6.066125
26016	-1485.85	-1583.409	97.5595	0.6671486	0.401231	0.598769	4.162174
26022	-1488.023	-1585.54	97.51726	0.7093972	0.446123	0.553877	4.162174
26028	-1482.918	-1579.505	96.58712	0.5963194	0.466251	0.533749	4.749814
26034	-1487.079	-1581.952	94.87325	0.6666552	0.480256	0.519744	5.659166
26040	-1483.571	-1577.831	94.26038	0.4925795	0.456341	0.543659	6.089267
26046	-1481.095	-1576.488	95.39334	0.6621952	0.433704	0.566296	5.375656
26052	-1488.3	-1585.187	96.88785	0.5422817	0.453955	0.546045	4.611718
26058	-1492.969	-1589.836	96.86695	0.5631779	0.422351	0.577649	4.611718
26064	-1489.671	-1585.987	96.31564	0.6679898	0.392808	0.607192	4.861324
26070	-1485.672	-1582.602	96.93041	0.6866845	0.392808	0.607192	4.506717
26076	-1476.637	-1572.746	96.10906	0.7738638	0.412788	0.587212	4.917409
26082	-1478.926	-1575.646	96.71927	0.71597	0.4869	0.5131	4.608851
26088	-1476.812	-1571.073	94.26163	0.6426586	0.500084	0.499916	6.006781
26094	-1481.866	-1575.498	93.63167	0.6828001	0.40092	0.59908	6.327719
26100	-1487.79	-1585.201	97.41064	0.5484816	0.494648	0.505352	4.313835
26106	-1472.097	-1568.233	96.13592	0.7887057	0.494648	0.505352	4.894196
26112	-1477.197	-1574.047	96.85001	0.7528785	0.433625	0.566375	4.51471
26118	-1478.446	-1575.073	96.62724	0.7528785	0.528195	0.471805	4.639752
26124	-1478.425	-1576.548	98.12261	0.9237343	0.462437	0.537563	3.692453
26130	-1488.796	-1584.708	95.91176	0.5465593	0.461018	0.538982	5.153125
26136	-1488.584	-1584.235	95.65137	0.4171123	0.371818	0.628182	5.368519
26142	-1480.3	-1575.764	95.46403	0.6044523	0.608551	0.391449	5.368519
26148	-1475.784	-1570.993	95.20972	0.6118247	0.347138	0.652862	5.504489
26154	-1487.318	-1583.983	96.66497	0.4783911	0.456289	0.543711	4.772207
26160	-1476.618	-1573.331	96.71338	0.9442244	0.464361	0.535639	4.483929
26166	-1482.082	-1578.731	96.64948	0.8696446	0.498289	0.501711	4.561773
26172	-1483.382	-1580.303	96.92059	0.5907242	0.472818	0.527182	4.566161
26178	-1491.782	-1588.987	97.20516	0.7102755	0.392637	0.607363	4.338532
26184	-1489.592	-1584.107	94.51464	0.5554193	0.456636	0.543364	5.916308
26190	-1480.749	-1577.657	96.90786	0.6763947	0.373908	0.626092	4.525185
26196	-1477.117	-1571.779	94.66213	0.7601359	0.388641	0.611359	5.723654
26202	-1474.745	-1570.816	96.0718	0.8699601	0.46547	0.53453	4.884651
26208	-1474.957	-1571.064	96.10746	0.7005313	0.397378	0.602622	4.959097
26214	-1472.723	-1568.429	95.70605	0.5787543	0.397378	0.602622	5.24911
26220	-1484.448	-1580.941	96.49363	0.4799045	0.4744	0.5256	4.866946
26226	-1477.277	-1572.559	95.28213	0.4907391	0.390242	0.609758	5.531256
26232	-1474.821	-1571.208	96.38651	0.6368946	0.572729	0.427271	4.83915
26238	-1487.759	-1584.107	96.34833	0.6750693	0.553151	0.446849	4.83915
26244	-1487.871	-1584.916	97.04512	0.858072	0.433777	0.566223	4.345453
26250	-1486.492	-1584.345	97.8525	1.093718	0.365288	0.634712	3.750291
26256	-1483.437	-1579.924	96.48669	0.6425237	0.453724	0.546276	4.780107
26262	-1477.935	-1574.7	96.76536	0.7697322	0.453724	0.546276	4.552807
26268	-1471.103	-1566.823	95.72004	0.7697322	0.453724	0.546276	5.135706
26274	-1488.325	-1585.891	97.56614	0.6469151	0.453724	0.546276	4.169898
26280	-1492.676	-1590.483	97.80725	0.8836412	0.499084	0.500916	3.89716
26286	-1479.923	-1576.769	96.84625	0.590791	0.406196	0.593804	4.60784
26292	-1483.012	-1579.438	96.42564	0.5711402	0.511685	0.488315	4.853994
26298	-1477.259	-1573.789	96.52973	0.7895841	0.394006	0.605994	4.673814
26304	-1476.688	-1574.137	97.44921	0.7286457	0.507363	0.492637	4.189889
26310	-1479.059	-1577.168	98.10877	0.9371643	0.507363	0.492637	3.692691
26316	-1480.679	-1577.863	97.18373	0.8890758	0.345109	0.654891	4.249479
26322	-1483.035	-1578.911	95.87587	0.7203881	0.444369	0.555631	5.07668
26328	-1490.52	-1587.473	96.95332	0.788986	0.545387	0.454613	4.43623
26334	-1490.664	-1588.919	98.25519	0.7435282	0.383459	0.616541	3.719984
26340	-1485.326	-1581.783	96.45654	0.7595302	0.383459	0.616541	4.731577
26346	-1481.792	-1578.553	96.76044	0.7267099	0.523236	0.476764	4.579728
26352	-1488.063	-1584.762	96.69935	0.7614351	0.440277	0.559723	4.594523
26358	-1483.64	-1578.683	95.04336	0.4621759	0.559419	0.440581	5.678014
26364	-1482.325	-1579.342	97.01717	0.7062442	0.456818	0.543182	4.446877
26370	-1478.395	-1575.633	97.23792	0.7849893	0.389546	0.610454	4.277741
26376	-1478.26	-1573.775	95.51515	0.5591929	0.481932	0.518068	5.365286
26382	-1478.224	-1573.788	95.56351	0.4712029	0.481932	0.518068	5.387129
26388	-1478.033	-1572.194	94.16091	0.4840997	0.404125	0.595875	6.148043
26394	-1477.118	-1573.415	96.29696	0.831748	0.356954	0.643046	4.780387
26400	-1482.61	-1578.119	95.50887	0.6051837	0.544568	0.455432	5.343387
26406	-1477.819	-1574.873	97.05368	0.6399711	0.436947	0.563053	4.463641
26412	-1479.333	-1575.741	96.40884	0.6950389	0.501942	0.498058	4.794253
26418	-1483.904	-1581.379	97.47445	0.6950389	0.365071	0.634929	4.19464
26424	-1486.944	-1584.239	97.29524	0.8742533	0.441052	0.558948	4.19464
26430	-1487.675	-1583.002	95.32703	0.8257968	0.545056	0.454944	5.32199
26436	-1473.974	-1569.424	95.4503	0.7025302	0.501842	0.498158	5.32199
26442	-1488.842	-1583.231	94.38917	0.4541772	0.606351	0.393649	6.040011
26448	-1490.769	-1585.473	94.70419	0.6970949	0.594657	0.405343	5.735146
26454	-1482.848	-1578.381	95.5331	0.6604191	0.468774	0.531226	5.299533
26460	-1495.649	-1592.893	97.24386	0.5657375	0.416034	0.583966	4.398289
26466	-1493.797	-1588.55	94.75312	0.7006178	0.416034	0.583966	5.706407
26472	-1487.898	-1583.113	95.21479	0.4592303	0.427166	0.572834	5.585566
26478	-1492.613	-1588.305	95.69211	0.5840009	0.450543	0.549457	5.253913
26484	-1497.39	-1593.158	95.7682	0.4609308	0.390602	0.609398	5.279868
26490	-1489.484	-1586.558	97.07412	0.513428	0.469229	0.530771	4.523333
26496	-1485.209	-1583.75	98.54094	0.8384532	0.513038	0.486962	3.499028
26502	-1484.162	-1582.429	98.26739	0.8480615	0.513038	0.486962	3.652454
26508	-1484.574	-1580.348	95.7744	0.6509416	0.515077	0.484923	5.171379
26514	-1493.368	-1589.77	96.4021	0.715799	0.496731	0.503269	4.786425
26520	-1490.056	-1586.533	96.47733	0.518731	0.430619	0.569381	4.854392
26526	-1483.64	-1578.079	94.43932	0.4299256	0.385066	0.614934	6.025891
26532	-1484.454	-1579.337	94.88274	0.5322127	0.66038	0.33962	5.727661
26538	-1480.915	-1574.445	93.53011	0.4881281	0.569986	0.430014	6.488366
26544	-1475.391	-1570.689	95.29751	0.6325987	0.569986	0.430014	5.444752
26550	-1489.294	-1585.038	95.74418	0.8922611	0.289359	0.710641	5.05439
26556	-1487.091	-1582.916	95.82473	0.6630313	0.289359	0.710641	5.136815
26562	-1484.519	-1580.25	95.73063	0.6402265	0.591678	0.408322	5.20153
26568	-1484.154	-1579.956	95.80237	0.5684872	0.591678	0.408322	5.20153
26574	-1500.938	-1597.582	96.64403	0.7436745	0.488712	0.511288	4.635499
26580	-1490.711	-1586.289	95.57893	0.8001363	0.587265	0.412735	5.196989
26586	-1488.698	-1582.948	94.25076	0.2794828	0.434582	0.565418	6.21048
26592	-1477.981	-1572.448	94.46755	0.5001332	0.512208	0.487792	5.972197
26598	-1484.157	-1580.91	96.75283	0.5698933	0.543428	0.456572	4.671906
26604	-1491.006	-1586.083	95.07779	0.3469168	0.41649	0.58351	5.722315
26610	-1502.949	-1600.243	97.29325	0.8467429	0.376318	0.623682	4.211382
26616	-1501.561	-1599.549	97.98818	0.7187569	0.425834	0.574166	3.887955
26622	-1480.6	-1578.653	98.05335	1.057934	0.455908	0.544092	3.654867
26628	-1474.595	-1573.403	98.80859	1.057934	0.469978	0.530022	3.21279
26634	-1480.66	-1578.663	98.00286	1.055677	0.469978	0.530022	3.685401
26640	-1488.993	-1587.033	98.04059	1.03363	0.594142	0.405858	3.676331
26646	-1490.324	-1588.192	97.86804	1.206172	0.447739	0.552261	3.676331
26652	-1491.717	-1590.186	98.46805	1.138005	0.48957	0.51043	3.366371
26658	-1495.474	-1594.65	99.17571	1.138005	0.45593	0.54407	2.94582
26664	-1484.992	-1580.836	95.84425	0.5054038	0.554434	0.445566	5.21326
26670	-1484.595	-1580.162	95.56776	0.7818916	0.499465	0.500535	5.21326
26676	-1480.812	-1577.079	96.26759	0.6384999	0.425728	0.574272	4.904517
26682	-1479.285	-1575.25	95.96513	0.4274674	0.396375	0.603625	5.189501
26688	-1478.018	-1573.416	95.39825	0.5724517	0.338329	0.661671	5.422401
26694	-1481.081	-1575.919	94.83813	0.6040306	0.555885	0.444115	5.712753
26700	-1488.602	-1582.206	93.60422	0.4933922	0.516012	0.483988	6.445355
26706	-1496.981	-1590.619	93.63858	0.4590384	0.497394	0.502606	6.445355
26712	-1497.263	-1590.937	93.67354	0.4240686	0.497394	0.502606	6.445355
26718	-1495.26	-1591.811	96.55077	0.6492241	0.429029	0.570971	4.740565
26724	-1494.994	-1590.745	95.75063	0.705958	0.510636	0.489364	5.154083
26730	-1486.095	-1582.774	96.67886	0.6095576	0.474581	0.525419	4.691107
26736	-1491.693	-1587.946	96.25344	0.4631627	0.530547	0.469453	5.00989
26742	-1495.004	-1590.246	95.2415	0.7073129	0.494894	0.505106	5.434456
26748	-1486.282	-1581.651	95.36841	0.4796166	0.450606	0.549394	5.489925
26754	-1483.838	-1579.806	95.96837	0.590831	0.4081	0.5919	5.09723
26760	-1480.342	-1575.07	94.72749	0.6195352	0.377604	0.622396	5.76486
26766	-1482.431	-1579.239	96.80768	0.6153346	0.520123	0.479877	4.615707
26772	-1485.137	-1578.564	93.4273	0.3325762	0.33822	0.66178	6.628211
26778	-1497.347	-1590.589	93.24155	0.518328	0.356182	0.643818	6.628211
26784	-1486.043	-1581.197	95.15355	0.5665156	0.468524	0.531476	5.56027
26790	-1491.62	-1588.818	97.19794	0.7742175	0.475703	0.524297	4.306464
26796	-1493.976	-1589.914	95.93827	0.7043084	0.583959	0.416041	5.050984
26802	-1484.074	-1580.865	96.79109	0.7043084	0.515481	0.484519	4.575095
26808	-1485.289	-1581.105	95.8159	0.5346	0.474392	0.525608	5.212792
26814	-1480.658	-1575.645	94.98676	0.5300184	0.474392	0.525608	5.671853
26820	-1476.247	-1572.323	96.07587	0.7633309	0.505142	0.494858	4.941739
26826	-1482.292	-1578.546	96.25412	0.5845719	0.46232	0.53768	4.942022
26832	-1500.216	-1595.236	95.02086	0.56251	0.516292	0.483708	5.635326
26838	-1490.959	-1587.252	96.29323	0.4655907	0.509993	0.490007	4.986434
26844	-1488.282	-1585.271	96.98943	0.7284921	0.469353	0.530647	4.449969
26850	-1483.295	-1579.267	95.97286	0.7498234	0.469353	0.530647	5.006511
26856	-1485.841	-1581.117	95.27627	0.5598444	0.542352	0.457648	5.496481
26862	-1494.977	-1590.99	96.01223	0.6630785	0.414695	0.585305	5.032817
26868	-1493.859	-1590.988	97.12904	0.624778	0.429034	0.570966	4.429742
26874	-1481.198	-1578.067	96.86893	0.7176733	0.586751	0.413249	4.523866
26880	-1489.587	-1584.092	94.50547	0.4354474	0.461978	0.538022	5.986803
26886	-1475.146	-1570.478	95.33143	0.4459003	0.461978	0.538022	5.528802
26892	-1470.772	-1567.63	96.85772	0.6613561	0.412862	0.587138	4.561804
26898	-1472.915	-1567.494	94.57875	0.6613561	0.402463	0.597537	5.823365
26904	-1475.457	-1571.701	96.24476	0.6489364	0.552204	0.447796	4.911416
26910	-1482.169	-1578.527	96.35874	0.5793109	0.428516	0.571484	4.886715
26916	-1496.087	-1590.934	94.84647	0.438867	0.443202	0.556798	5.798625
26922	-1488.044	-1583.426	95.38277	0.6166408	0.467689	0.532311	5.406587
26928	-1487.007	-1582.213	95.20594	0.7934725	0.467689	0.532311	5.406587
26934	-1483.786	-1580.51	96.72336	0.6834098	0.587216	0.412784	4.624816
26940	-1480.792	-1578.228	97.43586	0.6904401	0.388849	0.611151	4.21915
26946	-1483.809	-1580.528	96.71849	0.6526962	0.653354	0.346646	4.644756
26952	-1475.621	-1572.213	96.59188	0.779309	0.55652	0.44348	4.644756
26958	-1471.585	-1568.498	96.91385	0.7215342	0.55652	0.44348	4.496434
26964	-1482.236	-1578.436	96.20035	0.7411401	0.55652	0.44348	4.884799
26970	-1486.214	-1582.586	96.37239	0.6899885	0.529645	0.470355	4.817413
26976	-1492.767	-1591.552	98.78442	0.9853343	0.456097	0.543903	3.27
26982	-1492.407	-1588.399	95.99168	0.4949086	0.470339	0.529661	5.137465
26988	-1484.236	-1580.066	95.83036	0.8255024	0.470339	0.529661	5.043612
26994	-1480.949	-1579.583	98.63467	0.9839556	0.398414	0.601586	3.35899
27000	-1475.929	-1572.901	96.97228	0.6571291	0.398751	0.601249	4.499793
27006	-1477.978	-1573.497	95.5194	0.7062324	0.476395	0.523605	5.281797
27012	-1478.243	-1573.976	95.73304	0.5536579	0.476395	0.523605	5.248061
27018	-1485.638	-1581.281	95.64259	0.6441093	0.476395	0.523605	5.248061
27024	-1479.908	-1575.514	95.60612	0.6240804	0.468786	0.531214	5.279276
27030	-1485.469	-1581.868	96.39912	0.7607578	0.466518	0.533482	4.762982
27036	-1492.159	-1591.104	98.94426	0.9646481	0.57243	0.42757	3.187672
27042	-1475.853	-1571.037	95.1838	0.3329992	0.424915	0.575085	5.671841
27048	-1481.831	-1575.406	93.57495	0.3217206	0.468404	0.531596	6.554202
27054	-1478.615	-1574.409	95.79439	0.6393013	0.488677	0.511323	5.166758
27060	-1489.069	-1585.784	96.71475	0.572477	0.410496	0.589504	4.691775
27066	-1492.346	-1587.393	95.04646	0.5578495	0.360194	0.639806	5.623836
27072	-1488.675	-1584.682	96.00776	0.5310998	0.42049	0.57951	5.108507
27078	-1488.017	-1583.929	95.91203	0.5726437	0.347768	0.652232	5.138526
27084	-1481.259	-1576.691	95.43254	0.597506	0.407313	0.592687	5.389705
27090	-1477.747	-1573.527	95.7805	0.5432742	0.317994	0.682006	5.227568
27096	-1480.88	-1575.577	94.69756	0.4692661	0.566862	0.433138	5.863438
27102	-1489.98	-1586.272	96.29229	0.536068	0.471496	0.528504	4.947773
27108	-1479.269	-1576.834	97.56507	0.7840557	0.456437	0.543563	4.092494
27114	-1479.364	-1576.944	97.57974	0.7693851	0.499793	0.500207	4.092494
27120	-1483.266	-1577.994	94.72865	0.459472	0.499793	0.500207	5.851796
27126	-1488.648	-1585.265	96.61667	0.5658664	0.346539	0.653461	4.750321
27132	-1484.693	-1580.901	96.20818	0.6438927	0.504113	0.495887	4.934581
27138	-1486.69	-1581.283	94.59346	0.6438927	0.566853	0.433147	5.824873
27144	-1491.728	-1586.033	94.3051	0.5393613	0.521298	0.478702	6.039406
27150	-1487.967	-1584.473	96.5065	0.9502311	0.355519	0.644481	4.596799
27156	-1485.334	-1580.986	95.65231	0.7883959	0.494458	0.505542	5.162878
27162	-1481.726	-1577.915	96.18985	0.8626558	0.566992	0.433008	4.822919
27168	-1490.909	-1586.481	95.57274	0.6227535	0.329283	0.670717	5.298443
27174	-1486.5	-1581.149	94.64885	0.5722297	0.610513	0.389487	5.833776
27180	-1489.06	-1584.981	95.92144	0.4489299	0.362437	0.637563	5.201797
27186	-1495.604	-1591.219	95.61529	0.5512235	0.451839	0.548161	5.314438
27192	-1497.248	-1592.692	95.44458	0.7219335	0.490673	0.509327	5.314438
27198	-1473.896	-1570.1	96.20359	0.497997	0.391874	0.608126	5.018226
27204	-1484.955	-1581.9	96.945	0.8420747	0.370015	0.629985	4.410992
27210	-1482.972	-1578.366	95.39467	0.5860797	0.477911	0.522089	5.416863
27216	-1483.485	-1578.909	95.42378	0.5569783	0.477911	0.522089	5.416863
27222	-1487.909	-1584.898	96.98958	0.6872982	0.544335	0.455665	4.473082
27228	-1477.38	-1573.709	96.32894	0.6931698	0.448779	0.551221	4.839871
27234	-1473.992	-1571.348	97.35606	0.7016488	0.381254	0.618746	4.258029
27240	-1477.341	-1573.981	96.64048	0.5703601	0.32454	0.67546	4.7345
27246	-1489.494	-1584.12	94.62585	0.6806056	0.427368	0.572632	5.787068
27252	-1480.006	-1575.508	95.50214	0.5905993	0.427368	0.572632	5.35514
27258	-1466.986	-1562.15	95.16353	0.5654493	0.501207	0.498793	5.555378
27264	-1473.495	-1569.071	95.57524	0.4532132	0.536693	0.463307	5.390581
27270	-1471.674	-1566.602	94.92809	0.3871127	0.502545	0.497455	5.782282
27276	-1468.623	-1563.344	94.72153	0.5936678	0.441252	0.558748	5.782282
27282	-1471.769	-1566.786	95.01633	0.7261557	0.452947	0.547053	5.547953
27288	-1477.167	-1572.308	95.14059	0.666549	0.452947	0.547053	5.512414
27294	-1491.535	-1587.458	95.92299	0.5487471	0.46998	0.53002	5.145694
27300	-1491.166	-1587.017	95.85099	0.6207452	0.452316	0.547684	5.145694
27306	-1486.321	-1583.708	97.38674	0.6262279	0.423921	0.576079	4.283367
27312	-1477.902	-1574.609	96.70745	0.6226989	0.484072	0.515928	4.667745
27318	-1481.848	-1581.227	99.37864	0.9993013	0.484072	0.515928	2.907086
27324	-1485.785	-1581.966	96.18162	0.8510329	0.515843	0.484157	4.833989
27330	-1488.314	-1586.261	97.9466	1.109374	0.466781	0.533219	3.686884
27336	-1483.784	-1579.688	95.9046	0.7225743	0.466781	0.533219	5.059534
27342	-1488.828	-1583.636	94.80773	0.6328995	0.475814	0.524186	5.71359
27348	-1479.645	-1575.9	96.25451	0.8164884	0.366434	0.633566	4.812602
27354	-1478.847	-1574.137	95.28932	0.5244525	0.4914	0.5086	5.508768
27360	-1484.036	-1579.89	95.85362	0.8340607	0.346715	0.653285	5.025948
27366	-1484.327	-1580.175	95.8484	0.534898	0.594849	0.405151	5.194646
27372	-1486.511	-1583.43	96.91844	0.7201081	0.589658	0.410342	4.494652
27378	-1482.426	-1577.158	94.73279	0.4194699	0.589658	0.410342	5.871397
27384	-1481.401	-1576.749	95.34746	0.4183911	0.525927	0.474073	5.535115
27390	-1495.239	-1590.296	95.05718	0.6165324	0.304479	0.695521	5.585733
27396	-1487.479	-1582.445	94.96578	0.707939	0.571377	0.428623	5.585733
27402	-1483.283	-1578.344	95.06028	0.5334551	0.507212	0.492788	5.629636
27408	-1477.779	-1573.133	95.35384	0.6315908	0.415964	0.584036	5.414289
27414	-1489.887	-1585.676	95.78869	0.8641001	0.329493	0.670507	5.045315
27420	-1488.325	-1584.587	96.26228	0.6214277	0.329493	0.670507	4.916974
27426	-1494.925	-1588.829	93.90474	0.6214277	0.608857	0.391143	6.212697
27432	-1495.441	-1592.677	97.23555	0.7079831	0.332917	0.667083	4.322648
27438	-1496.118	-1593.267	97.14886	0.7946729	0.332917	0.667083	4.322648
27444	-1487.24	-1582.214	94.97366	0.7322481	0.508883	0.491117	5.56805
27450	-1477.858	-1573.018	95.16001	0.545903	0.370968	0.629032	5.56805
27456	-1483.064	-1578.385	95.3205	0.3854041	0.563875	0.436125	5.56805
27462	-1491.353	-1586.877	95.52347	0.6695238	0.584456	0.415544	5.29982
27468	-1490.023	-1587.579	97.55588	0.7181854	0.586316	0.413684	4.135217
27474	-1493.811	-1591.052	97.2407	0.803881	0.502974	0.497026	4.265464
27480	-1498.331	-1595.663	97.33164	0.80234	0.474005	0.525995	4.214791
27486	-1488.437	-1585.504	97.06727	0.9221468	0.451878	0.548122	4.296698
27492	-1499.111	-1597.822	98.71119	0.8448294	0.582129	0.417871	3.395734
27498	-1493.671	-1590.961	97.29051	0.8448294	0.377343	0.622657	4.214022
27504	-1497.377	-1594.802	97.42441	0.7109297	0.51778	0.48222	4.214022
27510	-1508.306	-1605.118	96.81224	0.6297213	0.467954	0.532046	4.605079
27516	-1506.047	-1603.555	97.50818	0.6557326	0.45877	0.54123	4.197804
27522	-1504.743	-1602.149	97.40544	0.9025908	0.320644	0.679356	4.115896
27528	-1491.547	-1589.452	97.90571	0.9355702	0.509674	0.490326	3.810755
27534	-1494.1	-1592.6	98.50029	1.052191	0.499901	0.500099	3.397807
27540	-1480.943	-1578.727	97.78386	0.9670126	0.392177	0.607823	3.862731
27546	-1484.828	-1582.577	97.74825	0.9382707	0.460248	0.539752	3.899666
27552	-1494.082	-1591.955	97.87333	0.7183682	0.426389	0.573611	3.953997
27558	-1481.79	-1578.167	96.37702	0.6000822	0.426389	0.573611	4.864963
27564	-1478.175	-1574.01	95.83497	0.7486229	0.490074	0.509926	5.083706
27570	-1503.366	-1601.328	97.96174	0.6720062	0.545256	0.454744	3.929919
27576	-1494.293	-1589.489	95.19627	0.3688804	0.569868	0.430132	5.64532
27582	-1490.631	-1585.67	95.0391	0.5260455	0.471699	0.528301	5.64532
27588	-1483.525	-1577.892	94.36694	0.6612003	0.567701	0.432299	5.939196
27594	-1485.329	-1580.98	95.65067	0.671128	0.544386	0.455614	5.228662
27600	-1486.301	-1582.802	96.50065	0.7185928	0.332337	0.667663	4.7298
27606	-1489.079	-1587.863	98.78422	0.9163693	0.546407	0.453593	3.310778
27612	-1483.887	-1583.053	99.16585	0.9163693	0.432437	0.567563	3.08458
27618	-1473.603	-1571.989	98.38544	0.9163693	0.397041	0.602959	3.544239
27624	-1477.53	-1575.844	98.31386	1.034331	0.397041	0.602959	3.517223
27630	-1481.021	-1578.458	97.43717	0.6251082	0.346814	0.653186	4.25544
27636	-1474.88	-1571.277	96.39761	0.687942	0.443878	0.556122	4.804479
27642	-1475.377	-1571.525	96.14726	0.6328355	0.512093	0.487907	4.974606
27648	-1476.246	-1572.881	96.6348	0.8490099	0.41942	0.58058	4.581599
27654	-1474.142	-1571.65	97.5083	0.7942004	0.41942	0.58058	4.119042
27660	-1483.082	-1580.263	97.18113	0.6946311	0.529719	0.470281	4.360944
27666	-1486.381	-1584.159	97.77786	0.8313996	0.437653	0.562347	3.94394
27672	-1480.379	-1577.072	96.69277	0.6310608	0.435991	0.564009	4.671286
27678	-1472.001	-1569.21	97.20898	0.8742225	0.549679	0.450321	4.243583
27684	-1481.413	-1579.73	98.3171	0.9542414	0.638784	0.361216	3.561965
27690	-1486.736	-1582.386	95.64949	0.6325187	0.370164	0.629836	5.250655
27696	-1496.947	-1592.71	95.76295	0.5190537	0.511462	0.488538	5.250655
27702	-1490.021	-1584.521	94.49955	0.5699498	0.446454	0.553546	5.916616
27708	-1483.871	-1578.834	94.96301	0.443454	0.451964	0.548036	5.732309
27714	-1484.136	-1581.763	97.6268	0.8333672	0.386058	0.613942	4.029181
27720	-1477.537	-1574.792	97.25461	0.7787241	0.386058	0.613942	4.271836
27726	-1477.265	-1575.431	98.16574	0.8363462	0.409395	0.590605	3.718035
27732	-1485.602	-1582.41	96.80821	0.6898479	0.523103	0.476897	4.573606
27738	-1481.921	-1578.077	96.15633	0.7239019	0.483876	0.516124	4.918909
27744	-1485.139	-1581.211	96.07175	0.7239019	0.483876	0.516124	4.96596
27750	-1497.999	-1593.346	95.34709	0.7440576	0.501005	0.498995	5.356021
27756	-1483.072	-1579.73	96.65806	0.6813679	0.48279	0.51721	4.662551
27762	-1486.125	-1580.4	94.27512	0.375381	0.399261	0.600739	6.145054
27768	-1487.365	-1583.172	95.80796	0.5075678	0.443288	0.556712	5.232129
27774	-1484.616	-1580.636	96.0194	0.6201868	0.46288	0.53712	5.052644
27780	-1489.058	-1585.869	96.81084	0.6945174	0.411656	0.588344	4.569505
27786	-1489.192	-1587.683	98.49093	0.7906909	0.543275	0.456725	3.555986
27792	-1496.882	-1593.122	96.23985	0.7444048	0.53728	0.46272	4.860974
27798	-1489.659	-1584.262	94.60348	0.7063408	0.473272	0.526728	5.785224
27804	-1496.319	-1594.02	97.7011	0.7262802	0.490673	0.509327	4.047891
27810	-1491.823	-1587.104	95.28172	0.7052472	0.365377	0.634623	5.41344
27816	-1486.709	-1582.406	95.69681	0.2901586	0.346642	0.653358	5.41344
27822	-1492.198	-1589.412	97.21427	0.5680208	0.498691	0.501309	4.413693
27828	-1491.248	-1588.013	96.76514	0.5680208	0.498691	0.501309	4.666058
27834	-1497.471	-1593.996	96.52593	0.8072359	0.509749	0.490251	4.666058
27840	-1486.519	-1581.968	95.44814	0.5380954	0.509749	0.490251	5.413845
27846	-1491.439	-1588.184	96.74519	0.5380954	0.509749	0.490251	4.69398
27852	-1484.615	-1580.346	95.73124	0.6704964	0.515224	0.484776	5.184445
27858	-1487.765	-1583.002	95.23652	0.717256	0.522693	0.477307	5.431722
27864	-1494.345	-1589.812	95.46644	0.4873329	0.486134	0.513866	5.431722
27870	-1491.667	-1586.609	94.94167	0.6324204	0.392342	0.607658	5.640417
27876	-1485.6	-1582.889	97.28963	0.5808058	0.484094	0.515906	4.363952
27882	-1484.035	-1581.29	97.25538	0.8742154	0.430541	0.569459	4.21728
27888	-1475.091	-1570.855	95.76444	0.5976674	0.467852	0.532148	5.206367
27894	-1479.948	-1575.314	95.36599	0.4524458	0.467852	0.532148	5.506201
27900	-1476.854	-1572.244	95.38964	0.428793	0.587936	0.412064	5.506201
27906	-1475.511	-1571.818	96.307	0.393489	0.413701	0.586299	5.018835
27912	-1483.31	-1578.079	94.76816	0.4988431	0.51997	0.48003	5.808655
27918	-1471.929	-1568.139	96.20969	0.5404386	0.363993	0.636007	4.991263
27924	-1488.027	-1583.95	95.92221	0.5184114	0.353306	0.646694	5.16292
27930	-1483.236	-1580.661	97.42482	0.7497111	0.525605	0.474395	4.191781
27936	-1485.021	-1582.115	97.09438	0.679645	0.508139	0.491861	4.418354
27942	-1482.482	-1578.413	95.93173	0.7401333	0.410445	0.589555	5.03473
27948	-1479.835	-1575.888	96.05254	0.6193249	0.470534	0.529466	5.03473
27954	-1481.38	-1579.144	97.76375	0.6981614	0.470534	0.529466	4.028181
27960	-1473.785	-1569.129	95.34432	0.6082023	0.367819	0.632181	5.432413
27966	-1477.51	-1572.914	95.40439	0.5513163	0.607085	0.392915	5.430662
27972	-1476.601	-1571.822	95.22102	0.7346854	0.561124	0.438876	5.430662
27978	-1493.962	-1590.134	96.17199	0.5453893	0.561124	0.438876	5.009456
27984	-1494.81	-1589.886	95.07545	0.7988272	0.40808	0.59192	5.475486
27990	-1488.325	-1581.518	93.19389	0.6217108	0.463324	0.536676	6.598069
27996	-1500.222	-1593.553	93.33121	0.4843934	0.463324	0.536676	6.598069
28002	-1494.953	-1590.51	95.55632	0.7125566	0.520974	0.479026	5.257913
28008	-1487.499	-1583.192	95.69332	0.5755509	0.467843	0.532157	5.257913
28014	-1485.195	-1581.262	96.06748	0.7144326	0.386509	0.613491	4.973596
28020	-1489.587	-1585.749	96.1626	0.619311	0.442392	0.557608	4.973596
28026	-1493.327	-1589.06	95.73226	0.6727726	0.359399	0.640601	5.18262
28032	-1491.865	-1587.177	95.31164	0.6610144	0.54917	0.45083	5.421327
28038	-1491.576	-1589.788	98.21207	0.8428414	0.546178	0.453822	3.687501
28044	-1494.34	-1589.661	95.32048	0.5667562	0.474024	0.525976	5.468351
28050	-1490.276	-1585.598	95.32161	0.5656279	0.479127	0.520873	5.468351
28056	-1486.206	-1581.519	95.31311	0.5741294	0.479127	0.520873	5.468351
28062	-1491.796	-1587.403	95.60679	0.8489339	0.41922	0.58078	5.154563
28068	-1477.858	-1575.571	97.71239	0.8613533	0.515643	0.484357	3.964274
28074	-1478.336	-1574.101	95.76493	0.6836227	0.419408	0.580592	5.158533
28080	-1476.919	-1573.059	96.14018	0.5764449	0.524992	0.475008	5.009876
28086	-1472.263	-1568.709	96.44662	0.7915994	0.48606	0.51394	4.719192
28092	-1477.936	-1574.224	96.28803	0.7752531	0.48606	0.51394	4.816908
28098	-1488.958	-1585.391	96.43306	0.6302242	0.48606	0.51394	4.816908
28104	-1479.255	-1574.628	95.37315	0.8217709	0.525388	0.474612	5.298757
28110	-1485.443	-1581.048	95.60509	0.589829	0.525388	0.474612	5.298757
28116	-1486.122	-1580.655	94.53309	0.589829	0.488707	0.511293	5.887434
28122	-1494.787	-1592.383	97.59576	0.6344364	0.420756	0.579244	4.160159
28128	-1478.158	-1573.944	95.78592	0.709116	0.432399	0.567601	5.132789
28134	-1481.708	-1578.394	96.68595	0.7527283	0.42705	0.57295	4.606925
28140	-1494.895	-1588.865	93.96904	0.7388434	0.351195	0.648805	6.113816
28146	-1492.576	-1589.248	96.67193	0.9249453	0.351195	0.648805	4.518087
28152	-1482.243	-1577.844	95.60036	0.551722	0.559711	0.440289	5.322403
28158	-1480.538	-1575.957	95.41906	0.580305	0.370064	0.629936	5.406612
28164	-1489.868	-1584.493	94.62499	0.3894931	0.367671	0.632329	5.946653
28170	-1495.111	-1592.475	97.36446	0.7667379	0.564432	0.435568	4.21637
28176	-1490.699	-1588.106	97.40712	0.7498704	0.489297	0.510703	4.201733
28182	-1491.711	-1587.436	95.72539	0.5844447	0.546668	0.453332	5.235275
28188	-1490.259	-1585.574	95.31501	0.4721618	0.546668	0.453332	5.523393
28194	-1487.12	-1583.714	96.59345	0.8021973	0.36955	0.63045	4.631048
28200	-1478.789	-1574.215	95.4256	0.5718563	0.351322	0.648678	5.407664
28206	-1481.649	-1577.162	95.51286	0.484593	0.351322	0.648678	5.407664
28212	-1481.24	-1578.809	97.56844	0.6891228	0.351322	0.648678	4.144604
28218	-1488.934	-1585.041	96.10647	0.7392238	0.351322	0.648678	4.938126
28224	-1494.798	-1590.305	95.50747	0.4707774	0.342931	0.657069	5.418246
28230	-1488.623	-1584.991	96.36759	0.6866875	0.335976	0.664024	4.821929
28236	-1489.342	-1585.95	96.60818	0.6866875	0.448229	0.551771	4.687499
28242	-1485.076	-1581.692	96.61542	0.679449	0.448229	0.551771	4.687499
28248	-1489.858	-1586.473	96.61542	0.679449	0.447111	0.552889	4.687499
28254	-1484.855	-1579.661	94.80628	0.5091015	0.384151	0.615849	5.782181
28260	-1479.3	-1574.95	95.65031	0.6048192	0.549819	0.450181	5.265503
28266	-1480.252	-1576.455	96.20234	0.4686821	0.511841	0.488159	5.035197
28272	-1479.516	-1575.125	95.6092	0.4815951	0.529491	0.470509	5.356214
28278	-1481.189	-1576.518	95.3286	0.7621954	0.550415	0.449585	5.356214
28284	-1478.644	-1574.074	95.42959	0.6612002	0.550415	0.449585	5.356214
28290	-1481.355	-1578.463	97.10822	0.8340218	0.550415	0.449585	4.323381
28296	-1485.081	-1581.421	96.3393	0.6264487	0.350276	0.649724	4.871288
28302	-1484.93	-1581.175	96.24596	0.795476	0.427216	0.572784	4.829093
28308	-1493.772	-1590.814	97.04117	0.6876719	0.427216	0.572784	4.443817
28314	-1485.408	-1581.059	95.65101	0.7836704	0.427216	0.572784	5.166214
28320	-1494.276	-1590.526	96.24971	0.5414867	0.448307	0.551693	4.968433
28326	-1488.11	-1584.274	96.1644	0.6267986	0.417631	0.582369	4.968433
28332	-1487.997	-1584.352	96.35501	0.6267986	0.573959	0.426041	4.862337
28338	-1485.583	-1582.667	97.08382	0.8370649	0.540813	0.459187	4.335455
28344	-1489.759	-1585.646	95.88712	0.6088637	0.480687	0.519313	5.132264
28350	-1485.945	-1580.515	94.5697	0.4978578	0.475271	0.524729	5.917676
28356	-1480.507	-1577.128	96.62172	0.7103803	0.482998	0.517002	4.666653
28362	-1477.983	-1574.604	96.62172	0.7103803	0.501896	0.498104	4.666653
28368	-1475.636	-1571.24	95.60373	0.668157	0.421492	0.578508	5.256245
28374	-1483.382	-1579.153	95.77154	0.6702828	0.487324	0.512676	5.162258
28380	-1486.542	-1581.858	95.31595	0.5926973	0.409679	0.590321	5.45657
28386	-1484.638	-1580.546	95.90836	0.55292	0.527951	0.472049	5.151486
28392	-1488.191	-1582.914	94.72238	0.6636298	0.356874	0.643126	5.74351
28398	-1482.446	-1577.243	94.79626	0.5897515	0.3335	0.6665	5.74351
28404	-1493.733	-1588.604	94.87152	0.5144991	0.503234	0.496766	5.74351
28410	-1488.549	-1584.594	96.04463	0.505253	0.388052	0.611948	5.102395
28416	-1488.53	-1583.142	94.61207	0.4546914	0.371126	0.628874	5.91811
28422	-1478.318	-1574.657	96.33947	0.6118721	0.371126	0.628874	4.879314
28428	-1478.119	-1574.502	96.38322	0.6653656	0.545077	0.454923	4.825106
28434	-1477.853	-1574.261	96.40761	0.6698391	0.379636	0.620364	4.809002
28440	-1477.698	-1574.103	96.40478	0.7901857	0.379636	0.620364	4.743373
28446	-1487.858	-1584.538	96.67974	0.6753538	0.598825	0.401175	4.653774
28452	-1480.334	-1577.263	96.92986	0.7400546	0.57491	0.42509	4.477002
28458	-1484.461	-1578.821	94.36003	0.3901123	0.526315	0.473685	6.090802
28464	-1479.435	-1574.232	94.79797	0.6249303	0.416786	0.583214	5.723307
28470	-1477.184	-1572.14	94.95586	0.523547	0.416786	0.583214	5.692338
28476	-1478.136	-1573.097	94.961	0.5184114	0.398148	0.601852	5.692338
28482	-1480.577	-1575.598	95.02112	0.5814	0.574069	0.425931	5.624815
28488	-1486.837	-1581.891	95.05398	0.7405652	0.527517	0.472483	5.51934
28494	-1478.04	-1573.199	95.15953	0.6350077	0.527517	0.472483	5.51934
28500	-1493.33	-1589.582	96.25201	0.6832983	0.315817	0.684183	4.888244
28506	-1484.753	-1581.239	96.48536	0.6832983	0.606276	0.393724	4.758075
28512	-1484.481	-1580.979	96.49754	0.4005306	0.606276	0.393724	4.908978
28518	-1477.044	-1573.236	96.19199	0.5138394	0.39658	0.60342	5.01587
28524	-1480.786	-1578.03	97.2447	0.6510906	0.555058	0.444942	4.34963
28530	-1480.04	-1575.296	95.25516	0.440946	0.428325	0.571675	5.573432
28536	-1479.732	-1577.9	98.16803	0.8373682	0.515972	0.484028	3.716122
28542	-1478.3	-1576.312	98.01179	0.9936113	0.581877	0.418123	3.716122
28548	-1487.907	-1585.221	97.31483	0.945352	0.58201	0.41799	4.143116
28554	-1487.101	-1585.179	98.07794	0.8592253	0.58201	0.41799	3.755511
28560	-1474.545	-1570.625	96.08034	0.7299402	0.476538	0.523462	4.957823
28566	-1489.275	-1586.107	96.83148	0.5774831	0.530318	0.469682	4.623585
28572	-1488.859	-1583.795	94.93567	0.5774831	0.401779	0.598221	5.673837
28578	-1483.13	-1578.331	95.20121	0.6285267	0.434905	0.565095	5.499985
28584	-1481.652	-1576.802	95.14953	0.6802125	0.548854	0.451146	5.499985
28590	-1477.634	-1573.712	96.07715	0.6924696	0.454296	0.545704	4.980433
28596	-1487.698	-1583.955	96.25663	0.5129842	0.413698	0.586302	4.980433
28602	-1483.205	-1579.343	96.13807	0.6315404	0.413698	0.586302	4.980433
28608	-1480	-1576.646	96.64645	0.7481969	0.376281	0.623719	4.631612
28614	-1479.632	-1576.177	96.54515	0.7575699	0.376281	0.623719	4.683104
28620	-1483.795	-1581.507	97.71234	0.7441862	0.385093	0.614907	4.031258
28626	-1479.686	-1577.003	97.31639	0.8964475	0.520046	0.479954	4.170021
28632	-1475.37	-1571.975	96.60542	0.5652262	0.487004	0.512996	4.756964
28638	-1484.792	-1582.719	97.92732	0.6958749	0.487004	0.512996	3.935962
28644	-1494.004	-1592.28	98.27551	0.9160808	0.435035	0.564965	3.608305
28650	-1495.291	-1593.856	98.56555	0.7887157	0.459794	0.540206	3.51368
28656	-1478.693	-1574.608	95.91549	0.5227379	0.53218	0.46782	5.164248
28662	-1484.945	-1580.825	95.87989	0.7736988	0.399025	0.600975	5.044873
28668	-1479.972	-1577.652	97.67997	0.8284891	0.513048	0.486952	4.001598
28674	-1482.794	-1579.292	96.49796	0.7968332	0.447051	0.552949	4.687537
28680	-1479.653	-1577.031	97.37864	0.8089454	0.489195	0.510805	4.184364
28686	-1478.244	-1575.285	97.04035	0.6777258	0.428784	0.571216	4.449882
28692	-1492.103	-1589.081	96.97796	0.860066	0.428784	0.571216	4.382249
28698	-1484.375	-1581.986	97.61068	0.96807	0.353559	0.646441	3.961407
28704	-1491.437	-1587.958	96.52141	0.7652893	0.425126	0.574874	4.692068
28710	-1481.977	-1577.453	95.47611	0.7540627	0.539429	0.460571	5.279294
28716	-1480.151	-1576.356	96.20578	0.5491117	0.438111	0.561889	4.988618
28722	-1477.852	-1574.881	97.02956	0.7349102	0.55994	0.44006	4.423738
28728	-1471.299	-1568.297	96.99758	0.7165619	0.410237	0.589763	4.4521
28734	-1473.359	-1570.448	97.08887	0.7730713	0.537485	0.462515	4.36875
28740	-1481.88	-1579.26	97.37974	0.8628661	0.537485	0.462515	4.153107
28746	-1480.441	-1577.949	97.50773	0.7348752	0.525774	0.474226	4.153107
28752	-1490.618	-1587.882	97.26383	0.8473233	0.484331	0.515669	4.22774
28758	-1481.547	-1579.961	98.4134	0.9187124	0.474261	0.525739	3.526589
28764	-1494.744	-1591.962	97.21805	0.6047841	0.488557	0.511443	4.390823
28770	-1476.127	-1573.749	97.62145	0.8071468	0.474937	0.525063	4.047197
28776	-1483.678	-1581.771	98.09238	0.7798919	0.474937	0.525063	3.792911
28782	-1483.888	-1579.1	95.21224	0.4138546	0.46025	0.53975	5.611875
28788	-1475.949	-1572.864	96.91552	0.624219	0.46025	0.53975	4.550199
28794	-1494.255	-1589.283	95.0284	0.7054915	0.495645	0.504355	5.552679
28800	-1483.939	-1579.089	95.14992	0.5839692	0.40097	0.59903	5.552679
28806	-1488.461	-1583.751	95.28937	0.4445173	0.40097	0.59903	5.552679
28812	-1491.595	-1586.763	95.16781	0.5660766	0.548033	0.451967	5.552679
28818	-1487.943	-1583.939	95.99604	0.7175961	0.51724	0.48276	5.011536
28824	-1485.856	-1582.457	96.60127	0.9516732	0.343831	0.656169	4.542777
28830	-1491.342	-1587.156	95.81318	0.5948055	0.546669	0.453331	5.180989
28836	-1490.188	-1586.064	95.87678	0.5312007	0.546669	0.453331	5.180989
28842	-1481.322	-1576.656	95.33422	0.6166646	0.413802	0.586198	5.433315
28848	-1480.819	-1576.235	95.41596	0.5349223	0.578477	0.421523	5.433315
28854	-1477.134	-1573.172	96.03786	0.5875473	0.566611	0.433389	5.060512
28860	-1486.444	-1582.554	96.11054	0.5148692	0.517359	0.482641	5.060512
28866	-1488.916	-1585.075	96.15956	0.465845	0.612151	0.387849	5.060512
28872	-1496.176	-1592.053	95.87697	0.4676917	0.518414	0.481586	5.216016
28878	-1482.92	-1578.222	95.30243	0.2751485	0.434702	0.565298	5.6385
28884	-1479.739	-1577.186	97.44723	0.6853326	0.488645	0.511355	4.215595
28890	-1483.476	-1581.909	98.43241	0.8256116	0.379409	0.620591	3.569715
28896	-1489.322	-1587.619	98.29696	0.9610597	0.511182	0.488818	3.569715
28902	-1487.729	-1583.954	96.2256	0.4708106	0.451234	0.548766	5.021103
28908	-1492.658	-1591.657	98.99887	0.8802219	0.492276	0.507724	3.205347
28914	-1489.191	-1585.465	96.27407	0.6848175	0.4708	0.5292	4.875107
28920	-1484.099	-1580.356	96.25755	0.7013382	0.476929	0.523071	4.875107
28926	-1485.796	-1581.13	95.33313	0.5369202	0.566015	0.433985	5.47781
28932	-1489.588	-1585.015	95.42715	0.4428989	0.369161	0.630839	5.47781
28938	-1487.496	-1582.767	95.27079	0.5992637	0.443228	0.556772	5.47781
28944	-1479.688	-1574.959	95.27079	0.5992637	0.470436	0.529564	5.47781
28950	-1481.478	-1577.756	96.27828	0.6330686	0.516604	0.483396	4.901586
28956	-1482.578	-1579.311	96.73394	0.8007257	0.533913	0.466087	4.553048
28962	-1481.336	-1578.011	96.67444	0.8602211	0.511908	0.488092	4.553048
28968	-1484.913	-1582.004	97.09064	0.8602211	0.54471	0.45529	4.318506
28974	-1494.233	-1588.986	94.75284	0.5772703	0.519628	0.480372	5.774119
28980	-1486.602	-1581.766	95.16379	0.3578533	0.519628	0.480372	5.669183
28986	-1484.369	-1579.482	95.11255	0.4090901	0.458394	0.541606	5.669183
28992	-1489.73	-1586.959	97.2296	0.581307	0.46297	0.53703	4.397554
28998	-1492.756	-1588.769	96.01341	0.5585116	0.479434	0.520566	5.090179
29004	-1485.493	-1581.408	95.91494	0.6569774	0.456552	0.543448	5.090179
29010	-1484.866	-1579.602	94.73674	0.8173642	0.446983	0.553017	5.651378
29016	-1482.037	-1577.292	95.25447	0.7190585	0.389243	0.610757	5.420842
29022	-1484.676	-1580.047	95.37054	0.6029876	0.389243	0.610757	5.420842
29028	-1491.066	-1586.437	95.37054	0.6029876	0.450923	0.549077	5.420842
29034	-1482.025	-1576.544	94.51822	0.3851544	0.421248	0.578752	6.007282
29040	-1483.061	-1578.751	95.68964	0.6377088	0.418475	0.581525	5.225594
29046	-1485.464	-1581.779	96.31464	0.7459204	0.377673	0.622327	4.818427
29052	-1485.141	-1580.433	95.29234	0.7317029	0.449059	0.550941	5.39301
29058	-1487.668	-1585.483	97.81552	0.9117893	0.442819	0.557181	3.876266
29064	-1484.137	-1582.146	98.00913	0.6261737	0.495987	0.504013	3.929027
29070	-1495.116	-1591.793	96.67656	0.8301901	0.469716	0.530284	4.568724
29076	-1478.946	-1575.769	96.82311	0.6836363	0.555643	0.444357	4.568724
29082	-1484.164	-1580.515	96.35023	0.6758018	0.555643	0.444357	4.837687
29088	-1494.559	-1590.496	95.93732	0.6486858	0.629104	0.370896	5.082365
29094	-1488.822	-1584.37	95.54789	0.7163856	0.467032	0.532968	5.260453
29100	-1478.915	-1573.972	95.05782	0.5744225	0.454821	0.545179	5.608501
29106	-1474.725	-1570.742	96.01646	0.6460227	0.454821	0.545179	5.039938
29112	-1469.001	-1565.391	96.39062	0.7412762	0.454821	0.545179	4.778608
29118	-1470.257	-1566.653	96.39635	0.6201634	0.454821	0.545179	4.842994
29124	-1470.388	-1566.669	96.28186	0.7346476	0.485408	0.514592	4.842994
29130	-1478.352	-1575.891	97.5386	0.7040101	0.485408	0.514592	4.153106
29136	-1480.634	-1575.61	94.97576	0.5355653	0.418634	0.581366	5.674841
29142	-1480.02	-1577.062	97.04174	0.7905128	0.573042	0.426958	4.385509
29148	-1481.654	-1580.018	98.36377	0.8844047	0.573042	0.426958	3.575436
29154	-1477.618	-1575.015	97.39781	0.9106868	0.505973	0.494027	4.115631
29160	-1474.692	-1571.932	97.24059	1.067903	0.440556	0.559444	4.115631
29166	-1487.596	-1586.166	98.56976	1.121596	0.510963	0.489037	3.316215
29172	-1490.734	-1585.446	94.71216	0.8791955	0.36565	0.63435	5.630941
29178	-1491.648	-1585.782	94.13433	0.5027221	0.316653	0.683347	6.152373
29184	-1487.405	-1583.576	96.17073	0.7126733	0.438181	0.561819	4.917142
29190	-1488.971	-1584.67	95.69919	0.638142	0.48565	0.51435	5.22007
29196	-1487.627	-1584.432	96.80529	0.7172048	0.332511	0.667489	4.559881
29202	-1480.533	-1577.438	96.90472	0.6177739	0.468616	0.531384	4.559881
29208	-1478.941	-1575.549	96.60813	0.7687659	0.387209	0.612791	4.64156
29214	-1481.036	-1578.074	97.03787	0.8280616	0.431125	0.568875	4.366497
29220	-1477.302	-1573.641	96.33891	0.7199173	0.471308	0.528692	4.819391
29226	-1481.451	-1578.379	96.92871	0.6807795	0.471308	0.528692	4.510999
29232	-1485.55	-1579.02	93.46965	0.5281594	0.453967	0.546033	6.499432
29238	-1484.256	-1578.515	94.25954	0.6685065	0.434586	0.565414	5.993822
29244	-1482.219	-1578.175	95.95528	0.6653978	0.410598	0.589402	5.063137
29250	-1483.323	-1578.073	94.74913	0.5888764	0.538479	0.461521	5.769796
29256	-1492.097	-1587.279	95.18136	0.5491621	0.51428	0.48572	5.554527
29262	-1482.597	-1579.205	96.60798	0.6969481	0.432547	0.567453	4.681866
29268	-1484.315	-1581.354	97.03865	0.7034995	0.454142	0.545858	4.436319
29274	-1492.065	-1589.003	96.93819	0.8039571	0.530376	0.469624	4.436319
29280	-1491.053	-1584.366	93.31317	0.6795302	0.481301	0.518699	6.502203
29286	-1494.017	-1587.613	93.59697	0.3957295	0.447061	0.552939	6.502203
29292	-1475.158	-1570.761	95.60247	0.4622373	0.54667	0.45333	5.370599
29298	-1478.472	-1574.374	95.9021	0.5544531	0.458522	0.541478	5.154102
29304	-1479.138	-1575.651	96.51266	0.5322029	0.458522	0.541478	4.827183
29310	-1480.639	-1575.917	95.27744	0.452116	0.481867	0.518133	5.555061
29316	-1478.878	-1574.681	95.80275	0.1404851	0.465847	0.534153	5.437527
29322	-1480.378	-1578.075	97.69693	0.7709458	0.509902	0.490098	4.024779
29328	-1474.757	-1570.886	96.12912	0.7431069	0.498298	0.501702	4.923363
29334	-1470.873	-1568.504	97.63183	0.7222165	0.46351	0.53649	4.089695
29340	-1481.314	-1579.852	98.53813	0.9191242	0.580868	0.419132	3.453559
29346	-1485.591	-1583.377	97.7863	1.096743	0.397495	0.602505	3.786707
29352	-1487.971	-1585.899	97.92805	0.8896779	0.467329	0.532671	3.824305
29358	-1483.218	-1580.698	97.4795	0.8896779	0.582192	0.417808	4.081072
29364	-1482.353	-1576.715	94.36249	0.6355537	0.626978	0.373022	5.95563
29370	-1479.155	-1576.209	97.0545	0.8547397	0.425547	0.574453	4.342034
29376	-1482.113	-1578.302	96.18949	0.8547397	0.480411	0.519589	4.827536
29382	-1476.248	-1572.547	96.2984	0.7458254	0.431862	0.568138	4.827536
29388	-1484.36	-1582.021	97.66074	0.843856	0.383558	0.616442	4.003808
29394	-1490.745	-1585.991	95.24577	0.5883763	0.507997	0.492003	5.497562
29400	-1486.868	-1581.987	95.11894	0.7152078	0.523697	0.476303	5.497562
29406	-1479.71	-1575.023	95.31294	0.521202	0.495969	0.504031	5.497562
29412	-1479.227	-1575.543	96.31611	0.6414217	0.45159	0.54841	4.875865
29418	-1487.191	-1582.338	95.14682	0.6089185	0.523279	0.476721	5.540672
29424	-1486.054	-1581.219	95.16532	0.5904175	0.523279	0.476721	5.540672
29430	-1480.946	-1576.726	95.78028	0.5251809	0.410055	0.589945	5.237692
29436	-1484.962	-1579.364	94.40127	0.4752834	0.38532	0.61468	6.021906
29442	-1490.887	-1586.901	96.01413	0.6779291	0.482283	0.517717	5.023516
29448	-1491.279	-1588.831	97.5516	0.9929692	0.540349	0.459651	3.980957
29454	-1492.599	-1590.946	98.34639	0.9701999	0.451927	0.548073	3.535635
29460	-1498.364	-1595.288	96.92375	0.7221442	0.565421	0.434579	4.490519
29466	-1494.929	-1590.314	95.38503	0.6282559	0.376798	0.623202	5.398938
29472	-1488.791	-1587.545	98.75429	1.031912	0.462838	0.537162	3.26029
29478	-1494.857	-1592.272	97.41468	1.009513	0.462838	0.537162	4.04971
29484	-1479.376	-1575.4	96.0235	0.6744184	0.530818	0.469182	5.020263
29490	-1482.156	-1577.477	95.32099	0.4383757	0.375496	0.624504	5.538678
29496	-1492.748	-1587.896	95.14805	0.6113131	0.581317	0.418683	5.538678
29502	-1498.683	-1599.085	100.4016	1.38437	0.366888	0.633112	2.02141
29508	-1489.379	-1589.732	100.3523	1.333918	0.435543	0.564457	2.087334
29514	-1472.659	-1567.819	95.15925	0.7223022	0.350161	0.649839	5.47148
29520	-1479.266	-1574.311	95.04534	0.8362096	0.394773	0.605227	5.47148
29526	-1480.827	-1577.678	96.85076	0.8236345	0.481414	0.518586	4.474478
29532	-1496.995	-1595.67	98.67474	0.8874004	0.292516	0.707484	3.392142
29538	-1484.817	-1582.699	97.88193	0.8874004	0.394069	0.605931	3.852131
29544	-1481.712	-1576.548	94.83616	0.3038813	0.5269	0.4731	5.878074
29550	-1472.634	-1569.445	96.81043	0.8438946	0.437797	0.562203	4.485773
29556	-1474.254	-1569.555	95.3006	0.6362358	0.437797	0.562203	5.441049
29562	-1485.363	-1583.17	97.80624	0.9416683	0.413808	0.586192	3.864437
29568	-1492.237	-1590.043	97.80624	0.9416683	0.591925	0.408075	3.864437
29574	-1495.545	-1592.583	97.03823	0.7264311	0.4225	0.5775	4.423631
29580	-1488.88	-1584.441	95.56142	0.7591976	0.503677	0.496323	5.229314
29586	-1482.582	-1578.144	95.56142	0.7591976	0.543381	0.456619	5.229314
29592	-1488.377	-1583.903	95.5254	0.7952113	0.332738	0.667262	5.229314
29598	-1487.598	-1585.044	97.44527	0.7713485	0.455616	0.544384	4.167876
29604	-1477.068	-1574.846	97.77756	1.047212	0.405232	0.594768	3.820251
29610	-1483.632	-1580.425	96.79292	0.8149153	0.379528	0.620472	4.511929
29616	-1479.243	-1576.08	96.83697	0.6795706	0.541419	0.458581	4.563224
29622	-1496.601	-1591.324	94.72215	0.6363066	0.571248	0.428752	5.758601
29628	-1488.389	-1584.799	96.41022	0.6749802	0.571248	0.428752	4.804675
29634	-1497.28	-1593.709	96.42855	0.656653	0.516951	0.483049	4.804675
29640	-1482.778	-1579.81	97.03241	0.8608522	0.416567	0.583433	4.351063
29646	-1481.874	-1578.84	96.96584	0.8608522	0.488956	0.511044	4.388644
29652	-1484.255	-1581.406	97.15076	0.7392343	0.558914	0.441086	4.352905
29658	-1490.579	-1586.091	95.51138	0.5151635	0.558914	0.441086	5.391637
29664	-1482.373	-1576.982	94.60903	0.272797	0.603428	0.396572	6.019029
29670	-1479.899	-1575.595	95.69623	0.6341243	0.44024	0.55976	5.223927
29676	-1488.898	-1585.694	96.79568	0.8638903	0.400435	0.599565	4.482825
29682	-1484.498	-1583.037	98.53882	0.8523611	0.550479	0.449521	3.492148
29688	-1486.993	-1584.283	97.29075	0.6781445	0.374035	0.625965	4.308305
29694	-1482.711	-1577.616	94.90411	0.736839	0.435865	0.564135	5.603723
29700	-1481.68	-1578.947	97.26706	0.8265027	0.381452	0.618548	4.237714
29706	-1485.342	-1582.288	96.94638	0.6495713	0.468253	0.531747	4.518608
29712	-1466.412	-1562.683	96.27106	0.7634013	0.468253	0.531747	4.832982
29718	-1478.576	-1576.862	98.28579	0.7626569	0.497913	0.502087	3.69124
29724	-1492.877	-1588.088	95.21189	0.2617577	0.5449	0.4551	5.695498
29730	-1482.743	-1577.649	94.90619	0.5674518	0.479999	0.520001	5.695498
29736	-1476.436	-1571.519	95.08298	0.4895761	0.546566	0.453434	5.641259
29742	-1481.74	-1576.304	94.56367	0.613439	0.592239	0.407761	5.857817
29748	-1486.6	-1580.853	94.25331	0.6542602	0.482701	0.517299	6.004994
29754	-1480.151	-1575.019	94.86803	0.6301351	0.43923	0.56077	5.682054
29760	-1495.324	-1592.458	97.13319	0.8747117	0.360122	0.639878	4.286233
29766	-1481.833	-1579.047	97.21416	0.5963264	0.378212	0.621788	4.39779
29772	-1489.129	-1587.143	98.01419	0.8498513	0.48511	0.51489	3.797655
29778	-1501.942	-1600.23	98.28803	0.8498513	0.483429	0.516571	3.639456
29784	-1502.429	-1600.016	97.58697	0.9369786	0.444293	0.555707	3.992749
29790	-1496.613	-1593.356	96.74312	0.6869135	0.403283	0.596717	4.611772
29796	-1497.615	-1594.45	96.83503	0.5950051	0.415231	0.584769	4.611772
29802	-1491.591	-1586.329	94.73877	0.4799224	0.415231	0.584769	5.835082
29808	-1496.003	-1590.813	94.81039	0.4082992	0.441623	0.558377	5.835082
29814	-1502.153	-1598.044	95.89053	0.7373097	0.546653	0.453347	5.059163
29820	-1492.188	-1588.114	95.92621	0.517287	0.44187	0.55813	5.16133
29826	-1490.615	-1587.362	96.74712	0.7282735	0.44187	0.55813	4.586325
29832	-1491.034	-1588.806	97.77145	0.7196133	0.516936	0.483064	4.011539
29838	-1498.297	-1593.825	95.52771	0.5622846	0.442462	0.557538	5.356653
29844	-1497.483	-1592.664	95.18108	0.6263477	0.470011	0.529989	5.512257
29850	-1501.309	-1596.515	95.20616	0.6012653	0.50517	0.49483	5.512257
29856	-1494.933	-1588.999	94.06537	0.5738781	0.518782	0.481218	6.151182
29862	-1487.427	-1582.308	94.88045	0.6224811	0.487793	0.512207	5.67944
29868	-1488.045	-1584.403	96.35792	0.7983479	0.519192	0.480808	4.764995
29874	-1498.207	-1594.856	96.64963	0.6932043	0.475936	0.524064	4.660639
29880	-1485.788	-1582.357	96.56937	0.7734679	0.475936	0.524064	4.660639
29886	-1471.863	-1568.42	96.55697	0.7093343	0.42368	0.57632	4.703483
29892	-1491.936	-1587.181	95.24473	0.5514312	0.509613	0.490387	5.518451
29898	-1486.796	-1581.016	94.21939	0.7239516	0.483449	0.516551	5.985477
29904	-1474.772	-1570.587	95.81556	0.4988401	0.530342	0.469658	5.232749
29910	-1489.316	-1586.347	97.03077	0.6406748	0.53269	0.46731	4.476138
29916	-1493.506	-1589.703	96.19662	0.5610527	0.675736	0.324264	4.987068
29922	-1488.278	-1585.322	97.04394	0.7139895	0.448079	0.551921	4.427424
29928	-1494.783	-1591.856	97.0722	0.556547	0.381217	0.618783	4.500165
29934	-1490.987	-1586.232	95.24488	0.5271938	0.476444	0.523556	5.531691
29940	-1483.551	-1578.141	94.59006	0.5009698	0.396737	0.603263	5.904854
29946	-1482.664	-1578.055	95.39188	0.5041254	0.429277	0.570723	5.463529
29952	-1483.736	-1579.032	95.29577	0.6002283	0.614635	0.385365	5.463529
29958	-1489.131	-1584.416	95.28456	0.6114399	0.42322	0.57678	5.463529
29964	-1505.495	-1602.067	96.57231	0.6407087	0.546111	0.453889	4.733284
29970	-1495.834	-1593.125	97.29149	0.5699953	0.66758	0.33242	4.369006
29976	-1493.895	-1590.471	96.57644	0.6448228	0.384073	0.615927	4.728672
29982	-1493.941	-1589.283	95.34189	0.6136535	0.449073	0.550927	5.430747
29988	-1487.495	-1584.258	96.76332	0.691557	0.445949	0.554051	4.597837
29994	-1483.05	-1578.665	95.61561	0.3568638	0.445949	0.554051	5.421426
30000	-1482.064	-1577.426	95.36182	0.6106527	0.495388	0.504612	5.421426
30006	-1487.911	-1583.934	96.02297	0.4596051	0.495388	0.504612	5.139693
30012	-1493.05	-1587.321	94.2712	0.4852442	0.495388	0.504612	6.087369
30018	-1483.131	-1579.957	96.82539	0.568598	0.495388	0.504612	4.631981
30024	-1482.209	-1579.317	97.10809	0.657383	0.527427	0.472573	4.423176
30030	-1485.625	-1581.789	96.16369	0.7152747	0.420075	0.579925	4.919615
30036	-1482.37	-1579.636	97.26606	0.7017212	0.371781	0.628219	4.308937
30042	-1489.777	-1585.285	95.50832	0.6970392	0.620674	0.379326	5.292992
30048	-1480.407	-1576.481	96.07366	0.8213918	0.434053	0.565947	4.910662
30054	-1488.514	-1585.881	97.36675	0.8458151	0.434053	0.565947	4.170177
30060	-1475.118	-1572.63	97.51136	0.7967532	0.496869	0.503131	4.115846
30066	-1489.216	-1584.83	95.61382	0.7236104	0.379206	0.620794	5.220015
30072	-1487.34	-1584.518	97.17758	0.8252878	0.512043	0.487957	4.289085
30078	-1488.45	-1582.331	93.88117	0.6549906	0.508803	0.491197	6.207263
30084	-1480.327	-1575.681	95.35361	0.4947172	0.474843	0.525157	5.489762
30090	-1489.705	-1585.905	96.19959	0.7522553	0.474843	0.525157	4.879031
30096	-1497.505	-1593.113	95.60827	0.4448012	0.472284	0.527716	5.377014
30102	-1492.363	-1586.707	94.34477	0.1342857	0.445269	0.554731	6.238308
30108	-1485.956	-1581.199	95.24265	0.3645982	0.499265	0.500735	5.622223
30114	-1497.754	-1593.974	96.21992	0.5515527	0.400657	0.599343	4.979403
30120	-1485.496	-1581.73	96.23428	0.5371867	0.400657	0.599343	4.979403
30126	-1481.056	-1576.436	95.37932	0.504675	0.473262	0.526738	5.470138
30132	-1487.753	-1582.066	94.31211	0.4520162	0.458591	0.541409	6.083184
30138	-1486.382	-1581.375	94.99367	0.7737277	0.445936	0.554064	5.534261
30144	-1497.775	-1595.005	97.22966	0.744648	0.439948	0.560052	4.305245
30150	-1491.681	-1587.522	95.84088	0.4922831	0.48177	0.51823	5.222378
30156	-1484.982	-1580.988	96.00537	0.5824962	0.48177	0.51823	5.081338
30162	-1477.979	-1575.289	97.3104	0.8473493	0.463658	0.536342	4.201306
30168	-1478.246	-1576.044	97.79761	0.831101	0.435414	0.564586	3.932805
30174	-1476.645	-1574.055	97.41004	0.7641548	0.466049	0.533951	4.19197
30180	-1474.542	-1570.778	96.23616	0.7458911	0.466049	0.533951	4.862202
30186	-1478.889	-1575.274	96.38504	0.5970147	0.466049	0.533951	4.862202
30192	-1477.328	-1573.712	96.38336	0.5986874	0.367835	0.632165	4.862202
30198	-1481.98	-1578.004	96.02341	0.6349153	0.484254	0.515746	5.042242
30204	-1482.556	-1579.339	96.78361	0.8205501	0.530623	0.469377	4.513992
30210	-1482.583	-1579.396	96.813	0.7305289	0.492909	0.507091	4.548069
30216	-1482.049	-1579.396	97.34645	0.8323851	0.379326	0.620674	4.189334
30222	-1486.327	-1584.545	98.21839	0.9591624	0.483347	0.516653	3.616455
30228	-1485.179	-1582.243	97.06418	0.6396114	0.461444	0.538556	4.45793
30234	-1492.918	-1589.95	97.03202	0.6717711	0.477224	0.522776	4.45793
30240	-1497.485	-1593.777	96.29217	0.5468595	0.561824	0.438176	4.941834
30246	-1492.913	-1589.119	96.20597	0.6330603	0.44075	0.55925	4.941834
30252	-1480.275	-1577.749	97.47437	0.60336	0.44075	0.55925	4.246686
30258	-1488.098	-1583.4	95.30177	0.6589049	0.41772	0.58228	5.427923
30264	-1482.933	-1579.753	96.81958	0.8186792	0.535071	0.464929	4.494815
30270	-1476.014	-1570.514	94.49954	0.6318967	0.323956	0.676044	5.882777
30276	-1482.394	-1579.2	96.8063	0.6135033	0.323956	0.676044	4.617505
30282	-1479.976	-1575.966	95.98998	0.5782564	0.371244	0.628756	5.09222
30288	-1473.703	-1569.036	95.33269	0.4086057	0.573624	0.426376	5.548607
30294	-1477.479	-1572.685	95.20589	0.535407	0.515626	0.484374	5.548607
30300	-1485.283	-1580.154	94.87106	0.535407	0.515626	0.484374	5.732309
30306	-1475.028	-1570.976	95.9476	0.5363818	0.459778	0.540222	5.138913
30312	-1477.627	-1572.822	95.19506	0.7007943	0.459778	0.540222	5.46361
30318	-1483.275	-1581.43	98.15425	0.8802702	0.547191	0.452809	3.699291
30324	-1491.867	-1587.272	95.40515	0.9739253	0.547191	0.452809	5.196985
30330	-1493.692	-1590.84	97.14751	0.8955378	0.449977	0.550023	4.266334
30336	-1491.322	-1586.033	94.71165	0.7989623	0.454467	0.545533	5.67523
30342	-1500.078	-1595.088	95.00983	0.7383615	0.300247	0.699753	5.544819
30348	-1484.059	-1581.023	96.9631	0.7383615	0.477351	0.522649	4.459242
30354	-1487.628	-1584.113	96.48538	0.5280634	0.338799	0.661201	4.844705
30360	-1483.007	-1580.533	97.52591	0.9970361	0.351143	0.648857	3.993323
30366	-1487.738	-1585.286	97.54767	0.9752759	0.573303	0.426697	3.993323
30372	-1485.846	-1582.733	96.88698	0.9982057	0.544342	0.455658	4.355623
30378	-1490.382	-1587.766	97.38328	0.9292096	0.338164	0.661836	4.113358
30384	-1492.245	-1590.754	98.50895	0.8911643	0.357123	0.642877	3.486934
30390	-1487.978	-1585.831	97.85292	0.891745	0.579858	0.420142	3.8663
30396	-1477.939	-1576.743	98.80356	0.8924106	0.400896	0.599104	3.3135
30402	-1490.028	-1585.794	95.7665	0.6121547	0.512837	0.487163	5.197214
30408	-1491.739	-1589.161	97.42244	0.8486284	0.512837	0.487163	4.136923
30414	-1484.336	-1581.858	97.52168	0.7493882	0.388938	0.611062	4.136923
30420	-1481.615	-1578.034	96.41924	0.6144163	0.463151	0.536849	4.833434
30426	-1494.414	-1590.544	96.13002	0.5767426	0.463151	0.536849	5.01535
30432	-1503.475	-1600.502	97.02735	0.9345542	0.34805	0.65195	4.312258
30438	-1498.245	-1595.393	97.14778	0.8588151	0.392713	0.607287	4.286975
30444	-1498.099	-1591.543	93.44383	0.4802162	0.44264	0.55736	6.539377
30450	-1488.296	-1585.125	96.82866	0.6256501	0.481919	0.518081	4.598154
30456	-1489.3	-1585.483	96.18306	0.5104776	0.614761	0.385239	5.022697
30462	-1493.882	-1590.474	96.59172	0.6757217	0.573892	0.426108	4.702843
30468	-1494.285	-1591.253	96.96792	0.5364682	0.573892	0.426108	4.570049
30474	-1496.875	-1592.798	95.92325	0.5360761	0.549454	0.450546	5.152566
30480	-1481.555	-1578.668	97.11299	0.5360761	0.374776	0.625224	4.488735
30486	-1486.361	-1582.807	96.44579	0.5189729	0.374776	0.625224	4.871833
30492	-1495.434	-1591.965	96.53095	0.4492228	0.494587	0.505413	4.863251
30498	-1493.872	-1590.239	96.3669	0.6132645	0.586608	0.413392	4.863251
30504	-1487.537	-1584.953	97.41594	0.6325919	0.381224	0.618776	4.263232
30510	-1475.757	-1572.33	96.57329	0.6325919	0.307421	0.692579	4.73727
30516	-1478.61	-1576.053	97.44309	0.6268078	0.478816	0.521184	4.251125
30522	-1472.058	-1567.324	95.26594	0.698993	0.478816	0.521184	5.425578
30528	-1493.226	-1589.209	95.98289	0.5226877	0.322328	0.677672	5.126946
30534	-1485.057	-1582.399	97.34226	0.8342284	0.497675	0.502325	4.190668
30540	-1484.535	-1580.596	96.06074	0.7333592	0.527065	0.472935	4.966823
30546	-1490.486	-1586.699	96.21255	0.5815497	0.390785	0.609215	4.966823
30552	-1480.181	-1578.262	98.08099	0.814416	0.352923	0.647077	3.779585
30558	-1480.209	-1576.82	96.61178	0.691861	0.492225	0.507775	4.682588
30564	-1488.739	-1587.021	98.28176	0.774417	0.437984	0.562016	3.686767
30570	-1473.924	-1570.875	96.95115	0.7505594	0.518685	0.481315	4.4591
30576	-1479.902	-1577.023	97.1212	0.710877	0.44259	0.55741	4.385608
30582	-1484.264	-1580.524	96.25989	0.5944641	0.462198	0.537802	4.933312
30588	-1480.655	-1575.833	95.17838	0.4558191	0.462198	0.537802	5.607427
30594	-1483.674	-1580.268	96.5937	0.6162728	0.401626	0.598374	4.734985
30600	-1495.723	-1591.559	95.83596	0.8730724	0.576073	0.423927	5.014091
30606	-1486.463	-1583.126	96.66359	0.7929744	0.525398	0.474602	4.59689
30612	-1490.293	-1587.106	96.81276	1.051163	0.423355	0.576645	4.36763
30618	-1494.207	-1591.27	97.06317	0.6424798	0.483137	0.516863	4.456884
30624	-1482.326	-1578.792	96.46645	0.6849291	0.378628	0.621372	4.767725
30630	-1478.464	-1574.944	96.48062	0.6707653	0.577521	0.422479	4.767725
30636	-1488.058	-1585.889	97.83059	0.8874486	0.289136	0.710864	3.881583
30642	-1493.408	-1590.89	97.48236	0.7673702	0.446032	0.553968	4.149057
30648	-1499.99	-1595.171	95.18163	0.3964885	0.436552	0.563448	5.638205
30654	-1492.058	-1587.1	95.04232	0.5399074	0.412581	0.587419	5.635952
30660	-1493.997	-1588.861	94.86314	0.5399074	0.412581	0.587419	5.734179
30666	-1488.698	-1584.046	95.34828	0.7251001	0.49056	0.50944	5.365814
30672	-1495.62	-1593.702	98.08198	0.7424413	0.384119	0.615881	3.820457
30678	-1482.25	-1579.541	97.291	0.7287595	0.384119	0.615881	4.279523
30684	-1477.478	-1574.769	97.291	0.7287595	0.453284	0.546716	4.279523
30690	-1477.24	-1574.077	96.83653	0.6955751	0.453284	0.546716	4.554484
30696	-1479.999	-1575.466	95.46653	0.4298237	0.453284	0.546716	5.463336
30702	-1489.084	-1584.53	95.4462	0.4501527	0.321717	0.678283	5.463336
30708	-1481.501	-1577.613	96.11291	0.7206217	0.417365	0.582635	4.944894
30714	-1486.224	-1580.911	94.68619	0.6970178	0.505009	0.494991	5.745048
30720	-1484.871	-1581.237	96.36614	0.6507364	0.358871	0.641129	4.84279
30726	-1487.981	-1584.279	96.29833	0.7185481	0.433404	0.566596	4.84279
30732	-1486.835	-1583.012	96.17704	0.4752004	0.445302	0.554698	5.045619
30738	-1486.51	-1582.14	95.62907	0.6582383	0.346989	0.653011	5.247727
30744	-1484.525	-1580.283	95.75762	0.5296883	0.549063	0.450937	5.247727
30750	-1484.935	-1580.05	95.11552	0.5833447	0.555317	0.444683	5.571917
30756	-1488.05	-1583.253	95.20295	0.4959194	0.555317	0.444683	5.571917
30762	-1505.575	-1604.204	98.62819	0.8707151	0.439237	0.560763	3.42919
30768	-1489.709	-1586.932	97.22292	0.7721533	0.532866	0.467134	4.293494
30774	-1490.7	-1585.781	95.08059	0.4446191	0.346731	0.653269	5.66723
30780	-1502.347	-1598.855	96.5084	0.4370119	0.584999	0.415001	4.882616
30786	-1486.673	-1580.939	94.26632	0.418531	0.433988	0.566012	6.126354
30792	-1493.501	-1587.785	94.28384	0.4010113	0.489424	0.510576	6.126354
30798	-1485.552	-1581.91	96.35807	0.5034126	0.355998	0.644002	4.929342
30804	-1490.822	-1586.275	95.45299	0.6795805	0.384061	0.615939	5.333171
30810	-1488.744	-1583.943	95.19868	0.5248149	0.50782	0.49218	5.55839
30816	-1486.537	-1583.195	96.6582	0.5025816	0.522084	0.477916	4.762475
30822	-1482.948	-1578.937	95.98825	0.6394197	0.330048	0.669952	5.059258
30828	-1498.549	-1593.219	94.67032	0.4802768	0.449731	0.550269	5.87231
30834	-1483.59	-1579.09	95.49995	0.6366363	0.560852	0.439148	5.330953
30840	-1481.556	-1575.863	94.30672	0.4577736	0.406263	0.593737	6.082983
30846	-1490.074	-1586.064	95.98991	0.9501337	0.436706	0.563294	4.885606
30852	-1497.815	-1592.848	95.03283	0.6148529	0.394446	0.605554	5.600028
30858	-1494.415	-1592.671	98.25647	0.759879	0.592097	0.407903	3.709795
30864	-1491.127	-1587.299	96.17219	0.6832337	0.469178	0.530822	4.932716
30870	-1482.506	-1580.001	97.49518	0.7403164	0.44243	0.55757	4.157145
30876	-1487.342	-1583.994	96.65238	0.7403164	0.545747	0.454253	4.632704
30882	-1492.725	-1592.887	100.1617	1.20954	0.584163	0.415837	2.291426
30888	-1491.859	-1589.141	97.28218	0.7860448	0.388069	0.611931	4.252071
30894	-1495.097	-1591.018	95.92059	0.6891798	0.448584	0.551416	5.069188
30900	-1490.084	-1587.52	97.43619	0.6572535	0.517547	0.482453	4.237782
30906	-1477.913	-1576.912	98.99951	0.9928825	0.531975	0.468025	3.138092
30912	-1489.159	-1586.631	97.47102	1.130936	0.36755	0.63245	3.948125
30918	-1481.029	-1579.46	98.43052	0.960333	0.372658	0.627342	3.492339
30924	-1481.048	-1577.154	96.1058	0.78503	0.274407	0.725593	4.913013
30930	-1482.248	-1580.567	98.31811	0.9614314	0.617201	0.382799	3.557199
30936	-1485.873	-1583.525	97.65214	0.8934319	0.617201	0.382799	3.980386
30942	-1484.628	-1579.485	94.85751	0.6928416	0.401137	0.598863	5.653439
30948	-1480.442	-1575.888	95.44561	0.6519498	0.431757	0.568243	5.352485
30954	-1487.643	-1581.927	94.28428	0.6519498	0.397477	0.602523	5.989359
30960	-1490.342	-1588.239	97.89649	0.8149513	0.435381	0.564619	3.88537
30966	-1488.765	-1586.098	97.33314	0.8214839	0.562088	0.437912	4.203077
30972	-1493.992	-1591.136	97.14456	0.6764778	0.489583	0.510417	4.391835
30978	-1500.542	-1597.665	97.12329	0.6009015	0.379726	0.620274	4.446439
30984	-1487.462	-1583.821	96.35985	0.6577423	0.362176	0.637824	4.842392
30990	-1489.527	-1586.733	97.20589	0.5182951	0.48246	0.51754	4.446439
30996	-1478.062	-1575.101	97.03849	0.7789504	0.48246	0.51754	4.393867
31002	-1488.624	-1585.427	96.80264	0.7335492	0.486984	0.513016	4.552189
31008	-1484.716	-1581.658	96.94205	0.7748215	0.502693	0.497307	4.450561
31014	-1484.265	-1581.207	96.94205	0.7748215	0.494526	0.505474	4.450561
31020	-1487.161	-1582.365	95.20459	0.482869	0.484826	0.515174	5.578181
31026	-1483.889	-1580.264	96.37532	0.5966888	0.525646	0.474354	4.867799
31032	-1484.069	-1580.396	96.32761	0.6443942	0.525646	0.474354	4.867799
31038	-1472.96	-1568.942	95.98176	0.7832497	0.525646	0.474354	4.982995
31044	-1488.242	-1584.06	95.81783	0.6476879	0.417993	0.582007	5.149135
31050	-1484.504	-1580.346	95.84193	0.6108162	0.41652	0.58348	5.156211
31056	-1485.96	-1581.847	95.88655	0.5727679	0.487141	0.512859	5.152568
31062	-1486.613	-1583.156	96.54324	0.2730703	0.446007	0.553993	4.954469
31068	-1478.009	-1574.272	96.26208	0.5542354	0.400867	0.599133	4.954469
31074	-1475.264	-1571.526	96.26208	0.5542354	0.431066	0.568934	4.954469
31080	-1476.704	-1572.679	95.97498	0.561719	0.437238	0.562762	5.109703
31086	-1481.434	-1576.628	95.19359	0.6240637	0.501465	0.498535	5.506629
31092	-1483.282	-1578.806	95.52445	0.5954567	0.501465	0.498535	5.340157
31098	-1489.035	-1584.515	95.47939	0.6405158	0.446145	0.553855	5.340157
31104	-1484.587	-1580.199	95.612	0.2497847	0.476589	0.523411	5.482356
31110	-1489.67	-1585.099	95.4284	0.4333881	0.533002	0.466998	5.482356
31116	-1487.552	-1581.6	94.04826	0.4686112	0.442675	0.557325	6.217749
31122	-1494.56	-1588.713	94.1531	0.3637754	0.501817	0.498183	6.217749
31128	-1485.645	-1580.803	95.15782	0.6268369	0.472663	0.527337	5.524774
31134	-1497.667	-1593.859	96.19169	0.6963225	0.457149	0.542851	4.914579
31140	-1486.685	-1583.454	96.76864	0.6963225	0.457149	0.542851	4.59218
31146	-1502.611	-1597.453	94.8428	0.6963225	0.439163	0.560837	5.659595
31152	-1485.128	-1580.399	95.27047	0.5594424	0.531144	0.468856	5.49989
31158	-1472.209	-1567.366	95.15739	0.5594424	0.436835	0.563165	5.562047
31164	-1485.078	-1580.093	95.01471	0.7021293	0.478392	0.521608	5.562047
31170	-1485.254	-1581.41	96.15661	0.3780705	0.529755	0.470245	5.110819
31176	-1487.385	-1582.286	94.90002	0.4658345	0.401598	0.598402	5.754548
31182	-1483.716	-1580.044	96.32761	0.7804321	0.466052	0.533948	4.791929
31188	-1485.912	-1582.43	96.51831	0.5897322	0.369172	0.630828	4.791929
31194	-1483.055	-1578.874	95.81877	0.4762519	0.437188	0.562812	5.243461
31200	-1477.7	-1575.262	97.56193	0.5240777	0.47874	0.52126	4.241996
31206	-1480.068	-1577.466	97.39754	0.5362932	0.508847	0.491153	4.328135
31212	-1479.307	-1576.487	97.18078	0.7736131	0.430122	0.569878	4.316507
31218	-1482.97	-1579.372	96.40169	0.8327014	0.430122	0.569878	4.721333
31224	-1488.177	-1584.645	96.46812	0.8233559	0.601006	0.398994	4.689394
31230	-1492.174	-1588.858	96.68394	0.6075411	0.470395	0.529605	4.689394
31236	-1483.753	-1579.343	95.59012	0.6563519	0.36209	0.63791	5.270291
31242	-1491.784	-1588.477	96.69258	0.7208917	0.406154	0.593846	4.621057
31248	-1484.684	-1581.791	97.10693	0.6971993	0.539628	0.460372	4.401376
31254	-1481.472	-1580.003	98.53095	0.8954929	0.490588	0.509412	3.471562
31260	-1483.065	-1580.041	96.97673	0.9589132	0.588721	0.411279	4.327108
31266	-1483.431	-1580.07	96.63972	0.7456442	0.659408	0.340592	4.636814
31272	-1487.983	-1582.533	94.5499	0.5063723	0.470322	0.529678	5.923837
31278	-1488.899	-1583.059	94.15961	0.4468077	0.618639	0.381361	6.169047
31284	-1484.642	-1580.062	95.41967	0.7328093	0.473321	0.526679	5.322182
31290	-1485.727	-1582.266	96.53839	0.7189058	0.331915	0.668085	4.708521
31296	-1480.055	-1575.714	95.65806	0.5790861	0.345111	0.654889	5.275441
31302	-1477.5	-1572.387	94.88671	0.4825728	0.554474	0.445526	5.75267
31308	-1479.982	-1576.216	96.23445	0.7220789	0.47117	0.52883	4.876424
31314	-1478.733	-1575.619	96.88545	0.934673	0.408961	0.591039	4.392356
31320	-1480.313	-1575.829	95.51588	0.5967769	0.542543	0.457457	5.344155
31326	-1475.166	-1570.682	95.51588	0.5967769	0.447171	0.552829	5.344155
31332	-1481.168	-1576.137	94.96929	0.3848844	0.504922	0.495078	5.760947
31338	-1483.238	-1579.628	96.39015	0.7019539	0.452364	0.547636	4.800823
31344	-1485.881	-1580.968	95.08759	0.3123652	0.346693	0.653307	5.735877
31350	-1484.419	-1581.159	96.74049	0.5465051	0.353241	0.646759	4.691904
31356	-1472.166	-1568.668	96.50268	0.5935656	0.489135	0.510865	4.798515
31362	-1480.927	-1577.851	96.92395	0.7355559	0.363761	0.636239	4.482858
31368	-1483.195	-1580.514	97.31875	0.7987245	0.474512	0.525488	4.224155
31374	-1481.944	-1579.181	97.23657	0.880907	0.473599	0.526401	4.224155
31380	-1475.343	-1571.82	96.47666	0.6740078	0.473599	0.526401	4.768122
31386	-1478.163	-1574.497	96.33371	0.7428221	0.473599	0.526401	4.809515
31392	-1472.724	-1568.519	95.79493	0.7428221	0.532673	0.467327	5.10912
31398	-1470.738	-1566.713	95.97519	0.5625641	0.476671	0.523329	5.10912
31404	-1464.909	-1561.307	96.39794	0.8550789	0.507072	0.492928	4.710915
31410	-1471.133	-1568.003	96.87018	0.8550789	0.530535	0.469465	4.445837
31416	-1473.905	-1572.57	98.66441	0.8028612	0.513091	0.486909	3.447697
31422	-1468.354	-1564.055	95.70156	0.5958809	0.513091	0.486909	5.242127
31428	-1471.287	-1566.135	94.84866	0.6726958	0.520298	0.479702	5.669343
31434	-1475.657	-1570.653	94.99631	0.5250425	0.520298	0.479702	5.669343
31440	-1476.924	-1571.529	94.6051	0.5109922	0.501899	0.498101	5.89116
31446	-1484.889	-1579.614	94.72441	0.1290322	0.501899	0.498101	6.034507
31452	-1486.324	-1580.969	94.64437	0.1045135	0.478041	0.521959	6.091485
31458	-1494.916	-1589.198	94.28205	0.4668351	0.478041	0.521959	6.091485
31464	-1482.736	-1577.925	95.18942	0.4157063	0.478041	0.521959	5.623384
31470	-1485.779	-1583.232	97.45327	0.5973503	0.478041	0.521959	4.262044
31476	-1479.1	-1575.268	96.16831	0.6116975	0.447034	0.552966	4.974657
31482	-1485.781	-1580.685	94.90448	0.6693558	0.447034	0.552966	5.640554
31488	-1483.84	-1579.521	95.68034	0.6170502	0.373435	0.626565	5.242152
31494	-1484.449	-1581.301	96.8518	0.89664	0.54206	0.45794	4.432773
31500	-1479.701	-1574.788	95.08662	0.5725671	0.444451	0.555549	5.593712
31506	-1491.777	-1586.387	94.61019	0.6037324	0.510045	0.489955	5.837689
31512	-1486.62	-1584.081	97.46081	0.7058483	0.520763	0.479237	4.196249
31518	-1487.879	-1585.055	97.17569	0.9909651	0.505228	0.494772	4.196249
31524	-1489.93	-1587.904	97.97444	0.8043476	0.493069	0.506931	3.846697
31530	-1473.889	-1570.709	96.81965	0.8043476	0.570077	0.429923	4.502835
31536	-1481.377	-1577.529	96.15179	0.525562	0.396754	0.603246	5.031685
31542	-1467.391	-1562.657	95.26631	0.4652353	0.438256	0.561744	5.553967
31548	-1473.091	-1569.128	96.03638	0.7311581	0.438256	0.561744	4.981585
31554	-1482.177	-1578.371	96.19409	0.5734513	0.358807	0.641193	4.981585
31560	-1480.896	-1577.004	96.10841	0.6591311	0.460214	0.539786	4.981585
31566	-1484.882	-1580.033	95.15089	0.359768	0.468226	0.531774	5.675206
31572	-1481.06	-1575.926	94.8657	0.6449541	0.468226	0.531774	5.675206
31578	-1487.606	-1585.151	97.54529	0.9949647	0.468226	0.531774	3.983424
31584	-1477.422	-1575.043	97.62108	0.8250593	0.564572	0.435428	4.037185
31590	-1479.801	-1575.66	95.85838	0.6833571	0.458277	0.541723	5.106911
31596	-1487.858	-1584.689	96.83123	0.7670879	0.285304	0.714696	4.517278
31602	-1468.991	-1565.825	96.83445	0.7638667	0.382395	0.617605	4.517278
31608	-1473.58	-1570.385	96.80424	0.878428	0.543508	0.456492	4.469819
31614	-1482.218	-1578.998	96.7798	0.6576495	0.361962	0.638038	4.607615
31620	-1487.655	-1584.54	96.8852	0.5522433	0.361962	0.638038	4.607615
31626	-1476.612	-1570.861	94.24933	0.3886046	0.486388	0.513612	6.151892
31632	-1483.891	-1581.73	97.83902	0.7624344	0.439228	0.560772	3.948414
31638	-1481.27	-1576.773	95.50254	0.4397512	0.356843	0.643157	5.438045
31644	-1476.403	-1571.905	95.50254	0.4397512	0.548306	0.451694	5.438045
31650	-1471.401	-1566.817	95.41657	0.66316	0.439178	0.560822	5.362313
31656	-1478.946	-1575.247	96.30082	0.4766418	0.495738	0.504262	4.976069
31662	-1490.457	-1586.519	96.06271	0.8279926	0.414637	0.585363	4.91308
31668	-1485.511	-1581.185	95.67404	0.437995	0.414637	0.585363	5.344499
31674	-1486.723	-1584.002	97.27879	0.7476135	0.414637	0.585363	4.275759
31680	-1481.788	-1576.968	95.17923	0.7321594	0.414637	0.585363	5.45506
31686	-1489.315	-1585.95	96.63541	0.6341977	0.633718	0.366282	4.701634
31692	-1494.483	-1590.373	95.88963	0.5215287	0.513683	0.486317	5.179233
31698	-1496.526	-1588.751	92.22552	0.6657548	0.412803	0.587197	7.096659
31704	-1486.845	-1581.724	94.87948	0.5550334	0.429339	0.570661	5.716945
31710	-1482.224	-1577.854	95.62927	0.7128623	0.4691	0.5309	5.217418
31716	-1476.711	-1572.742	96.031	0.5943514	0.452865	0.547135	5.060544
31722	-1478.95	-1577.329	98.37864	0.8019212	0.378592	0.621408	3.614704
31728	-1482.374	-1581.494	99.11988	1.156649	0.378592	0.621408	2.968192
31734	-1490.472	-1589.941	99.46869	1.161292	0.492192	0.507808	2.754024
31740	-1500.551	-1597.615	97.06442	0.8794661	0.43182	0.56818	4.322449
31746	-1494.559	-1591.68	97.12066	0.8716175	0.510126	0.489874	4.295081
31752	-1481.062	-1576.936	95.87442	0.6265577	0.528379	0.471621	5.129497
31758	-1483.589	-1579.482	95.89315	0.6659138	0.447272	0.552728	5.097306
31764	-1472.736	-1568.536	95.79944	0.7596247	0.407385	0.592615	5.097306
31770	-1482.927	-1578.803	95.87545	0.6836091	0.50064	0.49936	5.097306
31776	-1476.581	-1572.871	96.2899	0.6836091	0.50064	0.49936	4.866963
31782	-1473.88	-1571.713	97.83249	0.7936456	0.353318	0.646682	3.934278
31788	-1471.9	-1568.289	96.38859	0.7847833	0.473003	0.526997	4.755438
31794	-1471.756	-1569.131	97.37511	0.898991	0.459961	0.540039	4.135197
31800	-1476.173	-1573.458	97.2853	0.9888055	0.431993	0.568007	4.135197
31806	-1482.252	-1579.138	96.88551	0.8134589	0.43856	0.56144	4.460646
31812	-1471.223	-1568.141	96.91854	0.7804243	0.43856	0.56144	4.460646
31818	-1473.835	-1570.93	97.095	0.6039615	0.558208	0.441792	4.460646
31824	-1484.4	-1580.92	96.5195	0.5166062	0.569863	0.430137	4.832064
31830	-1481.009	-1577.366	96.35704	0.6863823	0.623236	0.376764	4.827984
31836	-1490.144	-1586.335	96.191	0.7260017	0.307778	0.692222	4.898437
31842	-1487.206	-1583.658	96.45165	0.7278019	0.401089	0.598911	4.752041
31848	-1488.848	-1585.423	96.57543	0.6040258	0.401089	0.598911	4.752041
31854	-1489.413	-1585.265	95.85155	0.5775034	0.520542	0.479458	5.169329
31860	-1487.746	-1583.573	95.82706	0.6019853	0.366767	0.633233	5.169329
31866	-1486.546	-1581.109	94.56299	0.5898396	0.549481	0.450519	5.871087
31872	-1487.497	-1581.958	94.46052	0.6923082	0.588051	0.411949	5.871087
31878	-1483.981	-1579.134	95.15238	0.7235941	0.469775	0.530225	5.47455
31884	-1493.939	-1589.906	95.96742	0.9285832	0.40029	0.59971	4.910128
31890	-1491.781	-1586.637	94.85624	0.6575843	0.492405	0.507595	5.673468
31896	-1491.776	-1586.966	95.19069	0.6575843	0.508376	0.491624	5.489789
31902	-1496.063	-1590.629	94.56665	0.5646455	0.532133	0.467867	5.882857
31908	-1500.999	-1594.883	93.88448	0.5519102	0.351169	0.648831	6.261498
31914	-1477.258	-1573.173	95.91491	0.4634583	0.520266	0.479734	5.197375
31920	-1475.728	-1570.7	94.97215	0.4940491	0.489885	0.510115	5.699576
31926	-1477.755	-1574.257	96.50135	0.7105708	0.446991	0.553009	4.733894
31932	-1485.883	-1582.114	96.23099	0.6095122	0.449333	0.550667	4.941017
31938	-1493.642	-1589.016	95.37377	0.2830197	0.418732	0.581268	5.595024
31944	-1481.699	-1577.956	96.25646	0.5825698	0.404622	0.595378	4.941833
31950	-1486.455	-1580.613	94.15792	0.4919638	0.569676	0.430324	6.145389
31956	-1482.672	-1577.544	94.87182	0.4919638	0.378682	0.621318	5.755684
31962	-1494.272	-1589.6	95.3281	0.590089	0.413695	0.586305	5.451313
31968	-1494.852	-1590.152	95.30018	0.6180155	0.413695	0.586305	5.451313
31974	-1483.613	-1581.338	97.72477	0.7663617	0.522793	0.477207	4.011498
31980	-1482.647	-1580.354	97.70675	0.7843866	0.558511	0.441489	4.011498
31986	-1481.13	-1578.322	97.19219	0.7989002	0.489751	0.510249	4.295752
31992	-1475.539	-1572.877	97.33813	0.5884959	0.522154	0.477846	4.332206
31998	-1484.876	-1581.575	96.69881	0.7337567	0.425695	0.574305	4.61035
32004	-1485.012	-1582.392	97.38051	0.6801998	0.562828	0.437172	4.256329
32010	-1491.668	-1587.196	95.52806	0.6853274	0.505251	0.494749	5.28856
32016	-1481.278	-1576.94	95.66275	0.5506426	0.379964	0.620036	5.28856
32022	-1476.674	-1572.072	95.39787	0.8155177	0.41011	0.58989	5.28856
32028	-1474.38	-1571.004	96.62401	0.8155177	0.501356	0.498644	4.606444
32034	-1475.999	-1573.186	97.18612	0.8727682	0.56272	0.43728	4.257362
32040	-1471.945	-1569.218	97.27289	0.8163264	0.436816	0.563184	4.240174
32046	-1479.228	-1575.775	96.54666	0.7274754	0.517172	0.482828	4.699099
32052	-1475.627	-1572.733	97.10602	0.950617	0.49405	0.50595	4.258639
32058	-1487.576	-1581.833	94.25685	0.2593274	0.488457	0.511543	6.218128
32064	-1476.019	-1569.929	93.9105	0.6056748	0.488457	0.511543	6.218128
32070	-1482.576	-1579.215	96.63917	0.5489062	0.62542	0.37458	4.747226
32076	-1482.92	-1579.243	96.32286	0.5469644	0.62542	0.37458	4.924699
32082	-1481.674	-1577.435	95.76109	0.5670528	0.302204	0.697796	5.225153
32088	-1484.432	-1581.145	96.71332	0.565596	0.302204	0.697796	4.696426
32094	-1480.494	-1577.634	97.13977	0.8404005	0.356622	0.643378	4.301928
32100	-1482.037	-1578.255	96.21774	0.6779443	0.370885	0.629115	4.91031
32106	-1482.29	-1579.891	97.60118	0.7094003	0.456703	0.543297	4.114442
32112	-1476.882	-1575.847	98.96554	0.8672997	0.456703	0.543297	3.232725
32118	-1484.94	-1582.725	97.78501	0.9469691	0.416103	0.583897	3.873584
32124	-1484.535	-1582.343	97.80813	0.9238445	0.466384	0.533616	3.873584
32130	-1494.676	-1589.544	94.86825	0.6337625	0.454508	0.545492	5.679947
32136	-1490.798	-1587.292	96.49417	0.5751445	0.588594	0.411406	4.813542
32142	-1496.498	-1591.01	94.5111	0.4341725	0.532818	0.467182	5.984428
32148	-1485.616	-1580.948	95.33144	0.5314691	0.394752	0.605248	5.481739
32154	-1484.941	-1579.646	94.70463	0.6501547	0.370718	0.629282	5.760613
32160	-1492.548	-1591.118	98.57002	0.9902308	0.377808	0.622192	3.39325
32166	-1474.015	-1572.304	98.28918	0.9902308	0.502341	0.497659	3.557275
32172	-1485.467	-1583.769	98.3021	0.8747772	0.377691	0.622309	3.616846
32178	-1494.146	-1591.678	97.53134	0.7923242	0.430875	0.569125	4.106994
32184	-1483.028	-1579.673	96.64517	0.7372134	0.537028	0.462972	4.638484
32190	-1487.343	-1583.597	96.25393	0.7344647	0.344317	0.655683	4.858664
32196	-1489.753	-1585.809	96.05666	0.5203822	0.554981	0.445019	5.087337
32202	-1486.167	-1582.157	95.99053	0.5865147	0.319874	0.680126	5.087337
32208	-1483.994	-1580.141	96.14705	0.4299904	0.41674	0.58326	5.087337
32214	-1491.058	-1589.801	98.74256	0.8041619	0.5276	0.4724	3.401184
32220	-1490.898	-1588.332	97.43432	0.8398791	0.529963	0.470037	4.135145
32226	-1483.976	-1580.304	96.32796	0.6033871	0.479412	0.520588	4.890452
32232	-1479.13	-1572.713	93.58342	0.4646822	0.433654	0.566346	6.47219
32238	-1482.615	-1575.931	93.31566	0.3734815	0.431144	0.568856	6.666453
32244	-1480.761	-1578.549	97.7873	0.8078772	0.416826	0.583174	3.952007
32250	-1482.472	-1579.761	97.28965	0.8078772	0.416826	0.583174	4.235465
32256	-1493.093	-1591.147	98.05327	0.6237403	0.416826	0.583174	3.905124
32262	-1479.788	-1575.977	96.18943	0.6968624	0.506576	0.493424	4.915536
32268	-1482.144	-1580.058	97.91359	0.8977411	0.562244	0.437756	3.827985
32274	-1477.017	-1575.153	98.1361	0.8977411	0.512118	0.487882	3.699685
32280	-1490.587	-1586.849	96.26136	0.6543526	0.485749	0.514251	4.899155
32286	-1478.786	-1574.869	96.0828	0.569233	0.485749	0.514251	5.045735
32292	-1478.229	-1574.804	96.57527	0.6231327	0.462039	0.537961	4.741454
32298	-1477.484	-1573.959	96.47493	0.7234676	0.465521	0.534479	4.741454
32304	-1493.871	-1590.411	96.5401	0.658299	0.519914	0.480086	4.741454
32310	-1495.271	-1591.338	96.06743	0.5677242	0.513037	0.486963	5.055107
32316	-1491.306	-1588.385	97.0792	0.5577251	0.513037	0.486963	4.495567
32322	-1477.627	-1573.387	95.75964	0.6721757	0.418643	0.581357	5.1678
32328	-1482.883	-1580.41	97.52641	0.7785824	0.412017	0.587983	4.117626
32334	-1485.988	-1581.69	95.70201	0.5976737	0.414949	0.585051	5.240886
32340	-1487.214	-1580.734	93.52011	0.3340007	0.463282	0.536718	6.577236
32346	-1493.023	-1588.656	95.63263	0.2521236	0.520438	0.479562	5.469719
32352	-1497.13	-1592.385	95.25452	0.4740735	0.402679	0.597321	5.555585
32358	-1502.407	-1597.711	95.30373	0.4248703	0.446371	0.553629	5.555585
32364	-1487.257	-1583.244	95.98685	0.7151262	0.563068	0.436932	5.018008
32370	-1483.984	-1580.612	96.62837	0.627129	0.452848	0.547152	4.709527
32376	-1483.46	-1579.133	95.67282	0.6036879	0.573277	0.426723	5.253691
32382	-1484.243	-1581.044	96.80027	0.8450864	0.568973	0.431027	4.490821
32388	-1476.028	-1572.812	96.78366	0.8506314	0.481464	0.518536	4.497044
32394	-1487.504	-1583.548	96.04363	0.8376339	0.481464	0.518536	4.918332
32400	-1478.992	-1575.806	96.81332	0.898199	0.481464	0.518536	4.453577
32406	-1477.345	-1574.208	96.86248	0.8490387	0.4543	0.5457	4.453577
32412	-1477.725	-1575.429	97.7035	0.7415821	0.643568	0.356432	4.037791
32418	-1475.158	-1572.109	96.95049	0.8350467	0.433289	0.566711	4.411863
32424	-1479.966	-1576.743	96.77696	0.7387913	0.453011	0.546989	4.56367
32430	-1486.531	-1582.208	95.67631	0.5567675	0.494981	0.505019	5.277686
32436	-1492.722	-1588.467	95.74491	0.4881649	0.463295	0.536705	5.277686
32442	-1483.426	-1580.583	97.15684	0.9123449	0.344904	0.655096	4.251526
32448	-1482.743	-1578.18	95.43655	0.5015733	0.285479	0.714521	5.440339
32454	-1480.831	-1579.135	98.30358	0.7869337	0.49425	0.50575	3.666898
32460	-1477.338	-1574.753	97.41544	0.7869337	0.507909	0.492091	4.17597
32466	-1480.509	-1577.677	97.16844	0.8322489	0.537982	0.462018	4.290315
32472	-1479.05	-1575.962	96.91201	0.6952631	0.421359	0.578641	4.512243
32478	-1481.257	-1576.209	94.95146	0.4802105	0.554844	0.445156	5.7185
32484	-1477.603	-1572.285	94.68152	0.7501455	0.592994	0.407006	5.7185
32490	-1475.711	-1572.609	96.89746	0.7145778	0.592994	0.407006	4.509564
32496	-1475.117	-1570.997	95.88032	0.6923181	0.545216	0.454784	5.089778
32502	-1475.52	-1570.915	95.39484	0.6922437	0.54139	0.45861	5.358257
32508	-1475.652	-1571.257	95.60427	0.4828221	0.504392	0.495608	5.358257
32514	-1486.35	-1581.548	95.19737	0.3566985	0.291389	0.708611	5.651397
32520	-1483.973	-1579.05	95.0775	0.39704	0.487607	0.512393	5.695009
32526	-1475.89	-1571.719	95.82936	0.6140696	0.474778	0.525222	5.161368
32532	-1499.635	-1595.2	95.56467	0.7553488	0.454178	0.545822	5.229646
32538	-1492.79	-1589.075	96.28514	0.7415215	0.454178	0.545822	4.837331
32544	-1478.069	-1574.246	96.17714	0.5345399	0.499305	0.500695	5.012619
32550	-1470.931	-1566.816	95.88447	0.4585485	0.499305	0.500695	5.216929
32556	-1477.861	-1575.154	97.29357	0.7193375	0.410973	0.589027	4.283401
32562	-1478.729	-1575.125	96.39666	0.7499372	0.525016	0.474984	4.770401
32568	-1477.396	-1574.845	97.44906	0.884057	0.538956	0.461044	4.101613
32574	-1479.885	-1576.618	96.73292	0.8817198	0.563013	0.436987	4.508102
32580	-1474.736	-1571.214	96.47741	0.7840831	0.558173	0.441827	4.706173
32586	-1473.954	-1570.091	96.1373	0.7840831	0.46294	0.53706	4.895999
32592	-1492.629	-1590.282	97.6523	0.9647843	0.429607	0.570393	3.93946
32598	-1491.313	-1588.07	96.75711	0.7145821	0.450498	0.549502	4.5884
32604	-1489.871	-1586.257	96.38662	0.7451077	0.3888	0.6112	4.778701
32610	-1497.225	-1595.279	98.05398	0.9637932	0.352778	0.647222	3.708972
32616	-1493.36	-1590.856	97.49588	0.8538907	0.377506	0.622494	4.092131
32622	-1480.482	-1577.142	96.65984	0.4942397	0.407866	0.592134	4.766219
32628	-1476.722	-1573.319	96.59679	0.5572902	0.467793	0.532207	4.766219
32634	-1480.512	-1576.885	96.37281	0.4054203	0.569195	0.430805	4.975646
32640	-1480.119	-1578.149	98.02918	1.072469	0.546117	0.453883	3.66045
32646	-1484.52	-1582.688	98.16753	0.934121	0.546117	0.453883	3.66045
32652	-1487.497	-1583.347	95.85018	0.6955245	0.495025	0.504975	5.104711
32658	-1497.957	-1593.956	95.9994	0.546307	0.277555	0.722445	5.104711
32664	-1489.854	-1586.22	96.36635	0.4716308	0.433866	0.566134	4.942419
32670	-1489.507	-1585.649	96.14162	0.6963553	0.342748	0.657252	4.942419
32676	-1486.209	-1581.88	95.67048	0.5426657	0.452327	0.547673	5.288697
32682	-1484.914	-1580.251	95.33665	0.3896962	0.370673	0.629327	5.556822
32688	-1483.824	-1578.211	94.38647	0.4782238	0.504587	0.495413	6.028372
32694	-1487.137	-1583.497	96.36009	0.5218953	0.53643	0.46357	4.917934
32700	-1487.578	-1585.059	97.48039	0.8278747	0.550184	0.449816	4.11576
32706	-1481.21	-1578.553	97.34298	0.6456156	0.451408	0.548592	4.297164
32712	-1476.221	-1572.681	96.45945	0.4477364	0.453274	0.546726	4.903906
32718	-1475.315	-1571.348	96.03358	0.5344191	0.523479	0.476521	5.092354
32724	-1486.336	-1584.4	98.06359	0.7466181	0.345137	0.654863	3.828631
32730	-1478.902	-1576.21	97.3082	0.7474195	0.488558	0.511442	4.259214
32736	-1478.39	-1575.816	97.42637	0.7725964	0.488558	0.511442	4.177901
32742	-1491.468	-1588.7	97.23187	0.9671008	0.533158	0.466842	4.177901
32748	-1480.755	-1578.416	97.66013	0.9273205	0.474746	0.525254	3.956425
32754	-1483.915	-1581.505	97.59039	0.8458001	0.368372	0.631628	4.042865
32760	-1478.387	-1574.873	96.486	0.7889094	0.368372	0.631628	4.698666
32766	-1488.924	-1585.99	97.06641	0.6014061	0.494439	0.505561	4.478182
32772	-1477.952	-1573.883	95.93026	0.4846929	0.534024	0.465976	5.177128
32778	-1482.189	-1577.109	94.92029	0.3678957	0.506059	0.493941	5.797066
32784	-1487.165	-1581.548	94.38228	0.577839	0.506059	0.493941	5.976327
32790	-1471.099	-1565.947	94.8475	0.592579	0.383692	0.616308	5.713895
32796	-1478.822	-1573.786	94.964	0.4760702	0.572501	0.427499	5.713895
32802	-1489.257	-1583.811	94.55478	0.253762	0.529807	0.470193	6.058981
32808	-1478.252	-1572.73	94.47801	0.5709456	0.46124	0.53876	5.927835
32814	-1479.835	-1577.102	97.2664	0.935553	0.46124	0.53876	4.17621
32820	-1481.536	-1578.178	96.6423	0.4891933	0.539082	0.460918	4.778833
32826	-1481.028	-1577.266	96.23752	0.4239906	0.441861	0.558139	5.040475
32832	-1475.622	-1572.035	96.41261	0.7319018	0.441861	0.558139	4.771563
32838	-1482.576	-1579.154	96.57777	0.566746	0.477	0.523	4.771563
32844	-1494.896	-1591.578	96.6823	0.4622157	0.477	0.523	4.771563
32850	-1485.156	-1582.196	97.0402	0.7890963	0.521055	0.478945	4.387175
32856	-1480.934	-1577.974	97.0402	0.7890963	0.461689	0.538311	4.387175
32862	-1485.637	-1581.735	96.09794	0.493201	0.396375	0.603625	5.079522
32868	-1482.41	-1579.161	96.75165	0.6920054	0.424062	0.575938	4.604134
32874	-1483.027	-1578.393	95.36611	0.5159083	0.564512	0.435488	5.471222
32880	-1493.256	-1588.496	95.2399	0.5522861	0.452026	0.547974	5.520636
32886	-1487.746	-1582.364	94.61848	0.3680471	0.482712	0.517288	5.961914
32892	-1485.797	-1581.829	96.03244	0.5983748	0.443988	0.556012	5.05751
32898	-1481.669	-1576.66	94.99113	0.4536858	0.449192	0.550808	5.711298
32904	-1478.988	-1573.101	94.11315	0.6198234	0.399585	0.600415	6.100151
32910	-1479.18	-1573.552	94.37183	0.3611429	0.49698	0.50302	6.100151
32916	-1478.487	-1572.934	94.44701	0.3961905	0.48059	0.51941	6.040093
32922	-1488.72	-1582.997	94.27688	0.1336598	0.304293	0.695707	6.27554
32928	-1487.536	-1581.928	94.39234	0.2255518	0.544668	0.455332	6.162799
32934	-1486.845	-1582.311	95.46642	0.5606082	0.544668	0.455332	5.391368
32940	-1484.133	-1578.986	94.85305	0.420147	0.42643	0.57357	5.805266
32946	-1477.083	-1570.859	93.77572	0.4863631	0.561878	0.438122	6.356151
32952	-1472.743	-1568.883	96.13993	0.8198068	0.355248	0.644752	4.874639
32958	-1489.143	-1585.411	96.26764	0.5014882	0.39309	0.60691	4.980702
32964	-1481.55	-1577.894	96.344	0.7423882	0.612286	0.387714	4.804013
32970	-1481.845	-1579.335	97.48921	0.7713094	0.394608	0.605392	4.142923
32976	-1481.734	-1579.303	97.56846	0.8218701	0.540214	0.459786	4.069018
32982	-1482.993	-1580.657	97.66404	0.7262871	0.474166	0.525834	4.069018
32988	-1487.552	-1585.216	97.66359	0.7406834	0.446778	0.553222	4.061066
32994	-1479.971	-1575.599	95.62789	0.7737444	0.538873	0.461127	5.184501
33000	-1487.848	-1584.784	96.93626	0.642513	0.334551	0.665449	4.528266
33006	-1508.181	-1604.767	96.58594	0.6050068	0.482144	0.517856	4.745618
33012	-1491.95	-1587.606	95.65615	0.4963191	0.631893	0.368107	5.322189
33018	-1480.212	-1575.69	95.47816	0.6743142	0.415834	0.584166	5.322189
33024	-1482.869	-1576.834	93.9654	0.4628287	0.385337	0.614663	6.265932
33030	-1478.143	-1572.377	94.23351	0.6031594	0.513034	0.486966	6.043649
33036	-1488.289	-1584.118	95.82924	0.6344981	0.476176	0.523824	5.150126
33042	-1476.489	-1573.033	96.54338	0.6353926	0.527541	0.472459	4.752421
33048	-1485.663	-1582.062	96.39874	0.7626323	0.454951	0.545049	4.762146
33054	-1484.292	-1580.721	96.42912	0.732246	0.402322	0.597678	4.762146
33060	-1488.056	-1584.704	96.64829	0.6194931	0.406091	0.593909	4.702653
33066	-1490.683	-1585.42	94.73691	0.6724693	0.406091	0.593909	5.730712
33072	-1493.63	-1590.4	96.77028	0.922322	0.501786	0.498214	4.46423
33078	-1484.73	-1580.668	95.93733	0.6974186	0.457003	0.542997	5.055327
33084	-1485.185	-1581.787	96.60261	0.7720061	0.390373	0.609627	4.642835
33090	-1479.604	-1576.338	96.7336	0.6410216	0.532457	0.467543	4.642835
33096	-1476.161	-1573.083	96.92209	0.6836497	0.419308	0.580692	4.513105
33102	-1480.29	-1575.963	95.67221	0.5740151	0.363218	0.636782	5.270426
33108	-1477.75	-1573.458	95.7078	0.5384224	0.385236	0.614764	5.270426
33114	-1482.27	-1577.991	95.72108	0.5251391	0.598345	0.401655	5.270426
33120	-1482.879	-1579.849	96.96997	0.5775363	0.48094	0.51906	4.545834
33126	-1496.106	-1592.85	96.7447	0.8028053	0.48094	0.51906	4.545834
33132	-1489.582	-1586.135	96.55329	0.5805668	0.52309	0.47691	4.777513
33138	-1491.704	-1588.085	96.38115	0.744968	0.327005	0.672995	4.781835
33144	-1491.796	-1589.511	97.71413	0.9374469	0.37769	0.62231	3.919699
33150	-1486.901	-1585.293	98.3925	1.01003	0.47914	0.52086	3.485526
33156	-1481.632	-1578.886	97.25373	0.7028247	0.485423	0.514577	4.315287
33162	-1480.337	-1575.686	95.34881	0.5806338	0.409397	0.590603	5.445118
33168	-1487.034	-1582.351	95.31686	0.6125839	0.554617	0.445383	5.445118
33174	-1490.81	-1586.233	95.4228	0.5066513	0.540293	0.459707	5.445118
33180	-1480.386	-1576.504	96.11822	0.4548169	0.375596	0.624404	5.089558
33186	-1481.531	-1576.683	95.15175	0.3681497	0.463913	0.536087	5.670139
33192	-1487.436	-1586.261	98.82491	0.8279857	0.49656	0.50344	3.338844
33198	-1477.759	-1574.26	96.50104	0.7388448	0.355506	0.644494	4.718257
33204	-1473.074	-1569.779	96.70499	0.607113	0.427011	0.572989	4.677852
33210	-1477.589	-1571.755	94.16581	0.4421136	0.466649	0.533351	6.168227
33216	-1476.903	-1571.455	94.55196	0.6462258	0.504101	0.495899	5.846295
33222	-1476.1	-1571.843	95.74295	0.4977966	0.430859	0.569141	5.273449
33228	-1496.567	-1592.302	95.73467	0.4111599	0.430859	0.569141	5.325855
33234	-1488.775	-1586.252	97.47663	0.6993175	0.507066	0.492934	4.190975
33240	-1483.719	-1580.263	96.54487	0.4428434	0.495952	0.504048	4.859047
33246	-1484.321	-1580.754	96.43253	0.6324694	0.495952	0.504048	4.815949
33252	-1481.327	-1576.836	95.50918	0.6202432	0.529877	0.470123	5.334906
33258	-1488.753	-1583.958	95.20511	0.653556	0.538318	0.461682	5.484073
33264	-1477.542	-1572.915	95.37363	0.6212576	0.406319	0.593681	5.409078
33270	-1480.043	-1577.189	97.14566	0.7796016	0.495017	0.504983	4.332981
33276	-1480.197	-1574.908	94.71137	0.3541609	0.602135	0.397865	5.91878
33282	-1483.667	-1579.271	95.60416	0.3768512	0.563877	0.436123	5.41672
33288	-1482.412	-1578.175	95.76326	0.2177516	0.394431	0.605569	5.41672
33294	-1483.567	-1580.113	96.54569	0.80396	0.500364	0.499636	4.656826
33300	-1486.338	-1582.127	95.78889	0.3188268	0.363561	0.636439	5.346882
33306	-1476.132	-1571.895	95.76259	0.5732534	0.421725	0.578275	5.220893
33312	-1480.186	-1575.925	95.73848	0.5973707	0.560408	0.439592	5.220893
33318	-1472.649	-1568.267	95.61819	0.7176598	0.381552	0.618448	5.220893
33324	-1478.509	-1573.333	94.82391	0.7176598	0.511447	0.488553	5.658256
33330	-1476.447	-1572.905	96.45815	0.5422222	0.550879	0.449121	4.851989
33336	-1478.589	-1576.369	97.77979	0.7688405	0.382241	0.617759	3.978637
33342	-1481.089	-1577.23	96.14054	0.4491199	0.382629	0.617371	5.080342
33348	-1479.069	-1575.123	96.0543	0.5353615	0.441485	0.558515	5.080342
33354	-1475.439	-1571.018	95.5788	0.623052	0.441485	0.558515	5.294932
33360	-1479.966	-1574.779	94.81277	0.5781606	0.441485	0.558515	5.74082
33366	-1480.752	-1575.701	94.94936	0.4415666	0.463651	0.536349	5.74082
33372	-1484.813	-1581.832	97.01846	0.7202373	0.668268	0.331732	4.438264
33378	-1476.45	-1572.895	96.4449	0.7165674	0.476583	0.523417	4.762094
33384	-1483.507	-1580.111	96.60424	0.8713984	0.475537	0.524463	4.586187
33390	-1485.214	-1580.186	94.97126	0.4695496	0.467581	0.532419	5.713491
33396	-1474.42	-1570.186	95.76593	0.5654286	0.467581	0.532419	5.223377
33402	-1487.978	-1583.589	95.61088	0.7204691	0.467581	0.532419	5.223377
33408	-1488.158	-1584.317	96.15872	0.6162438	0.56074	0.43926	4.977458
33414	-1488.9	-1584.08	95.18048	0.4420618	0.618288	0.381712	5.613829
33420	-1483.105	-1577.742	94.63722	0.7224511	0.455702	0.544298	5.757935
33426	-1490.713	-1584.554	93.8411	0.4892573	0.323041	0.676959	6.31909
33432	-1479.499	-1575.472	95.97251	0.5320748	0.407764	0.592236	5.1275
33438	-1484.025	-1579.195	95.17014	0.538473	0.433406	0.566594	5.566563
33444	-1499.681	-1594.721	95.04014	0.731722	0.465942	0.534058	5.53181
33450	-1495.567	-1592.238	96.67117	0.735722	0.556096	0.443904	4.624747
33456	-1489.828	-1588.937	99.10834	0.9954472	0.436069	0.563931	3.071707
33462	-1483.414	-1580.673	97.25918	0.7472527	0.436069	0.563931	4.287066
33468	-1481.907	-1578.643	96.73566	0.6254874	0.522826	0.477174	4.650386
33474	-1489.418	-1585.095	95.67765	0.6390955	0.376893	0.623107	5.231451
33480	-1484.9	-1580.78	95.87954	0.522425	0.494358	0.505642	5.184317
33486	-1479.497	-1576.252	96.75523	0.7555156	0.505369	0.494631	4.566479
33492	-1489.716	-1587.025	97.30896	0.8100652	0.436553	0.563447	4.223277
33498	-1496.632	-1593.854	97.22205	0.6998914	0.463501	0.536499	4.334854
33504	-1486.639	-1582.329	95.69019	0.6998914	0.439475	0.560525	5.190895
33510	-1486.961	-1582.94	95.97916	0.7897262	0.54193	0.45807	4.980838
33516	-1473.408	-1568.731	95.32296	0.6798059	0.548832	0.451168	5.404737
33522	-1475.327	-1570.563	95.23681	0.7659543	0.551818	0.448182	5.404737
33528	-1487.514	-1582.808	95.29437	0.4521026	0.52476	0.47524	5.545764
33534	-1481.129	-1574.987	93.85774	0.6087492	0.514704	0.485296	6.245139
33540	-1481.082	-1577.377	96.29459	0.8489221	0.515096	0.484904	4.772121
33546	-1487.393	-1583.288	95.89474	0.8489221	0.443336	0.556664	4.994854
33552	-1487.951	-1584.14	96.18818	0.7056011	0.394281	0.605719	4.911369
33558	-1489.999	-1586.226	96.22647	0.6673045	0.394281	0.605719	4.911369
33564	-1476.241	-1572.56	96.31899	0.5747839	0.333103	0.666897	4.911369
33570	-1495.105	-1590.388	95.28288	0.4591158	0.437224	0.562776	5.548223
33576	-1481.702	-1576.851	95.14861	0.5875425	0.522856	0.477144	5.551434
33582	-1492.078	-1587.395	95.31698	0.3648512	0.442234	0.557766	5.581274
33588	-1483.179	-1577.183	94.00449	0.4113588	0.442234	0.557766	6.272658
33594	-1493.285	-1588.35	95.06507	0.3317206	0.503132	0.496868	5.737609
33600	-1489.725	-1584.541	94.81598	0.2613907	0.390793	0.609207	5.912317
33606	-1493.407	-1587.984	94.5772	0.4635754	0.481997	0.518003	5.932299
33612	-1487.155	-1582.117	94.96258	0.5554241	0.534611	0.465389	5.671179
33618	-1481.439	-1576.922	95.48221	0.5453828	0.431368	0.568632	5.391054
33624	-1480.368	-1576.103	95.73467	0.5172776	0.423748	0.576252	5.267261
33630	-1479.445	-1575.058	95.61285	0.6391041	0.543219	0.456781	5.267261
33636	-1481.23	-1578.3	97.07075	0.3613081	0.484976	0.515024	4.610638
33642	-1485.976	-1581.866	95.89037	0.4411479	0.484976	0.515024	5.223284
33648	-1491.558	-1588.382	96.82424	0.5151657	0.519541	0.480459	4.662559
33654	-1483.125	-1579.874	96.74884	0.6574051	0.408818	0.591182	4.625107
33660	-1488.909	-1583.887	94.97849	0.6574051	0.527261	0.472739	5.606498
33666	-1481.763	-1579.034	97.27096	0.6574051	0.330474	0.669526	4.331223
33672	-1492.931	-1588.552	95.62171	0.5893678	0.540685	0.459315	5.289838
33678	-1480.258	-1576.082	95.82412	0.548151	0.563354	0.436646	5.200745
33684	-1475.547	-1571.555	96.00772	0.548151	0.517172	0.482828	5.099077
33690	-1476.284	-1572.644	96.36078	0.7066159	0.52578	0.47422	4.814612
33696	-1478.732	-1575.369	96.63758	0.6113593	0.432628	0.567372	4.713194
33702	-1479.014	-1576.84	97.82636	0.7490489	0.42469	0.57531	3.963318
33708	-1485.273	-1582.604	97.33063	0.6955595	0.527693	0.472307	4.275883
33714	-1495.594	-1591.663	96.06892	0.4326085	0.480667	0.519333	5.129189
33720	-1484.773	-1581.123	96.35084	0.6085965	0.504102	0.495898	4.874803
33726	-1481.64	-1578.426	96.7856	0.6085965	0.504102	0.495898	4.631862
33732	-1482.013	-1578.61	96.59709	0.6957535	0.429107	0.570893	4.688628
33738	-1485.459	-1581.881	96.42214	0.8707102	0.591717	0.408283	4.688628
33744	-1480.732	-1577.055	96.32272	0.7265015	0.302705	0.697295	4.824748
33750	-1479.503	-1575.14	95.63761	0.7740067	0.504494	0.495506	5.178977
33756	-1477.918	-1572.451	94.53274	0.6650742	0.411477	0.588523	5.846494
33762	-1483.121	-1579.46	96.33849	1.065731	0.358328	0.641672	4.626245
33768	-1472.51	-1567.686	95.17597	0.6191358	0.49916	0.50084	5.519029
33774	-1474.697	-1569.784	95.08669	0.5271631	0.49916	0.50084	5.618597
33780	-1482.095	-1576.853	94.75885	0.5504088	0.466767	0.533233	5.785533
33786	-1478.375	-1574.087	95.71243	0.5365913	0.55352	0.44648	5.268883
33792	-1482.61	-1577.434	94.82411	0.6056823	0.514245	0.485755	5.71953
33798	-1476.304	-1573.212	96.90773	0.5818056	0.44617	0.55383	4.578387
33804	-1474.788	-1571.72	96.93267	0.5568666	0.503208	0.496792	4.578387
33810	-1476.69	-1572.513	95.82344	0.6111225	0.503208	0.496792	5.166279
33816	-1489.839	-1586.725	96.88637	0.8061898	0.526566	0.473434	4.464251
33822	-1478.214	-1573.589	95.37473	0.7082237	0.402835	0.597165	5.360537
33828	-1477.579	-1574.72	97.14099	0.8630683	0.4567	0.5433	4.288413
33834	-1474.842	-1571.72	96.8773	0.7518311	0.4567	0.5433	4.499952
33840	-1471.796	-1567.689	95.89275	0.6674086	0.4567	0.5433	5.096701
33846	-1473.107	-1569.121	96.01452	0.5456347	0.479188	0.520812	5.096701
33852	-1485.42	-1584.09	98.66986	0.9191188	0.438732	0.561268	3.3764
33858	-1477.606	-1577.206	99.5997	1.074772	0.538784	0.461216	2.726813
33864	-1484.036	-1580.518	96.48111	1.074772	0.548719	0.451281	4.541127
33870	-1486.542	-1585.917	99.37498	1.098574	0.415489	0.584511	2.849226
33876	-1488.873	-1587.935	99.06201	1.005727	0.611526	0.388474	3.093219
33882	-1487.435	-1586.341	98.90678	1.005727	0.384533	0.615467	3.18554
33888	-1484.254	-1581.883	97.62912	0.9125961	0.373224	0.626776	3.98259
33894	-1483.56	-1581.379	97.81933	0.7672734	0.57397	0.42603	3.956911
33900	-1479.391	-1574.606	95.2155	0.7143139	0.520486	0.479514	5.444916
33906	-1490.331	-1585.465	95.13462	0.6039779	0.436793	0.563207	5.55009
33912	-1473.229	-1568.364	95.13462	0.6039779	0.436793	0.563207	5.55009
33918	-1478.848	-1573.265	94.4175	0.562691	0.446228	0.553772	5.965375
33924	-1470.109	-1565.975	95.86616	0.562691	0.491582	0.508418	5.169438
33930	-1484.819	-1580.606	95.78753	0.641317	0.522559	0.477441	5.169438
33936	-1478.389	-1574.308	95.91884	0.6493288	0.446938	0.553062	5.092257
33942	-1488.132	-1583.115	94.98275	0.5838222	0.446938	0.553062	5.644539
33948	-1488.582	-1583.687	95.10474	0.5567633	0.402689	0.597311	5.592435
33954	-1486.391	-1582.952	96.56111	0.57838	0.518976	0.481024	4.774369
33960	-1482.752	-1578.787	96.03496	0.5547191	0.45416	0.54584	5.080329
33966	-1479.996	-1576.003	96.00739	0.5667884	0.44077	0.55923	5.088925
33972	-1479.267	-1575.275	96.00739	0.5667884	0.520951	0.479049	5.088925
33978	-1490.579	-1585.31	94.7304	0.5667884	0.744767	0.255233	5.792138
33984	-1487.115	-1583.44	96.32533	0.4483884	0.509655	0.490345	4.978153
33990	-1483.555	-1578.807	95.25185	0.5280453	0.430074	0.569926	5.527393
33996	-1478.577	-1575.28	96.70279	0.5658998	0.425542	0.574458	4.702145
34002	-1485.085	-1580.122	95.03683	0.3210597	0.425542	0.574458	5.758911
34008	-1483.844	-1580.432	96.5881	0.7324427	0.475079	0.524921	4.673122
34014	-1482.499	-1579.035	96.53537	0.7851749	0.393033	0.606967	4.673122
34020	-1479.335	-1576.428	97.09242	0.6713937	0.415393	0.584607	4.424107
34026	-1476.482	-1573.177	96.69513	0.6321309	0.482126	0.517874	4.669363
34032	-1482.052	-1578.828	96.77598	0.5512819	0.372263	0.627737	4.669363
34038	-1475.892	-1571.87	95.97787	0.471518	0.464933	0.535067	5.15807
34044	-1474.781	-1570.714	95.93232	0.5170624	0.464933	0.535067	5.15807
34050	-1488.439	-1583.117	94.67741	0.5097478	0.485967	0.514033	5.852323
34056	-1491.796	-1586.34	94.54432	0.5855225	0.485967	0.514033	5.883649
34062	-1482.586	-1577.488	94.90242	0.5246089	0.514098	0.485902	5.721043
34068	-1484.575	-1579.109	94.53346	0.4760899	0.464547	0.535453	5.949346
34074	-1481.089	-1577.057	95.96817	0.6381315	0.369866	0.630134	5.071111
34080	-1482.241	-1578.351	96.11042	0.4958763	0.373584	0.626416	5.071111
34086	-1479.383	-1574.804	95.42084	0.5609229	0.428755	0.571245	5.416307
34092	-1495.676	-1590.767	95.09072	0.632798	0.49091	0.50909	5.558377
34098	-1480.103	-1575.194	95.09072	0.632798	0.480368	0.519632	5.558377
34104	-1488.025	-1586.392	98.36744	1.158733	0.490936	0.509064	3.413224
34110	-1486.218	-1585.533	99.31562	1.158733	0.473133	0.526867	2.848747
34116	-1479.853	-1578.331	98.4782	1.158733	0.606988	0.393012	3.348231
34122	-1481.389	-1576.223	94.83314	0.5253984	0.40666	0.59334	5.758554
34128	-1484.627	-1579.375	94.74728	0.6112645	0.359043	0.640957	5.758554
34134	-1474.393	-1569.578	95.18482	0.6346441	0.470712	0.529288	5.505638
34140	-1482.979	-1578.309	95.33017	0.5437626	0.422115	0.577885	5.475674
34146	-1480.257	-1575.464	95.20685	0.6670839	0.45736	0.54264	5.475674
34152	-1475.893	-1571.317	95.42415	0.6335682	0.456883	0.543117	5.374452
34158	-1485.151	-1580.561	95.41005	0.647662	0.426097	0.573903	5.374452
34164	-1476.372	-1571.877	95.50447	0.647662	0.426097	0.573903	5.322374
34170	-1491.381	-1586.634	95.25296	0.8991724	0.407515	0.592485	5.322374
34176	-1484.643	-1581.723	97.08009	0.8001937	0.52798	0.47202	4.358389
34182	-1481.797	-1578.547	96.75003	0.6544014	0.494685	0.505315	4.626127
34188	-1478.671	-1574.843	96.172	0.6544014	0.523105	0.476895	4.94886
34194	-1488.318	-1580.961	92.64287	0.6544014	0.523105	0.476895	6.878009
34200	-1481.836	-1577.851	96.01429	0.7334324	0.462726	0.537274	4.9926
34206	-1480.642	-1576.289	95.6474	0.7371378	0.49559	0.50441	5.193959
34212	-1477.769	-1572.704	94.93502	0.481737	0.450411	0.549589	5.726669
34218	-1481.506	-1576.482	94.97587	0.4408907	0.450411	0.549589	5.726669
34224	-1477.463	-1573.383	95.9205	0.4856371	0.548645	0.451355	5.18201
34230	-1479.741	-1575.517	95.77577	0.6303643	0.557975	0.442025	5.18201
34236	-1484.492	-1581.928	97.43598	0.6303643	0.550232	0.449768	4.25314
34242	-1482.506	-1580.341	97.8346	0.8391361	0.550232	0.449768	3.907001
34248	-1478.874	-1576.194	97.32009	0.7946145	0.494418	0.505582	4.225724
34254	-1500.101	-1595.999	95.8979	0.4631634	0.514951	0.485049	5.206948
34260	-1488.251	-1583.477	95.2257	0.7103904	0.514951	0.485049	5.441463
34266	-1486.459	-1582.492	96.03231	0.6880073	0.514951	0.485049	5.007823
34272	-1489.53	-1585.974	96.44366	0.5448453	0.483018	0.516982	4.858605
34278	-1495.232	-1593.194	97.9621	0.9124686	0.37461	0.62539	3.791588
34284	-1482.116	-1579.717	97.6008	0.7806197	0.478408	0.521592	4.074094
34290	-1491.04	-1590.279	99.23821	1.135077	0.584996	0.415004	2.909896
34296	-1497.611	-1595.809	98.19801	1.021629	0.341196	0.658804	3.592017
34302	-1485.596	-1581.415	95.81915	0.745855	0.48291	0.51709	5.094013
34308	-1484.332	-1582.39	98.05816	0.7420526	0.498255	0.501745	3.834381
34314	-1485.248	-1581.401	96.1533	0.6226425	0.541886	0.458114	4.976918
34320	-1479.566	-1575.948	96.38157	0.394367	0.511681	0.488319	4.976918
34326	-1472.59	-1570.21	97.61993	0.5124293	0.530843	0.469157	4.215713
34332	-1476.981	-1574.347	97.36609	0.6859346	0.510537	0.489463	4.261251
34338	-1475.236	-1572.475	97.23963	0.7207816	0.491929	0.508071	4.313105
34344	-1483.272	-1579.563	96.29118	0.592777	0.568966	0.431034	4.916833
34350	-1482.753	-1579.037	96.28372	0.6002441	0.510498	0.489502	4.916833
34356	-1489.331	-1586.346	97.01524	0.740251	0.693003	0.306997	4.428799
34362	-1471.497	-1568.508	97.01133	0.7441687	0.551201	0.448799	4.428799
34368	-1479.596	-1578.476	98.87998	0.9693737	0.464575	0.535425	3.222952
34374	-1467.994	-1564.016	96.02199	0.6086665	0.464575	0.535425	5.057598
34380	-1475.375	-1571.39	96.01519	0.7187562	0.460337	0.539663	5.000252
34386	-1487.666	-1583.15	95.48385	0.7187562	0.422247	0.577753	5.294516
34392	-1481.66	-1577.12	95.46	0.742601	0.601536	0.398464	5.294516
34398	-1488.809	-1583.879	95.06965	0.2485061	0.513789	0.486211	5.780666
34404	-1483.847	-1580.766	96.91868	0.453888	0.475776	0.524224	4.643984
34410	-1472.941	-1567.853	94.91236	0.453888	0.428634	0.571366	5.754334
34416	-1481.961	-1576.693	94.73151	0.634743	0.428634	0.571366	5.754334
34422	-1479.615	-1574.432	94.81679	0.5494622	0.452719	0.547281	5.754334
34428	-1475.929	-1571.671	95.74203	0.6136402	0.54861	0.45139	5.209928
34434	-1479.828	-1575.433	95.60482	0.6763529	0.54861	0.45139	5.251114
34440	-1483.46	-1579.349	95.88821	0.3929666	0.361392	0.638608	5.251114
34446	-1477.846	-1574.225	96.37934	0.6934302	0.307107	0.692893	4.811612
34452	-1474.915	-1571.344	96.42938	0.5526861	0.434786	0.565214	4.862194
34458	-1498.967	-1595.42	96.45283	0.9194469	0.539379	0.460621	4.644145
34464	-1484.887	-1583.911	99.02338	1.079938	0.392907	0.607093	3.071983
34470	-1486.002	-1585.432	99.43056	1.016491	0.503361	0.496639	2.865294
34476	-1487.214	-1584.839	97.62498	0.8371949	0.503361	0.496639	4.028036
34482	-1480.58	-1577.261	96.68109	0.8685448	0.509009	0.490991	4.544637
34488	-1481.305	-1578.105	96.79968	0.7499556	0.408133	0.591867	4.544637
34494	-1492.128	-1586.39	94.26231	0.7009235	0.408156	0.591844	5.974624
34500	-1492.268	-1590.746	98.47804	1.182696	0.491761	0.508239	3.334238
34506	-1484.095	-1580.697	96.60234	0.7368431	0.464575	0.535425	4.662687
34512	-1484.165	-1581.714	97.54866	0.6708966	0.361498	0.638502	4.166208
34518	-1476.367	-1573.226	96.8598	0.4014622	0.361498	0.638502	4.706303
34524	-1478.337	-1574.957	96.62042	0.6408373	0.561936	0.438064	4.706303
34530	-1502.042	-1597.079	95.03666	0.872992	0.340644	0.659356	5.456017
34536	-1491.386	-1586.304	94.91767	0.6039878	0.504065	0.495935	5.669174
34542	-1479.411	-1575.121	95.71	0.6016952	0.474843	0.525157	5.234244
34548	-1479.11	-1575.429	96.31878	0.7895021	0.547428	0.452572	4.791793
34554	-1481.107	-1578.242	97.13519	0.7833481	0.396927	0.603073	4.336777
34560	-1485.724	-1581.653	95.92948	0.6071584	0.396927	0.603073	5.109734
34566	-1492.031	-1588.388	96.35678	1.05115	0.445191	0.554809	4.624165
34572	-1492.673	-1589.566	96.89325	0.8140543	0.495632	0.504368	4.45595
34578	-1481.018	-1577.968	96.94978	0.7575206	0.468094	0.531906	4.45595
34584	-1493.501	-1590.18	96.67898	0.6671666	0.436803	0.563197	4.658785
34590	-1482.674	-1580.276	97.60187	0.7739888	0.397308	0.602692	4.077265
34596	-1478.713	-1575.58	96.86667	0.8825057	0.49489	0.50511	4.432361
34602	-1486.185	-1580.784	94.59963	0.6376085	0.536263	0.463737	5.824938
34608	-1486.371	-1582.096	95.72496	0.6486167	0.406725	0.593275	5.200023
34614	-1491.5	-1588.024	96.52347	0.6647611	0.456585	0.543415	4.747137
34620	-1478.885	-1575.612	96.72706	0.5888422	0.456585	0.543415	4.675721
34626	-1474.784	-1572.897	98.11263	0.8412685	0.442286	0.557714	3.74586
34632	-1483.703	-1579.763	96.06005	0.6527483	0.442286	0.557714	5.011998
34638	-1479.916	-1576.111	96.19442	0.5183861	0.50342	0.49658	5.011998
34644	-1491.982	-1587.55	95.56779	0.5371258	0.402277	0.597723	5.348425
34650	-1488.104	-1584.212	96.10795	0.7223406	0.466094	0.533906	4.946695
34656	-1486.311	-1582.247	95.93549	0.7719183	0.466094	0.533906	5.014991
34662	-1489.759	-1585.668	95.9088	0.8094462	0.432025	0.567975	5.008973
34668	-1475.637	-1571.325	95.68822	0.5294523	0.497129	0.502871	5.286196
34674	-1481.003	-1577.401	96.3982	0.5923323	0.601618	0.398382	4.857477
34680	-1484.289	-1581.124	96.83513	0.6666298	0.379502	0.620498	4.571526
34686	-1480.354	-1575.264	94.9101	0.6786997	0.607178	0.392822	5.632346
34692	-1477.494	-1576.069	98.57484	1.205026	0.439404	0.560596	3.264031
34698	-1477.914	-1576.601	98.68661	1.093258	0.439404	0.560596	3.264031
34704	-1477.741	-1574.342	96.60064	0.7233818	0.538561	0.461439	4.671175
34710	-1479.88	-1575.603	95.72288	0.6503996	0.519141	0.480859	5.200189
34716	-1481.591	-1579.28	97.68916	1.029717	0.470692	0.529308	3.881101
34722	-1487.666	-1583.054	95.38739	0.7972779	0.45142	0.54858	5.304419
34728	-1491.004	-1589.779	98.77544	0.7972779	0.55659	0.44341	3.385937
34734	-1490.384	-1588.274	97.88969	0.6844707	0.368014	0.631986	3.964035
34740	-1479.307	-1577.69	98.3829	0.8625525	0.40904	0.59096	3.577018
34746	-1477.14	-1575.558	98.41711	0.8665189	0.40904	0.59096	3.554821
34752	-1470.753	-1568.606	97.85299	0.7044404	0.508839	0.491161	3.973603
34758	-1472.793	-1570.309	97.5166	0.7044404	0.445225	0.554775	4.165364
34764	-1470.432	-1568.152	97.72091	0.901776	0.575015	0.424985	3.936251
34770	-1479.475	-1577.324	97.84872	0.7739747	0.430002	0.569998	3.936251
34776	-1484.289	-1582.601	98.31145	0.7410519	0.430002	0.569998	3.688891
34782	-1499.773	-1596.354	96.58083	0.6047345	0.53838	0.46162	4.748625
34788	-1488.35	-1584.594	96.24397	0.693722	0.53838	0.46162	4.886917
34794	-1491.718	-1587.858	96.13944	0.7982499	0.526936	0.473064	4.886917
34800	-1487.258	-1583.069	95.81104	0.6171467	0.412385	0.587615	5.169805
34806	-1482.574	-1578.187	95.61313	0.6525376	0.355935	0.644065	5.259685
34812	-1485.748	-1580.443	94.6951	0.4512849	0.557582	0.442418	5.874607
34818	-1488.36	-1583.034	94.6744	0.6692761	0.482706	0.517294	5.766691
34824	-1475.034	-1572.208	97.17392	0.6008609	0.482706	0.517294	4.417928
34830	-1483.377	-1580.632	97.25502	0.5908017	0.382465	0.617535	4.377849
34836	-1490.258	-1586.393	96.13479	0.6141133	0.41292	0.58708	4.991944
34842	-1492.215	-1588.249	96.03421	0.7146877	0.378289	0.621711	4.991944
34848	-1491.724	-1589.014	97.29042	0.7035221	0.396779	0.603221	4.294138
34854	-1501.919	-1599.306	97.38709	0.8127955	0.533052	0.466948	4.177383
34860	-1490.085	-1587.348	97.26279	0.6943995	0.354959	0.645041	4.31493
34866	-1487.114	-1584.784	97.66933	0.8990959	0.46671	0.53329	3.967314
34872	-1482.357	-1579.112	96.75523	0.6277009	0.639548	0.360452	4.638177
34878	-1480.917	-1577.869	96.95246	0.8235677	0.45523	0.54477	4.417221
34884	-1487.295	-1584.292	96.99617	0.8026329	0.430198	0.569802	4.404379
34890	-1486.205	-1582.836	96.63164	0.7797162	0.434944	0.565056	4.622246
34896	-1484.039	-1580.388	96.34837	0.6684179	0.409444	0.590556	4.842839
34902	-1477.347	-1573.396	96.04945	0.867144	0.470994	0.529006	4.898666
34908	-1475.071	-1571.936	96.86457	0.9962307	0.471515	0.528485	4.369396
34914	-1476.092	-1571.81	95.7181	0.7586067	0.362896	0.637104	5.142942
34920	-1478.079	-1574.258	96.17965	0.4600834	0.362896	0.637104	5.052564
34926	-1490.765	-1586.869	96.10421	0.776848	0.59905	0.40095	4.91845
34932	-1500.759	-1596.074	95.31557	0.4757017	0.302761	0.697239	5.521139
34938	-1501.294	-1597.375	96.08119	0.555158	0.302761	0.697239	5.054441
34944	-1493.08	-1589.489	96.40847	0.6277421	0.418432	0.581568	4.832006
34950	-1488.639	-1586.993	98.35388	0.8803472	0.596878	0.403122	3.583542
34956	-1482.478	-1579.416	96.93803	0.8084683	0.563358	0.436642	4.433869
34962	-1488.461	-1585.321	96.86011	1.062349	0.5869	0.4131	4.334563
34968	-1473.805	-1571.205	97.40043	0.8594547	0.519931	0.480069	4.143282
34974	-1484.818	-1582.314	97.49572	0.6649345	0.362445	0.637555	4.199657
34980	-1481.623	-1578.593	96.97039	0.6649345	0.571976	0.428024	4.496466
34986	-1492.199	-1589.494	97.29442	0.7305244	0.364738	0.635262	4.276587
34992	-1487.499	-1584.792	97.29266	0.7322872	0.536694	0.463306	4.276587
34998	-1484.974	-1582.162	97.18796	0.8369864	0.486839	0.513161	4.276587
35004	-1480.256	-1577.394	97.13803	0.809745	0.486839	0.513161	4.320252
35010	-1491.864	-1587.168	95.30391	0.9217464	0.371688	0.628312	5.281784
35016	-1491.872	-1586.904	95.03176	0.6298521	0.479346	0.520654	5.592379
35022	-1496.858	-1592.813	95.95515	0.6197556	0.446713	0.553287	5.088525
35028	-1481.123	-1578.786	97.66316	0.8169277	0.428309	0.571691	4.017805
35034	-1489.76	-1586.311	96.55123	0.7924506	0.428309	0.571691	4.660169
35040	-1483.931	-1579.77	95.83924	0.6140501	0.325155	0.674845	5.155908
35046	-1483.955	-1579.73	95.77455	0.6787401	0.513062	0.486938	5.155908
35052	-1496.019	-1594.579	98.5606	0.9403283	0.403166	0.596834	3.428004
35058	-1495.349	-1593.407	98.05717	0.9403283	0.446306	0.553694	3.720686
35064	-1488.036	-1586.081	98.04473	0.9527651	0.544601	0.455399	3.720686
35070	-1498.716	-1596.341	97.62493	0.8841049	0.534284	0.465716	4.00127
35076	-1495.457	-1593.045	97.58729	0.7345627	0.515387	0.484613	4.108025
35082	-1490.231	-1586.178	95.94766	0.8372329	0.372461	0.627539	4.971939
35088	-1484.449	-1579.778	95.32915	0.7548783	0.59704	0.40296	5.359947
35094	-1485.407	-1579.633	94.22651	0.5283223	0.464639	0.535361	6.088248
35100	-1481.614	-1579.244	97.63009	0.9452443	0.421032	0.578968	3.963361
35106	-1476.559	-1573.482	96.92348	0.7534744	0.462994	0.537006	4.473037
35112	-1477.481	-1573.933	96.45203	0.6638881	0.458148	0.541852	4.787531
35118	-1482.677	-1578.46	95.78253	0.6612978	0.431627	0.568373	5.161147
35124	-1482.104	-1576.619	94.51571	0.4777833	0.581885	0.418115	5.958111
35130	-1473.667	-1569.65	95.9834	0.809001	0.496514	0.503486	4.967767
35136	-1484.235	-1579.068	94.83288	0.497666	0.468212	0.531788	5.773882
35142	-1494.603	-1590.547	95.94405	0.6600435	0.34168	0.65832	5.072337
35148	-1492.65	-1590.427	97.77782	0.7262432	0.478072	0.521928	4.004109
35154	-1486.333	-1583.006	96.67277	0.6201434	0.497215	0.502785	4.688593
35160	-1477.246	-1573.078	95.83194	0.6395801	0.363031	0.636969	5.145814
35166	-1492.738	-1589.344	96.60546	0.6713463	0.633587	0.366413	4.697604
35172	-1500.792	-1594.992	94.19948	0.5396006	0.45538	0.54462	6.096823
35178	-1500.607	-1597.106	96.49958	0.6831758	0.497981	0.502019	4.750198
35184	-1483.858	-1578.687	94.82925	0.3738623	0.423502	0.576498	5.8436
35190	-1482.716	-1577.415	94.69865	0.5044611	0.423502	0.576498	5.8436
35196	-1470.686	-1566.609	95.92264	0.5493889	0.496188	0.503812	5.14553
35202	-1468.406	-1563.2	94.79397	0.7297826	0.496188	0.503812	5.668027
35208	-1474.476	-1571.089	96.61275	0.7297826	0.486325	0.513675	4.660807
35214	-1481.232	-1577.552	96.31938	0.5702134	0.56366	0.43634	4.913698
35220	-1472.014	-1568.362	96.34712	0.5354509	0.510032	0.489968	4.917607
35226	-1483.26	-1579.421	96.16059	0.7219833	0.359067	0.640933	4.917607
35232	-1484.194	-1580.979	96.785	0.664668	0.452388	0.547612	4.600756
35238	-1485.705	-1580.185	94.47994	0.664668	0.592641	0.407359	5.875583
35244	-1486.756	-1582.822	96.06584	0.4213099	0.565052	0.434948	5.137159
35250	-1481.584	-1577.053	95.46974	0.4394437	0.409011	0.590989	5.456274
35256	-1481.272	-1579.516	98.24445	0.9676457	0.428106	0.571894	3.596403
35262	-1482.92	-1579.666	96.74614	0.7113448	0.524409	0.475591	4.596372
35268	-1476.004	-1573.032	97.02819	0.7573701	0.524409	0.475591	4.41185
35274	-1484.946	-1580.923	95.9764	0.5361966	0.31651	0.68349	5.123058
35280	-1487.235	-1583.302	96.06715	0.5655636	0.376748	0.623252	5.056459
35286	-1474.004	-1569.191	95.18647	0.4733883	0.376748	0.623252	5.593339
35292	-1478.691	-1573.581	94.88999	0.7698737	0.455696	0.544304	5.593339
35298	-1497.952	-1593.478	95.52561	0.5650976	0.455696	0.544304	5.356261
35304	-1488.438	-1584.817	96.37823	0.5429505	0.415192	0.584808	4.896115
35310	-1500.497	-1597.04	96.54237	0.7122259	0.368673	0.631327	4.71003
35316	-1502.444	-1598.994	96.54999	0.7046083	0.587808	0.412192	4.71003
35322	-1493.668	-1590.028	96.35933	0.7018575	0.534142	0.465858	4.818078
35328	-1497.771	-1593.138	95.36746	0.6063932	0.500267	0.499733	5.420666
35334	-1493.563	-1588.185	94.62166	0.5609044	0.521874	0.478126	5.854834
35340	-1485.692	-1582.307	96.61468	0.689481	0.547261	0.452739	4.682295
35346	-1483.834	-1581.063	97.22933	0.7576087	0.587443	0.412557	4.298099
35352	-1477.711	-1573.292	95.58136	0.7149644	0.404205	0.595795	5.24274
35358	-1479.985	-1575.14	95.15494	0.4131651	0.524986	0.475014	5.643702
35364	-1482.182	-1578.935	96.75306	0.5516463	0.401421	0.598579	4.681991
35370	-1487.433	-1584.683	97.24992	0.8768764	0.548378	0.451622	4.218868
35376	-1493.02	-1590.301	97.28114	0.8456574	0.548378	0.451622	4.218868
35382	-1496.545	-1591.471	94.92634	0.7876468	0.351376	0.648624	5.563613
35388	-1498.863	-1595.82	96.9562	0.8454609	0.633083	0.366917	4.40277
35394	-1490.208	-1585.177	94.96834	0.7034951	0.460186	0.539814	5.586765
35400	-1489.287	-1587.205	97.9172	0.7034951	0.497362	0.502638	3.937392
35406	-1488.457	-1585.069	96.61248	0.5976968	0.455824	0.544176	4.73487
35412	-1491.463	-1588.076	96.61248	0.5976968	0.451024	0.548976	4.73487
35418	-1489.981	-1586.353	96.37144	0.8387383	0.463777	0.536223	4.73487
35424	-1479.881	-1576.083	96.20199	0.538295	0.463777	0.536223	4.996733
35430	-1472.057	-1566.962	94.90468	0.6312319	0.463777	0.536223	5.66136
35436	-1481.493	-1576.836	95.34322	0.6072276	0.466582	0.533418	5.433557
35442	-1483.992	-1581.259	97.26716	0.6072276	0.466582	0.533418	4.361724
35448	-1483.393	-1580.598	97.2048	0.6695816	0.448219	0.551781	4.361724
35454	-1486.449	-1581.235	94.78568	0.5182465	0.574028	0.425972	5.788449
35460	-1495.611	-1591.893	96.28178	0.6192652	0.523916	0.476084	4.907323
35466	-1487.335	-1581.971	94.63634	0.4626384	0.53661	0.46339	5.900512
35472	-1486.78	-1583.923	97.14263	0.7660891	0.536675	0.463325	4.342325
35478	-1489.694	-1586.842	97.14809	0.9490349	0.42816	0.57184	4.235694
35484	-1491.404	-1588.31	96.90539	0.8139361	0.492025	0.507975	4.449181
35490	-1486.843	-1581.86	95.01733	0.6703002	0.557484	0.442516	5.57809
35496	-1489.083	-1585.164	96.08124	0.8052981	0.637093	0.362907	4.915401
35502	-1482.4	-1579.138	96.73873	0.7408614	0.520992	0.479008	4.583969
35508	-1471.276	-1568.015	96.73873	0.7408614	0.494094	0.505906	4.583969
35514	-1468.615	-1564.315	95.70029	0.5523323	0.493086	0.506914	5.26689
35520	-1478.03	-1575.134	97.10402	0.7485161	0.498916	0.501084	4.374059
35526	-1479.845	-1576.949	97.10402	0.7485161	0.396718	0.603282	4.374059
35532	-1485.633	-1582.575	96.94211	0.8308099	0.403232	0.596768	4.418973
35538	-1477.763	-1572.896	95.13296	0.4623222	0.560377	0.439623	5.628785
35544	-1478.504	-1573.247	94.74243	0.36731	0.439275	0.560725	5.894636
35550	-1476.991	-1572.177	95.18543	0.6166611	0.5102	0.4898	5.515189
35556	-1477.766	-1572.602	94.83661	0.5600388	0.363676	0.636324	5.737688
35562	-1489.274	-1584.917	95.6433	0.5856942	0.574015	0.425985	5.279941
35568	-1476.055	-1570.209	94.15348	0.4497249	0.428091	0.571909	6.170791
35574	-1485.429	-1581.344	95.91456	0.6406256	0.433119	0.566881	5.099456
35580	-1485.33	-1581.987	96.65704	0.6406256	0.39089	0.60911	4.68593
35586	-1478.475	-1575.072	96.59651	0.7011616	0.484351	0.515649	4.68593
35592	-1469.073	-1564.796	95.72328	0.6295341	0.521795	0.478205	5.211507
35598	-1469.815	-1565.479	95.66467	0.6415489	0.564586	0.435414	5.237273
35604	-1477.375	-1571.949	94.57457	0.4065301	0.494383	0.505617	5.964874
35610	-1478.536	-1575.812	97.27623	0.7479542	0.492761	0.507239	4.277015
35616	-1494.012	-1591.28	97.26816	0.7560262	0.504832	0.495168	4.277015
35622	-1485.988	-1580.68	94.69209	0.4812265	0.504832	0.495168	5.859889
35628	-1487.717	-1582.684	94.96693	0.4323417	0.604411	0.395589	5.736251
35634	-1490.012	-1585.277	95.26467	0.5391972	0.5157	0.4843	5.514214
35640	-1489.227	-1586.413	97.18548	0.6211668	0.349384	0.650616	4.399956
35646	-1481.838	-1577.785	95.94732	0.6665056	0.349384	0.650616	5.066939
35652	-1478.941	-1573.517	94.57593	0.5562882	0.456642	0.543358	5.88235
35658	-1477.627	-1571.377	93.7499	0.4585576	0.329725	0.670275	6.38525
35664	-1481.362	-1577.713	96.35066	0.9646369	0.54062	0.45938	4.676064
35670	-1487.21	-1581.741	94.53085	0.6402654	0.525232	0.474768	5.86109
35676	-1488.537	-1585.524	96.98675	0.7283862	0.525232	0.474768	4.45154
35682	-1500.579	-1597.009	96.42978	0.5553147	0.609122	0.390878	4.860505
35688	-1501.599	-1598.544	96.94532	0.8578606	0.561489	0.438511	4.401913
35694	-1490.559	-1586.26	95.70096	0.6510596	0.434092	0.565908	5.21195
35700	-1484.943	-1579.691	94.74798	0.71893	0.430594	0.569406	5.699191
35706	-1491.402	-1585.958	94.55526	0.4964668	0.430594	0.569406	5.926323
35712	-1479.987	-1575.122	95.13483	0.5538483	0.440804	0.559196	5.577512
35718	-1482.669	-1577.775	95.10597	0.5827136	0.440804	0.559196	5.577512
35724	-1479.448	-1575.928	96.47962	0.5321614	0.547901	0.452099	4.845632
35730	-1493.3	-1588.539	95.23929	0.5799831	0.309691	0.690309	5.50574
35736	-1495.862	-1591.009	95.14647	0.6728031	0.558193	0.441807	5.50574
35742	-1482.514	-1579.52	97.00651	0.6802831	0.578955	0.421045	4.467497
35748	-1490.529	-1586.433	95.90397	0.6135018	0.581221	0.418779	5.12036
35754	-1486.54	-1581.298	94.75785	0.4467659	0.609528	0.390472	5.842779
35760	-1489.766	-1584.504	94.73841	0.4081514	0.327151	0.672849	5.874513
35766	-1491.804	-1587.924	96.11976	0.2682404	0.42637	0.57363	5.192047
35772	-1487.382	-1584.33	96.94833	0.9424079	0.495392	0.504608	4.352485
35778	-1488.343	-1586.268	97.92475	0.8106997	0.504098	0.495902	3.871591
35784	-1489.941	-1585.675	95.73371	0.5288384	0.443043	0.556957	5.26141
35790	-1492.439	-1589.853	97.41395	0.7788423	0.446852	0.553148	4.181412
35796	-1500.696	-1598.11	97.41395	0.7788423	0.456711	0.543289	4.181412
35802	-1489.177	-1587.061	97.8835	0.7164904	0.498492	0.501508	3.949248
35808	-1487.524	-1585.356	97.83275	0.7672431	0.446342	0.553658	3.949248
35814	-1487.082	-1583.465	96.38375	0.5513826	0.508854	0.491146	4.88834
35820	-1491.04	-1587.248	96.20762	0.4200087	0.61776	0.38224	5.059281
35826	-1480.18	-1576.074	95.89426	0.4857891	0.490782	0.509218	5.196444
35832	-1480.806	-1577.717	96.91116	0.6517636	0.275279	0.724721	4.537173
35838	-1478.741	-1575.409	96.66827	0.8946538	0.473467	0.526533	4.537173
35844	-1474.837	-1572.389	97.5521	0.7399761	0.479884	0.520116	4.124974
35850	-1487.466	-1582.165	94.6988	0.4482763	0.572257	0.427743	5.874231
35856	-1493.475	-1588.011	94.53536	0.5327979	0.612046	0.387954	5.917349
35862	-1495.721	-1590.729	95.00786	0.3942416	0.602545	0.397455	5.734698
35868	-1490.136	-1587.76	97.62366	0.6798597	0.557274	0.442726	4.118462
35874	-1481.113	-1577.459	96.34635	0.5886531	0.425722	0.574278	4.888414
35880	-1492.738	-1588.88	96.14216	0.7928462	0.425722	0.574278	4.888414
35886	-1491.925	-1588.062	96.13745	0.6298938	0.551847	0.448153	4.981693
35892	-1485.727	-1583.525	97.79822	0.7914673	0.441288	0.558712	3.95515
35898	-1490.78	-1585.625	94.84494	0.7175909	0.441288	0.558712	5.646759
35904	-1486.365	-1582.23	95.86532	0.5251229	0.39872	0.60128	5.190692
35910	-1479.188	-1575.616	96.42845	0.5068977	0.374185	0.625815	4.888221
35916	-1482.089	-1579.376	97.28666	0.7043278	0.534793	0.465207	4.295806
35922	-1486.098	-1583.667	97.5695	0.6471466	0.562418	0.437582	4.167861
35928	-1479.021	-1577.829	98.8075	0.9178696	0.456297	0.543703	3.29618
35934	-1488.018	-1586.496	98.47734	0.941611	0.456297	0.543703	3.475941
35940	-1490.209	-1586.709	96.49947	0.6806712	0.419622	0.580378	4.751659
35946	-1477.986	-1574.193	96.20699	0.7115303	0.554947	0.445053	4.897596
35952	-1483.36	-1579.06	95.70045	0.7664332	0.337997	0.662003	5.148384
35958	-1484.019	-1579.219	95.20008	0.7664332	0.337997	0.662003	5.424708
35964	-1480.639	-1577.075	96.43655	0.620056	0.326226	0.673774	4.820633
35970	-1489.776	-1586.016	96.24041	0.5595551	0.617511	0.382489	4.963563
35976	-1488.582	-1583.881	95.29965	0.6038745	0.493461	0.506539	5.459386
35982	-1480.912	-1576.438	95.52625	0.6607374	0.493461	0.506539	5.303135
35988	-1486.322	-1581.891	95.56944	0.6175463	0.493461	0.506539	5.303135
35994	-1488.345	-1583.232	94.88627	0.4352945	0.410644	0.589356	5.778799
36000	-1486.146	-1581.758	95.61223	0.4090581	0.410644	0.589356	5.394528
36006	-1482.305	-1577.687	95.38261	0.6007317	0.491286	0.508714	5.415438
36012	-1477.483	-1572.758	95.27419	0.709149	0.495605	0.504395	5.415438
36018	-1479.334	-1576.374	97.03962	0.7791189	0.506484	0.493516	4.393132
36024	-1476.527	-1573.283	96.75581	0.7779821	0.48004	0.51996	4.553541
36030	-1476.339	-1573.739	97.39972	0.8273202	0.509262	0.490738	4.161955
36036	-1477.703	-1574.458	96.75532	0.8273202	0.53447	0.46553	4.526089
36042	-1484.996	-1582.802	97.80592	0.9173732	0.476955	0.523045	3.878569
36048	-1494.022	-1591.533	97.51112	0.7292969	0.446642	0.553358	4.154351
36054	-1494.343	-1588.386	94.04326	0.4447625	0.443995	0.556005	6.233434
36060	-1493.601	-1587.649	94.04859	0.4064032	0.38389	0.61611	6.251384
36066	-1493.507	-1588.85	95.34303	0.5241829	0.35811	0.64189	5.479371
36072	-1490.792	-1587.245	96.45274	0.7989078	0.339695	0.660305	4.711681
36078	-1487.944	-1585.136	97.19143	0.770245	0.32371	0.67629	4.312391
36084	-1482.455	-1579.664	97.20911	0.7525611	0.467535	0.532465	4.312391
36090	-1495.359	-1589.247	93.88777	0.3783778	0.553493	0.446507	6.353944
36096	-1491.573	-1585.987	94.41347	0.6171992	0.551738	0.448262	5.937821
36102	-1481.437	-1577.164	95.72686	0.7125495	0.482972	0.517028	5.163596
36108	-1481.402	-1577.845	96.44228	0.6406643	0.482972	0.517028	4.805934
36114	-1482.121	-1578.139	96.01857	0.4127109	0.624458	0.375542	5.168091
36120	-1481.858	-1577.467	95.60945	0.7715943	0.441437	0.558563	5.195894
36126	-1485.459	-1584.189	98.73017	0.9437018	0.437768	0.562232	3.32651
36132	-1487.901	-1583.982	96.08063	0.6913977	0.560897	0.439103	4.979091
36138	-1484.69	-1581.389	96.69861	0.6913977	0.560897	0.439103	4.634209
36144	-1485.991	-1582.726	96.73513	0.6548852	0.38113	0.61887	4.634209
36150	-1482.166	-1578.108	95.94191	0.6762861	0.453774	0.546226	5.064515
36156	-1486.864	-1583.387	96.52367	0.6448966	0.453774	0.546226	4.758124
36162	-1486.074	-1582.534	96.4605	0.7080657	0.44363	0.55637	4.758124
36168	-1493.804	-1592.088	98.28406	0.781875	0.400697	0.599303	3.681122
36174	-1492.516	-1589.256	96.73944	0.5954824	0.448942	0.551058	4.665072
36180	-1484.488	-1582.716	98.22815	0.6913907	0.488121	0.511879	3.765673
36186	-1481.142	-1577.577	96.43461	0.7419493	0.501939	0.498061	4.753659
36192	-1476.789	-1573.318	96.52906	0.614174	0.501939	0.498061	4.772274
36198	-1476.593	-1573.119	96.52582	0.6174233	0.501939	0.498061	4.772274
36204	-1490.089	-1585.516	95.42629	0.7425054	0.421452	0.578548	5.313179
36210	-1490.756	-1587.831	97.07519	0.9143354	0.398325	0.601675	4.296633
36216	-1481.209	-1578.517	97.308	0.6815298	0.528792	0.471208	4.296633
36222	-1476.233	-1573.871	97.6384	0.6815298	0.495463	0.504537	4.10912
36228	-1476.527	-1574.165	97.6384	0.6815298	0.496068	0.503932	4.10912
36234	-1481.075	-1578.653	97.57758	0.7423515	0.51215	0.48785	4.10912
36240	-1482.517	-1578.529	96.0118	0.743852	0.35404	0.64596	4.98819
36246	-1473.864	-1569.949	96.08504	0.6706122	0.487188	0.512812	4.98819
36252	-1485.593	-1582.216	96.62284	0.7698841	0.608464	0.391536	4.632689
36258	-1476.881	-1573.393	96.51179	0.6163343	0.421162	0.578838	4.780713
36264	-1477.283	-1573.713	96.43005	0.6980794	0.421162	0.578838	4.780713
36270	-1484.367	-1580.972	96.60501	0.4802964	0.421162	0.578838	4.804619
36276	-1479.104	-1576.557	97.45337	0.6148791	0.326928	0.673072	4.252058
36282	-1484.838	-1581.76	96.9221	0.6235211	0.429682	0.570318	4.546891
36288	-1477.218	-1573.057	95.83917	0.5707755	0.504023	0.495977	5.179904
36294	-1485.34	-1581.557	96.21701	0.5202561	0.504023	0.495977	4.998408
36300	-1492.154	-1584.369	92.21481	0.707993	0.437775	0.562225	7.079694
36306	-1496.533	-1593.706	97.17336	0.7523193	0.479477	0.520523	4.332745
36312	-1492.687	-1589.657	96.96912	0.9565512	0.479477	0.520523	4.332745
36318	-1487.168	-1583.245	96.07782	0.6910341	0.420146	0.579854	4.980855
36324	-1477.731	-1575.896	98.16468	1.00929	0.388301	0.611699	3.618532
36330	-1489.67	-1587.996	98.32541	0.9205217	0.527189	0.472811	3.576742
36336	-1491.515	-1588.437	96.92222	0.7983635	0.422604	0.577396	4.448473
36342	-1484.335	-1580.919	96.58487	0.5361018	0.53709	0.46291	4.784711
36348	-1489.403	-1585.671	96.26728	0.5875061	0.419374	0.580626	4.933071
36354	-1487.186	-1582.861	95.67515	0.5085352	0.468731	0.531269	5.304958
36360	-1486.209	-1581.082	94.87274	0.7578461	0.364836	0.635164	5.60941
36366	-1487.102	-1581.025	93.92302	0.308666	0.567868	0.432132	6.372649
36372	-1496.828	-1593.725	96.89702	0.449654	0.515963	0.484037	4.658491
36378	-1488.349	-1584.964	96.61515	0.5830353	0.449841	0.550159	4.741573
36384	-1487.113	-1583.297	96.18392	0.5387867	0.449841	0.550159	5.006499
36390	-1481.386	-1577.144	95.75852	0.5427147	0.514287	0.485713	5.24003
36396	-1483.843	-1580.254	96.41176	0.5822158	0.428591	0.571409	4.855555
36402	-1489.122	-1585.502	96.37956	0.6144195	0.513444	0.486556	4.855555
36408	-1499.144	-1595.63	96.48601	0.5400989	0.588896	0.411104	4.837642
36414	-1494.398	-1591.322	96.92371	0.6549254	0.559709	0.440291	4.528343
36420	-1490.597	-1588.02	97.42362	0.7003158	0.352072	0.647928	4.22049
36426	-1483.8	-1581.696	97.8958	0.883683	0.380922	0.619078	3.846296
36432	-1488.012	-1587.084	99.0725	0.883683	0.596314	0.403686	3.159613
36438	-1488.864	-1585.868	97.00331	0.8148107	0.614583	0.385417	4.393485
36444	-1482.787	-1580.452	97.66511	0.8601768	0.456199	0.543801	3.991985
36450	-1479.37	-1575.968	96.59822	0.6353165	0.405726	0.594274	4.721808
36456	-1484.524	-1581.177	96.65243	0.581105	0.418875	0.581125	4.721808
36462	-1480.894	-1578.495	97.60087	0.6714765	0.427616	0.572384	4.136196
36468	-1476.481	-1572.269	95.78829	0.5970867	0.47304	0.52696	5.193499
36474	-1477.051	-1573.079	96.02766	0.7495857	0.47304	0.52696	4.976189
36480	-1479.496	-1575.88	96.38403	0.393221	0.47304	0.52696	4.976189
36486	-1480.344	-1578.278	97.93328	0.7270245	0.453735	0.546265	3.914696
36492	-1486.838	-1585.717	98.87902	0.7815321	0.445777	0.554223	3.334343
36498	-1480.126	-1576.701	96.57503	0.7573771	0.412094	0.587906	4.666481
36504	-1473.953	-1570.573	96.61981	0.7125976	0.425397	0.574603	4.666481
36510	-1483.405	-1580.159	96.7537	0.5972383	0.565324	0.434676	4.6561
36516	-1487.66	-1585.143	97.48238	0.7355454	0.516638	0.483362	4.167135
36522	-1475.358	-1571.607	96.24981	0.596207	0.516638	0.483362	4.93795
36528	-1478.841	-1574.736	95.89561	0.709096	0.516638	0.483362	5.071998
36534	-1473.969	-1569.987	96.01843	0.5862734	0.516638	0.483362	5.071998
36540	-1481.963	-1576.836	94.87304	0.7421708	0.516638	0.483362	5.617849
36546	-1482.759	-1578.042	95.28265	0.7421708	0.455043	0.544957	5.392585
36552	-1476.16	-1571.129	94.96919	0.4913343	0.554484	0.445516	5.702687
36558	-1474.781	-1570.494	95.71286	0.4620709	0.479214	0.520786	5.309795
36564	-1479.488	-1576.044	96.55552	0.4269736	0.479214	0.520786	4.861957
36570	-1476.442	-1571.821	95.37905	0.5542826	0.402683	0.597317	5.442977
36576	-1477.383	-1574.925	97.54164	0.9169863	0.524038	0.475962	4.030057
36582	-1478.446	-1576.211	97.76408	0.9705564	0.39186	0.60814	3.872058
36588	-1476.506	-1573.181	96.6753	0.7292223	0.423103	0.576897	4.626074
36594	-1472.312	-1568.894	96.58158	0.7270597	0.423103	0.576897	4.679786
36600	-1479.401	-1574.557	95.15632	0.670014	0.548467	0.451533	5.501856
36606	-1485.282	-1582.143	96.86144	0.7832813	0.465073	0.534927	4.491181
36612	-1481.485	-1578.579	97.09373	0.7720706	0.465073	0.534927	4.366573
36618	-1480.542	-1577.375	96.83312	0.754226	0.471949	0.528051	4.523444
36624	-1482.591	-1580.684	98.09312	0.9472246	0.452634	0.547366	3.695926
36630	-1481.044	-1579.577	98.53338	0.9873449	0.452634	0.547366	3.416413
36636	-1474.606	-1572.224	97.61837	1.010552	0.441016	0.558984	3.932681
36642	-1480.731	-1578.471	97.74029	0.9038951	0.450143	0.549857	3.923938
36648	-1478.628	-1574.936	96.30802	0.8173787	0.557205	0.442795	4.782238
36654	-1485.338	-1580.655	95.31742	0.8583007	0.601469	0.398531	5.309356
36660	-1491.412	-1588.547	97.13525	0.7170738	0.497332	0.502668	4.374179
36666	-1483.251	-1580.283	97.03197	0.8203511	0.560081	0.439919	4.374179
36672	-1492.284	-1588.073	95.78934	0.5784195	0.417537	0.582463	5.203246
36678	-1477.524	-1573.823	96.29882	0.5483688	0.438578	0.561422	4.937297
36684	-1483.137	-1579.399	96.26238	0.584807	0.438578	0.561422	4.937297
36690	-1487.537	-1582.694	95.15674	0.5365899	0.366701	0.633299	5.574962
36696	-1484.638	-1579.172	94.53425	0.5365899	0.491341	0.508659	5.915879
36702	-1491.004	-1586.037	95.03267	0.360455	0.440686	0.559314	5.739614
36708	-1489.571	-1586.978	97.40733	0.7564802	0.407743	0.592257	4.197862
36714	-1484.217	-1581.316	97.09897	0.6711546	0.407743	0.592257	4.420554
36720	-1486.875	-1582.385	95.50986	0.5359513	0.457822	0.542178	5.381016
36726	-1480.522	-1575.933	95.41017	0.6356361	0.385563	0.614437	5.381016
36732	-1487.396	-1583.177	95.78065	0.5412784	0.470011	0.529989	5.228588
36738	-1484.296	-1579.625	95.32935	0.5334636	0.598181	0.401819	5.481789
36744	-1488.087	-1582.211	94.12304	0.424699	0.558478	0.441522	6.200966
36750	-1482.484	-1577.85	95.36564	0.7460996	0.464088	0.535912	5.34466
36756	-1474.431	-1569.514	95.08345	0.5013507	0.464088	0.535912	5.634541
36762	-1482.609	-1577.906	95.29689	0.4981041	0.335729	0.664271	5.519093
36768	-1486.722	-1582.311	95.58866	0.5939744	0.60592	0.39408	5.305539
36774	-1487.143	-1583.753	96.60977	0.7293032	0.449249	0.550751	4.662747
36780	-1494.409	-1591.356	96.94685	0.6382588	0.476245	0.523755	4.524703
36786	-1501.017	-1598.103	97.08581	0.7269092	0.476245	0.523755	4.396531
36792	-1487.652	-1583.176	95.52469	0.6452907	0.547489	0.452511	5.312525
36798	-1493.481	-1590.069	96.58777	0.6586317	0.526067	0.473933	4.714616
36804	-1491.022	-1588.08	97.0587	0.5664564	0.560886	0.439114	4.502183
36810	-1489.059	-1585.819	96.76036	0.6372253	0.38917	0.61083	4.629961
36816	-1483.66	-1580.436	96.77544	0.6221459	0.403274	0.596726	4.629961
36822	-1491.391	-1590.6	99.20929	0.8254154	0.492406	0.507594	3.112906
36828	-1490.096	-1587.885	97.78834	1.017852	0.426523	0.573477	3.830939
36834	-1490.975	-1588.78	97.8043	1.011272	0.45977	0.54023	3.825544
36840	-1491.959	-1588.591	96.63173	0.9181512	0.488282	0.511718	4.5445
36846	-1487.484	-1584.409	96.92529	0.599064	0.488282	0.511718	4.558838
36852	-1481.714	-1578.2	96.48538	0.7596299	0.450723	0.549277	4.715394
36858	-1479.148	-1576.183	97.03569	0.6362825	0.440483	0.559517	4.475843
36864	-1477.1	-1574.142	97.04221	0.6297603	0.553379	0.446621	4.475843
36870	-1491.803	-1589.257	97.45363	0.9011672	0.449728	0.550272	4.089264
36876	-1478.153	-1574.32	96.16654	0.834041	0.35209	0.64791	4.851873
36882	-1479.762	-1576.888	97.12602	0.5666188	0.541408	0.458592	4.464207
36888	-1479.363	-1576.268	96.90424	0.485939	0.444909	0.555091	4.634114
36894	-1474.07	-1569.371	95.30067	0.4690833	0.522424	0.477576	5.532967
36900	-1467.837	-1565.047	97.2107	0.6535798	0.563552	0.436448	4.367427
36906	-1489.667	-1586.123	96.45602	0.8781462	0.564425	0.435575	4.665496
36912	-1477.706	-1573.801	96.09471	0.6376671	0.424492	0.575508	5.001124
36918	-1478.437	-1574.378	95.941	0.791376	0.403275	0.596725	5.001124
36924	-1470.786	-1567.276	96.49035	0.791376	0.403275	0.596725	4.694854
36930	-1481.151	-1577.628	96.47717	0.8045506	0.502439	0.497561	4.694854
36936	-1482.361	-1579.884	97.52323	0.7157492	0.542093	0.457907	4.155167
36942	-1486.481	-1584.092	97.61193	0.8485123	0.490809	0.509191	4.029021
36948	-1484.324	-1582.567	98.24361	0.5726019	0.506739	0.493261	3.825177
36954	-1485.6	-1581.449	95.84927	0.7975649	0.506739	0.493261	5.04862
36960	-1492.112	-1588.985	96.87262	0.6412555	0.57353	0.42647	4.564723
36966	-1482.317	-1577.844	95.52673	0.6491764	0.521396	0.478604	5.309253
36972	-1479.81	-1575.71	95.89977	0.601055	0.531212	0.468788	5.129584
36978	-1479.427	-1575.287	95.85989	0.6409308	0.558047	0.441953	5.129584
36984	-1476.565	-1571.662	95.09701	0.6409308	0.450048	0.549952	5.55045
36990	-1493.111	-1588.72	95.60894	0.7055534	0.500605	0.499395	5.232697
36996	-1494	-1588.282	94.28252	0.6070433	0.500605	0.499395	6.014813
37002	-1496.001	-1592.469	96.46789	0.3889253	0.498932	0.501068	4.931942
37008	-1488.309	-1583.931	95.62264	0.6495752	0.503217	0.496783	5.256065
37014	-1482.068	-1577.741	95.67315	0.5990701	0.566173	0.433827	5.256065
37020	-1486.392	-1583.068	96.67576	0.5990701	0.599468	0.400532	4.698711
37026	-1478.177	-1574.148	95.97159	0.437003	0.370184	0.629816	5.18065
37032	-1480.464	-1576.188	95.72393	0.6846619	0.563441	0.436559	5.18065
37038	-1477.538	-1574.169	96.6306	0.9186006	0.563441	0.436559	4.544882
37044	-1481.459	-1577.395	95.93624	0.9186006	0.468113	0.531887	4.933039
37050	-1470.198	-1566.468	96.26956	0.6298775	0.468113	0.531887	4.908221
37056	-1479.369	-1575.84	96.47058	0.4288499	0.553704	0.446296	4.908221
37062	-1473.707	-1570.463	96.75522	0.6217354	0.522186	0.477814	4.641523
37068	-1472.138	-1568.38	96.24165	0.8108252	0.522186	0.477814	4.822937
37074	-1471.44	-1569.079	97.63908	0.8108252	0.489108	0.510892	4.035037
37080	-1483.564	-1580.775	97.21124	0.7837081	0.421059	0.578941	4.293568
37086	-1483.303	-1579.885	96.582	0.6342678	0.516779	0.483221	4.731465
37092	-1493.284	-1589.755	96.47097	0.3462741	0.503026	0.496974	4.953952
37098	-1488.407	-1585.114	96.70706	0.5821143	0.503026	0.496974	4.690682
37104	-1486.755	-1580.746	93.99073	0.5153783	0.472872	0.527128	6.223604
37110	-1481.644	-1578.402	96.75723	0.5884133	0.517811	0.482189	4.659069
37116	-1484.628	-1581.693	97.06494	0.5786822	0.484619	0.515381	4.491799
37122	-1488.789	-1585.421	96.63221	0.6327725	0.474272	0.525728	4.704223
37128	-1490.479	-1586.681	96.20225	0.7610877	0.479774	0.520226	4.872628
37134	-1477.309	-1572.897	95.58813	0.4141183	0.611775	0.388225	5.405022
37140	-1478.547	-1575.124	96.5775	0.6631056	0.453129	0.546871	4.717854
37146	-1487.655	-1584.325	96.66989	0.5707242	0.372414	0.627586	4.717854
37152	-1475.728	-1571.422	95.69436	0.5089825	0.555232	0.444768	5.294108
37158	-1478.089	-1574.649	96.55999	0.7412775	0.42045	0.57955	4.683914
37164	-1489.159	-1588.493	99.33365	0.8277584	0.370186	0.629814	3.037255
37170	-1479.66	-1577.039	97.37892	0.7469757	0.433923	0.566077	4.219378
37176	-1473.975	-1571.435	97.45979	0.6508833	0.433923	0.566077	4.228011
37182	-1476.479	-1573.938	97.45916	0.6756439	0.420069	0.579931	4.214327
37188	-1474.804	-1572.129	97.32497	0.6936534	0.519394	0.480606	4.280165
37194	-1494.064	-1591.893	97.82949	0.8880946	0.4778	0.5222	3.881844
37200	-1483.767	-1579.618	95.85057	0.7289018	0.372711	0.627289	5.085993
37206	-1484.231	-1580.194	95.96302	0.5024355	0.372711	0.627289	5.149173
37212	-1480.433	-1575.49	95.05639	0.4505697	0.516173	0.483827	5.677233
37218	-1476.652	-1572.435	95.78277	0.5602862	0.517247	0.482753	5.216908
37224	-1488.008	-1584.315	96.30634	0.6976062	0.597034	0.402966	4.849997
37230	-1481.321	-1578.768	97.44712	0.6439591	0.446447	0.553553	4.23912
37236	-1478.971	-1576.345	97.37393	0.7171506	0.476622	0.523378	4.23912
37242	-1473.815	-1573.007	99.19202	0.9040056	0.605496	0.394504	3.076341
37248	-1474.546	-1571.841	97.29446	0.7467863	0.387034	0.612966	4.267355
37254	-1477.313	-1575.031	97.71875	0.6510029	0.445081	0.554919	4.080748
37260	-1473.516	-1568.356	94.84063	0.7396823	0.414236	0.585764	5.637003
37266	-1480.249	-1576.509	96.26027	0.5823969	0.370977	0.629023	4.939813
37272	-1488.708	-1585.371	96.66307	0.7047288	0.471465	0.528535	4.646658
37278	-1484.596	-1581.318	96.72166	0.7397703	0.471465	0.528535	4.594158
37284	-1483.818	-1581.424	97.60613	0.7926322	0.481771	0.518229	4.064212
37290	-1491.558	-1587.525	95.96694	0.5022384	0.624726	0.375274	5.147109
37296	-1488.201	-1584.623	96.42111	0.6292872	0.352577	0.647423	4.824097
37302	-1480.065	-1575.728	95.66282	0.7477279	0.348467	0.651533	5.179567
37308	-1475.643	-1573.195	97.55116	0.7102244	0.466595	0.533405	4.142432
37314	-1482.075	-1578.966	96.89048	0.6906029	0.544833	0.455167	4.526968
37320	-1485.752	-1581.23	95.47752	0.7817046	0.57834	0.42166	5.263242
37326	-1475.944	-1570.957	95.01223	0.6840094	0.481985	0.518015	5.573363
37332	-1486.191	-1581.901	95.70989	0.283097	0.541026	0.458974	5.410126
37338	-1485.844	-1581.74	95.89531	0.4559448	0.488682	0.511318	5.212372
37344	-1478.209	-1576.022	97.81285	0.9083193	0.488172	0.511828	3.879787
37350	-1484.674	-1582.137	97.46308	1.103011	0.488172	0.511828	3.96865
37356	-1482.044	-1579.593	97.54968	0.9088498	0.368573	0.631427	4.030115
37362	-1492.749	-1589.147	96.39748	0.5510184	0.527126	0.472874	4.880896
37368	-1480.007	-1576.214	96.20685	0.5510184	0.435274	0.564726	4.986963
37374	-1474.535	-1569.921	95.38542	0.5879419	0.36467	0.63533	5.420934
37380	-1484.081	-1579.094	95.01315	0.5592524	0.378285	0.621715	5.641339
37386	-1479.224	-1575.997	96.77309	0.5352995	0.525192	0.474808	4.67993
37392	-1480.698	-1577.892	97.19386	0.6084909	0.410544	0.589456	4.402379
37398	-1475.637	-1571.419	95.78291	0.6205013	0.450617	0.549383	5.183518
37404	-1477.187	-1572.835	95.64833	0.4523064	0.540335	0.459665	5.350786
37410	-1474.917	-1571.294	96.37721	0.4751585	0.540335	0.459665	4.934414
37416	-1472.521	-1568.736	96.21501	0.6373555	0.393606	0.606394	4.934414
37422	-1479.562	-1574.935	95.37241	0.766042	0.557676	0.442324	5.329926
37428	-1475.434	-1573.14	97.70618	0.671177	0.490138	0.509862	4.076411
37434	-1474.119	-1571.347	97.22797	0.824664	0.490138	0.509862	4.260908
37440	-1482.546	-1580.282	97.73591	0.8748885	0.420281	0.579719	3.943059
37446	-1485.662	-1583.398	97.73591	0.8748885	0.422718	0.577282	3.943059
37452	-1477.052	-1571.905	94.85346	0.4811559	0.443005	0.556995	5.771651
37458	-1476.158	-1570.764	94.60621	0.3774181	0.443005	0.556995	5.963497
37464	-1479.31	-1574.091	94.78128	0.2108456	0.492479	0.507521	5.958861
37470	-1476.984	-1571.524	94.54097	0.4511459	0.508579	0.491421	5.958861
37476	-1476.582	-1570.477	93.89501	0.4352315	0.520377	0.479623	6.319153
37482	-1476.937	-1572.002	95.06475	0.5297379	0.386912	0.613088	5.629224
37488	-1481.718	-1576.154	94.43543	0.609071	0.41611	0.58389	5.930265
37494	-1482.773	-1578.546	95.77371	0.4379329	0.458712	0.541288	5.289526
37500	-1477.05	-1573.527	96.47713	0.5962911	0.53002	0.46998	4.811251
37506	-1475.383	-1571.812	96.42904	0.6443839	0.454805	0.545195	4.811251
37512	-1476.48	-1572.882	96.40227	0.6711536	0.489395	0.510605	4.811251
37518	-1477.031	-1572.753	95.72169	0.5260619	0.417085	0.582915	5.26958
37524	-1487.739	-1581.758	94.01912	0.4821276	0.552836	0.447164	6.226246
37530	-1492.798	-1587.352	94.55391	0.4066088	0.552836	0.447164	5.976106
37536	-1485.457	-1580.63	95.17275	0.3996786	0.501464	0.498536	5.64133
37542	-1490.412	-1585.96	95.54878	0.685257	0.36801	0.63199	5.277157
37548	-1493.005	-1588.624	95.61961	0.4226371	0.367668	0.632332	5.38298
37554	-1489.737	-1585.901	96.16356	0.5712716	0.407156	0.592844	4.999763
37560	-1493.459	-1589.883	96.4243	0.6312454	0.461655	0.538345	4.821223
37566	-1480.405	-1575.469	95.0636	0.5678633	0.535903	0.464097	5.60893
37572	-1478.686	-1575.011	96.32534	0.7135272	0.419414	0.580586	4.830525
37578	-1483.68	-1579.084	95.40461	0.6409333	0.419414	0.580586	5.381162
37584	-1485.315	-1582.16	96.84507	0.8105113	0.395943	0.604057	4.485068
37590	-1485.032	-1582.498	97.46609	0.8735998	0.36658	0.63342	4.097873
37596	-1475.207	-1572.252	97.04539	0.8881901	0.521751	0.478249	4.328279
37602	-1485.991	-1581.913	95.92274	0.7601221	0.392863	0.607137	5.028625
37608	-1483.691	-1578.378	94.68725	0.5684745	0.392863	0.607137	5.814825
37614	-1493.249	-1591.163	97.91371	1.036494	0.527456	0.472544	3.747991
37620	-1481.498	-1577.727	96.22897	0.5761337	0.423464	0.576536	4.960702
37626	-1480.23	-1575.589	95.35888	0.5977251	0.45989	0.54011	5.430163
37632	-1482.886	-1578.252	95.36605	0.5692051	0.514383	0.485617	5.441919
37638	-1486.426	-1581.173	94.74759	0.7170541	0.514383	0.485617	5.700429
37644	-1493.239	-1589.852	96.61249	0.5682835	0.512775	0.487225	4.751307
37650	-1502.554	-1596.411	93.85692	0.6044232	0.60208	0.39792	6.247934
37656	-1494.6	-1589.935	95.33419	0.4009162	0.614009	0.385991	5.552006
37662	-1493.09	-1588.521	95.43177	0.7398937	0.490894	0.509106	5.311594
37668	-1504.098	-1599.874	95.77582	0.6521004	0.490894	0.509106	5.169954
37674	-1480.319	-1575.799	95.48087	0.602073	0.642328	0.357672	5.360542
37680	-1485.936	-1581.707	95.77141	0.6713387	0.496453	0.503547	5.161747
37686	-1474.793	-1570.471	95.6785	0.7642423	0.537027	0.462973	5.161747
37692	-1483.206	-1579.484	96.27797	0.6835237	0.474559	0.525441	4.873655
37698	-1473.815	-1570.089	96.274	0.8347488	0.436208	0.563792	4.791531
37704	-1480.443	-1576.613	96.17009	0.7037414	0.436208	0.563792	4.92247
37710	-1476.82	-1572.942	96.12161	0.7522289	0.437294	0.562706	4.92247
37716	-1482.537	-1579.476	96.93888	0.7449356	0.505252	0.494748	4.469174
37722	-1478.458	-1573.499	95.04072	0.8230054	0.505252	0.494748	5.481288
37728	-1477.619	-1573.882	96.26333	0.7794296	0.505252	0.494748	4.828356
37734	-1477.667	-1573.76	96.09237	0.5137133	0.47287	0.52713	5.071231
37740	-1496.729	-1591.547	94.81884	0.3448654	0.47977	0.52023	5.865143
37746	-1482.571	-1580.207	97.63607	0.7890205	0.44513	0.55487	4.049197
37752	-1479.258	-1576.782	97.52441	0.6711552	0.434745	0.565255	4.179836
37758	-1490.107	-1587.769	97.66172	0.7092999	0.379487	0.620513	4.080025
37764	-1492.475	-1589.282	96.80637	0.6564905	0.378666	0.621334	4.593358
37770	-1494.035	-1589.917	95.88257	0.6879729	0.473556	0.526444	5.090941
37776	-1491.263	-1589.431	98.16771	0.850715	0.54995	0.45005	3.708595
37782	-1492.344	-1589.921	97.57695	0.9218278	0.423145	0.576855	4.007129
37788	-1496.088	-1591.764	95.67602	0.688615	0.594455	0.405545	5.204973
37794	-1496.446	-1592.158	95.71218	0.7445302	0.458478	0.541522	5.154017
37800	-1493.197	-1591.874	98.6767	0.9456104	0.458478	0.541522	3.356826
37806	-1491.757	-1588.662	96.90465	0.9456104	0.297992	0.702008	4.375344
37812	-1488.574	-1586.602	98.02829	0.9316288	0.384349	0.615651	3.742384
37818	-1495.759	-1592.372	96.61306	0.9316288	0.438023	0.561977	4.547416
37824	-1487.698	-1584.409	96.71088	0.7412088	0.438023	0.561977	4.599402
37830	-1490.348	-1585.751	95.40288	0.7997894	0.567172	0.432828	5.294481
37836	-1480.873	-1578.142	97.26863	0.69168	0.396901	0.603099	4.313163
37842	-1489.563	-1582.996	93.43288	0.4854209	0.41302	0.58698	6.542492
37848	-1489.791	-1584.505	94.71398	0.5528611	0.461274	0.538726	5.808744
37854	-1490.401	-1587.745	97.34398	0.6922563	0.465337	0.534663	4.270194
37860	-1497.502	-1593.624	96.12256	0.7752011	0.460786	0.539214	4.90915
37866	-1495.87	-1590.323	94.45317	0.602793	0.406497	0.593503	5.924005
37872	-1491.819	-1587.683	95.86407	0.6316038	0.512328	0.487672	5.132436
37878	-1492.785	-1587.869	95.08403	0.4533325	0.517342	0.482658	5.660562
37884	-1495.191	-1592.637	97.4462	0.6279083	0.425861	0.574139	4.248741
37890	-1486.031	-1582.074	96.04275	0.4630053	0.479693	0.520307	5.126851
37896	-1475.555	-1571.524	95.96916	0.5365968	0.47345	0.52655	5.126851
37902	-1472.771	-1568.639	95.86848	0.7132125	0.492129	0.507871	5.084759
37908	-1472.141	-1570.753	98.61152	0.9154975	0.410505	0.589495	3.412727
37914	-1478.972	-1574.228	95.25555	0.5503191	0.575053	0.424947	5.51311
37920	-1481.44	-1577.799	96.35924	0.5459529	0.38111	0.61889	4.905012
37926	-1483.215	-1579.535	96.32028	0.5849162	0.452357	0.547643	4.905012
37932	-1496.677	-1595.11	98.43294	0.8760812	0.436642	0.563358	3.54004
37938	-1492.688	-1590.262	97.57423	0.8760812	0.476262	0.523738	4.034806
37944	-1488.701	-1585.328	96.62709	0.6890814	0.449712	0.550288	4.675572
37950	-1481.351	-1577.85	96.49884	0.8173356	0.538142	0.461858	4.675572
37956	-1477.658	-1572.581	94.92304	0.6809502	0.497971	0.502029	5.624008
37962	-1485.547	-1581.932	96.38528	0.6809502	0.437662	0.562338	4.815261
37968	-1487.307	-1583.49	96.18312	0.7220656	0.401185	0.598815	4.905018
37974	-1484.353	-1580.835	96.4817	0.6796817	0.435226	0.564774	4.762139
37980	-1481.801	-1578.098	96.29735	0.5053234	0.45391	0.54609	4.962057
37986	-1481.604	-1577.681	96.07714	0.725533	0.576943	0.423057	4.962057
37992	-1485.357	-1582.423	97.06573	0.9548576	0.412682	0.587318	4.279053
37998	-1481.068	-1576.67	95.60157	0.7735024	0.532544	0.467456	5.199197
38004	-1475.248	-1571.155	95.90687	0.468203	0.474755	0.525245	5.199197
38010	-1487.016	-1581.733	94.71722	0.7902912	0.439551	0.560449	5.676933
38016	-1481.43	-1577.045	95.61525	0.5909172	0.497662	0.502338	5.292549
38022	-1483.485	-1580.938	97.45246	0.7953404	0.388697	0.611303	4.150152
38028	-1483.378	-1580.831	97.45246	0.7953404	0.478133	0.521867	4.150152
38034	-1486.185	-1581.372	95.18664	0.7645925	0.412019	0.587981	5.433122
38040	-1484.301	-1580.778	96.47728	0.7645925	0.388722	0.611278	4.717148
38046	-1480.412	-1577.045	96.63339	0.6084805	0.388722	0.611278	4.717148
38052	-1484.132	-1579.377	95.24525	0.6084805	0.441611	0.558389	5.486788
38058	-1481.497	-1576.723	95.22606	0.6276738	0.314186	0.685814	5.486788
38064	-1474.373	-1569.395	95.02204	0.5495827	0.449398	0.550602	5.641768
38070	-1480.238	-1575.396	95.15808	0.4123081	0.279421	0.720579	5.642445
38076	-1478.162	-1573.217	95.05521	0.5151781	0.580264	0.419736	5.642445
38082	-1504.742	-1600.495	95.75343	0.5379599	0.430086	0.569914	5.245472
38088	-1500.886	-1597.109	96.22267	0.8347283	0.407267	0.592733	4.820189
38094	-1479.63	-1574.793	95.16377	0.555581	0.427756	0.572244	5.560664
38100	-1493.095	-1589.369	96.27408	0.6620348	0.444406	0.555594	4.887797
38106	-1496.09	-1593.623	97.53367	0.8107039	0.58912	0.41088	4.0952
38112	-1487.979	-1585.574	97.59481	0.7495644	0.609739	0.390261	4.0952
38118	-1493.634	-1591.117	97.48346	0.6801389	0.646785	0.353215	4.197986
38124	-1492.893	-1588.642	95.74868	0.6810472	0.279545	0.720455	5.168953
38130	-1495.372	-1590.244	94.87185	0.5635233	0.485853	0.514147	5.71647
38136	-1497.525	-1593.558	96.03312	0.6957551	0.489242	0.510758	5.003069
38142	-1490.514	-1587.163	96.64879	0.8713966	0.523106	0.476894	4.561178
38148	-1490.178	-1586.088	95.90982	0.5699201	0.523106	0.476894	5.141259
38154	-1486.383	-1582.078	95.69524	0.6021892	0.404817	0.595183	5.24213
38160	-1493.714	-1588.844	95.12942	0.6290439	0.454128	0.545872	5.539175
38166	-1499.026	-1594.277	95.25063	0.5078281	0.547015	0.452985	5.539175
38172	-1485.75	-1580.83	95.07982	0.5357287	0.465829	0.534171	5.617664
38178	-1485.3	-1580.338	95.03807	0.5774796	0.465829	0.534171	5.617664
38184	-1482.703	-1578.629	95.92558	0.6193627	0.373846	0.626154	5.105133
38190	-1492.255	-1588.191	95.93606	0.6088803	0.379947	0.620053	5.105133
38196	-1499.563	-1594.44	94.87711	0.5939166	0.379947	0.620053	5.696935
38202	-1483.137	-1579.924	96.78665	0.6187524	0.381969	0.618031	4.625584
38208	-1490.799	-1586.923	96.12373	0.6692208	0.381969	0.618031	4.967462
38214	-1490.304	-1586.741	96.43751	0.6692208	0.510962	0.489038	4.792658
38220	-1494.336	-1590.472	96.13551	0.5480083	0.471236	0.528764	5.028262
38226	-1487.112	-1583.23	96.11769	0.5946035	0.360734	0.639266	5.012283
38232	-1483.132	-1579.345	96.21384	0.4984501	0.364167	0.635833	5.012283
38238	-1473.359	-1567.995	94.63557	0.4757615	0.468737	0.531263	5.893763
38244	-1483.224	-1579.772	96.54735	0.5026865	0.470478	0.529522	4.824295
38250	-1486.135	-1583.53	97.39539	0.9604573	0.379451	0.620549	4.088667
38256	-1480.434	-1576.313	95.87905	0.7289712	0.534899	0.465101	5.070158
38262	-1489.631	-1585.085	95.45394	0.9343303	0.382464	0.617536	5.191899
38268	-1491.247	-1587.206	95.95929	0.8858117	0.42384	0.57616	4.938459
38274	-1489.723	-1587.193	97.47001	0.7146395	0.429359	0.570641	4.186036
38280	-1509.646	-1603.774	94.12866	0.3994224	0.537711	0.462289	6.211652
38286	-1495.551	-1591.737	96.18606	0.8951428	0.290277	0.709723	4.806909
38292	-1497.404	-1592.404	95.00024	0.5258495	0.557261	0.442739	5.666746
38298	-1489.734	-1585.981	96.24727	0.5193853	0.548524	0.451476	4.982078
38304	-1473.603	-1570.168	96.5653	0.5585158	0.454207	0.545793	4.783122
38310	-1469.734	-1565.146	95.41211	0.586639	0.576849	0.423151	5.406952
38316	-1475.494	-1570.356	94.86186	0.5809397	0.473051	0.526949	5.712401
38322	-1472.902	-1568.726	95.82373	0.4948012	0.488224	0.511776	5.230465
38328	-1473.239	-1569.494	96.25502	0.4948012	0.488224	0.511776	4.991431
38334	-1480.492	-1574.422	93.92978	0.4948816	0.463169	0.536831	6.267867
38340	-1489.874	-1584.344	94.47074	0.2776887	0.567348	0.432652	6.091736
38346	-1491.259	-1585.702	94.44378	0.304646	0.414985	0.585015	6.091736
38352	-1485.363	-1580.661	95.29797	0.4573035	0.548956	0.451044	5.540926
38358	-1483.578	-1579.874	96.29596	0.5957494	0.521241	0.478759	4.912523
38364	-1480.414	-1575.195	94.7804	0.4506905	0.565504	0.434496	5.8283
38370	-1483.86	-1578.994	95.13399	0.3961576	0.455582	0.544418	5.664521
38376	-1485.52	-1582.931	97.41115	0.6762386	0.379228	0.620772	4.241213
38382	-1474.437	-1570.342	95.9052	0.4468424	0.40878	0.59122	5.211937
38388	-1487.317	-1582.596	95.2793	0.2823037	0.319541	0.680459	5.647265
38394	-1475.693	-1573.663	97.96997	0.8287873	0.549655	0.450345	3.835217
38400	-1496.068	-1590.216	94.14789	0.4906022	0.424193	0.575807	6.151591
38406	-1484.384	-1581.298	96.91446	0.9000161	0.424193	0.575807	4.39554
38412	-1475.489	-1572.343	96.85425	0.7563946	0.574855	0.425145	4.510345
38418	-1486.418	-1581.74	95.3225	0.6214211	0.492037	0.507963	5.437147
38424	-1469.706	-1567.494	97.78792	0.8283982	0.532776	0.467224	3.939899
38430	-1478.071	-1574.251	96.1807	0.8665436	0.54451	0.45549	4.825855
38436	-1475.433	-1572.837	97.40372	0.813534	0.54599	0.45401	4.167517
38442	-1491.957	-1589.03	97.0729	0.4570509	0.359607	0.640393	4.555698
38448	-1486.431	-1582.166	95.73439	0.5757175	0.368872	0.631128	5.235124
38454	-1488.665	-1585.913	97.2475	0.6446792	0.598788	0.401212	4.351671
38460	-1469.328	-1564.387	95.05925	0.7304481	0.541725	0.458275	5.522004
38466	-1474.684	-1570.114	95.43003	0.5473184	0.50656	0.49344	5.418738
38472	-1490.118	-1586.174	96.05591	0.504961	0.592587	0.407413	5.096301
38478	-1476.895	-1572.81	95.91541	0.504961	0.392329	0.607671	5.174131
38484	-1477.412	-1572.594	95.1814	0.6045173	0.552955	0.447045	5.524079
38490	-1478.46	-1573.369	94.90952	0.5042088	0.547034	0.452966	5.728328
38496	-1480.85	-1577.97	97.11943	0.604539	0.491476	0.508524	4.44656
38502	-1488.501	-1583.804	95.30345	0.346719	0.483056	0.516944	5.59866
38508	-1493.669	-1587.872	94.20202	0.6802212	0.415013	0.584987	6.018803
38514	-1488.263	-1582.764	94.50155	0.5369809	0.415013	0.584987	5.933525
38520	-1482.944	-1579.774	96.82991	0.4025042	0.427173	0.572827	4.722439
38526	-1483.145	-1579.552	96.40666	0.8257562	0.49027	0.50973	4.722439
38532	-1484.828	-1580.411	95.58264	0.5889594	0.432863	0.567137	5.31163
38538	-1496.268	-1590.849	94.58151	0.2691293	0.42555	0.57445	6.036038
38544	-1477.766	-1574.096	96.33006	0.5236459	0.487371	0.512629	4.933672
38550	-1491.942	-1588.46	96.51846	0.4630851	0.487371	0.512629	4.862483
38556	-1497.905	-1593.252	95.34779	0.5287056	0.540205	0.459795	5.474263
38562	-1487.009	-1582.902	95.89309	0.524012	0.585707	0.414293	5.175943
38568	-1486.566	-1580.698	94.13201	0.5032686	0.457137	0.542863	6.153342
38574	-1483.002	-1577.881	94.87891	0.4155547	0.507372	0.492628	5.793626
38580	-1491.861	-1586.379	94.51777	0.5604297	0.385024	0.614976	5.911865
38586	-1487.667	-1583.787	96.12084	0.6901517	0.374686	0.625314	4.957431
38592	-1486.055	-1583.384	97.32961	0.6901517	0.556767	0.443233	4.279523
38598	-1486.822	-1583.568	96.74552	0.7950064	0.524226	0.475774	4.549756
38604	-1493.81	-1591.868	98.05843	0.586948	0.456647	0.543353	3.923253
38610	-1476.972	-1571.874	94.90196	0.8922554	0.456647	0.543353	5.519521
38616	-1471.598	-1567.71	96.11291	0.5105654	0.525373	0.474627	5.061584
38622	-1480.038	-1575.235	95.19701	0.6746246	0.391416	0.608584	5.476936
38628	-1481.928	-1580.29	98.36201	0.7544434	0.612354	0.387646	3.651874
38634	-1476.612	-1573.211	96.59889	0.519614	0.549394	0.450606	4.786088
38640	-1473.841	-1567.608	93.76656	0.4455663	0.445196	0.554804	6.38326
38646	-1484.908	-1578.674	93.76529	0.4468306	0.455275	0.544725	6.38326
38652	-1478.571	-1574.761	96.19024	0.3897837	0.499556	0.500444	5.085686
38658	-1480.616	-1576.207	95.59074	0.6759205	0.540069	0.459931	5.259137
38664	-1480.326	-1575.54	95.21331	0.6446603	0.516066	0.483934	5.484455
38670	-1477.055	-1573.856	96.80093	0.7844466	0.446847	0.553153	4.52455
38676	-1484.262	-1581.229	96.96719	0.721961	0.557138	0.442862	4.466174
38682	-1483.436	-1579.766	96.32962	0.8702038	0.480344	0.519656	4.740655
38688	-1484.566	-1581.024	96.45811	0.7417221	0.487225	0.512775	4.740655
38694	-1492.105	-1587.439	95.33394	0.9276534	0.378501	0.621499	5.261937
38700	-1487.361	-1582.914	95.55367	0.7079231	0.487123	0.512877	5.261937
38706	-1485.798	-1581.389	95.59103	0.6705598	0.392337	0.607663	5.261937
38712	-1476.132	-1574.597	98.46509	0.8529615	0.53319	0.46681	3.534781
38718	-1481.109	-1577.747	96.63825	0.6716033	0.461209	0.538791	4.67911
38724	-1483.622	-1580.087	96.46567	0.6716033	0.461209	0.538791	4.775607
38730	-1488.159	-1584.303	96.1437	0.7139141	0.501436	0.498564	4.931494
38736	-1488.053	-1584.956	96.90316	0.6051216	0.479222	0.520778	4.567865
38742	-1495.519	-1591.834	96.31563	0.706185	0.350999	0.649001	4.840038
38748	-1482.412	-1578.839	96.42707	0.5947425	0.406547	0.593453	4.840038
38754	-1473.367	-1569.33	95.96335	0.5613913	0.482509	0.517491	5.116331
38760	-1479.474	-1576.17	96.69627	0.4929811	0.414276	0.585724	4.746565
38766	-1472.363	-1568.856	96.49238	0.6968705	0.539904	0.460096	4.746565
38772	-1479.853	-1575.948	96.09444	0.5912144	0.499977	0.500023	5.027073
38778	-1477.483	-1572.246	94.76299	0.4992665	0.471965	0.528035	5.811249
38784	-1476.116	-1570.918	94.80261	0.4596507	0.471965	0.528035	5.811249
38790	-1476.459	-1571.688	95.22919	0.4181122	0.53902	0.46098	5.600232
38796	-1482.868	-1577.679	94.81082	0.5587094	0.526039	0.473961	5.75254
38802	-1480.336	-1576.497	96.16087	0.4451174	0.526039	0.473961	5.071283
38808	-1482.802	-1579.035	96.23267	0.3733225	0.477679	0.522321	5.071283
38814	-1480.817	-1578.451	97.6337	0.7195145	0.608382	0.391618	4.090165
38820	-1478.488	-1576.773	98.28487	0.7827302	0.354501	0.645499	3.680159
38826	-1475.357	-1571.753	96.39596	0.4364163	0.504635	0.495365	4.945534
38832	-1480.581	-1575.886	95.30459	0.7466226	0.405883	0.594117	5.378035
38838	-1486.228	-1582.523	96.29483	0.4889954	0.532914	0.467086	4.972531
38802	-1962.788	-2054.149	91.3603	0.7495058	0.207893	0.792107	7.516102
38808	-2228.151	-2254.104	25.95292	7.248113	0.557354	0.442646	37.77783
40206	-5.751148e+70	-2588.762	-5.751148e+70	5.751148e+70	0.0988195	0.90118	6.618646e+26
41604	-1.366531e+139	-2588.762	-1.366531e+139	1.366531e+139	0.00276943	0.997231	1.58033e+47
